id_pemesanan,pemesanan_kamar,uang_muka,status_uang_muka,bukti_transfer,tenggat_uang_muka,mulai_menempati_kos,batas_menempati_kos,status,id_penyewa,idKamar
1,2024-01-01,375000,Sudah Bayar,,2024-01-04,2024-01-04,2024-04-03,Dikonfirmasi,1,42
2,2024-01-08,375000,Sudah Bayar,,2024-01-11,2024-01-11,2024-04-10,Dikonfirmasi,2,2
3,2024-01-06,375000,Sudah Bayar,,2024-01-09,2024-01-09,2024-02-08,Dikonfirmasi,3,74
4,2024-01-04,350000,Sudah Bayar,,2024-01-07,2024-01-07,2024-04-06,Dikonfirmasi,4,25
5,2024-01-16,375000,Sudah Bayar,,2024-01-19,2024-01-19,2024-02-18,Dikonfirmasi,5,34
6,2024-01-01,300000,Sudah Bayar,,2024-01-04,2024-01-03,2024-06-01,Dikonfirmasi,6,60
7,2024-01-03,375000,Sudah Bayar,,2024-01-06,2024-01-06,2024-06-04,Dikonfirmasi,7,56
8,2024-01-21,350000,Sudah Bayar,,2024-01-24,2024-01-22,2024-04-21,Dikonfirmasi,8,55
9,2023-12-31,300000,Sudah Bayar,,2024-01-03,2024-01-02,2024-04-01,Dikonfirmasi,9,95
10,2024-01-22,375000,Sudah Bayar,,2024-01-25,2024-01-23,2024-02-22,Dikonfirmasi,10,38
11,2024-01-21,300000,Sudah Bayar,,2024-01-24,2024-01-22,2024-04-21,Dikonfirmasi,11,40
12,2024-01-13,350000,Sudah Bayar,,2024-01-16,2024-01-15,2024-06-13,Dikonfirmasi,12,70
13,2024-01-16,350000,Sudah Bayar,,2024-01-19,2024-01-19,2024-02-18,Dikonfirmasi,13,101
14,2024-01-17,350000,Sudah Bayar,,2024-01-20,2024-01-18,2024-06-16,Dikonfirmasi,14,88
15,2024-01-05,300000,Sudah Bayar,,2024-01-08,2024-01-07,2024-06-05,Dikonfirmasi,15,96
16,2024-01-10,375000,Sudah Bayar,,2024-01-13,2024-01-12,2024-04-11,Dikonfirmasi,16,15
17,2024-01-15,350000,Sudah Bayar,,2024-01-18,2024-01-16,2024-02-15,Dikonfirmasi,17,12
18,2024-01-24,375000,Sudah Bayar,,2024-01-27,2024-01-26,2024-02-25,Dikonfirmasi,18,57
19,2023-12-31,300000,Sudah Bayar,,2024-01-03,2024-01-01,2024-05-30,Dikonfirmasi,19,14
20,2024-01-21,300000,Sudah Bayar,,2024-01-24,2024-01-23,2024-02-22,Dikonfirmasi,20,41
21,2024-01-06,350000,Sudah Bayar,,2024-01-09,2024-01-09,2024-04-08,Dikonfirmasi,21,67
22,2024-02-11,375000,Sudah Bayar,,2024-02-14,2024-02-14,2024-03-15,Dikonfirmasi,22,27
23,2024-02-23,375000,Sudah Bayar,,2024-02-26,2024-02-25,2024-07-24,Dikonfirmasi,23,22
24,2024-02-03,375000,Sudah Bayar,,2024-02-06,2024-02-04,2024-05-04,Dikonfirmasi,24,79
25,2024-02-21,375000,Sudah Bayar,,2024-02-24,2024-02-22,2024-07-21,Dikonfirmasi,25,29
26,2024-02-13,350000,Sudah Bayar,,2024-02-16,2024-02-15,2024-07-14,Dikonfirmasi,26,80
27,2024-02-20,375000,Sudah Bayar,,2024-02-23,2024-02-22,2024-07-21,Dikonfirmasi,27,16
28,2024-02-06,375000,Sudah Bayar,,2024-02-09,2024-02-08,2024-03-09,Dikonfirmasi,28,92
29,2024-02-18,350000,Sudah Bayar,,2024-02-21,2024-02-21,2024-07-20,Dikonfirmasi,29,32
30,2024-02-10,350000,Sudah Bayar,,2024-02-13,2024-02-13,2024-05-13,Dikonfirmasi,30,50
31,2024-02-18,375000,Sudah Bayar,,2024-02-21,2024-02-19,2024-05-19,Dikonfirmasi,31,31
32,2024-02-17,300000,Sudah Bayar,,2024-02-20,2024-02-19,2024-03-20,Dikonfirmasi,32,105
33,2024-02-02,350000,Sudah Bayar,,2024-02-05,2024-02-04,2024-03-05,Dikonfirmasi,33,90
34,2024-02-23,300000,Sudah Bayar,,2024-02-26,2024-02-24,2024-07-23,Dikonfirmasi,34,85
35,2024-02-08,375000,Sudah Bayar,,2024-02-11,2024-02-11,2024-07-10,Dikonfirmasi,35,24
36,2024-01-30,350000,Sudah Bayar,,2024-02-02,2024-02-02,2024-03-03,Dikonfirmasi,36,26
37,2024-02-29,300000,Sudah Bayar,,2024-03-03,2024-03-01,2024-07-29,Dikonfirmasi,37,35
38,2024-03-10,375000,Sudah Bayar,,2024-03-13,2024-03-13,2024-04-12,Dikonfirmasi,38,5
39,2024-03-04,375000,Sudah Bayar,,2024-03-07,2024-03-07,2024-04-06,Dikonfirmasi,39,39
40,2024-03-13,375000,Sudah Bayar,,2024-03-16,2024-03-14,2024-06-12,Dikonfirmasi,40,69
41,2024-03-16,350000,Sudah Bayar,,2024-03-19,2024-03-19,2024-06-17,Dikonfirmasi,41,49
42,2024-03-29,350000,Sudah Bayar,,2024-04-01,2024-04-01,2024-06-30,Dikonfirmasi,42,81
43,2024-04-07,350000,Sudah Bayar,,2024-04-10,2024-04-08,2024-09-05,Dikonfirmasi,43,84
44,2024-04-21,375000,Sudah Bayar,,2024-04-24,2024-04-22,2024-05-22,Dikonfirmasi,44,83
45,2024-04-21,375000,Sudah Bayar,,2024-04-24,2024-04-22,2024-09-19,Dikonfirmasi,45,71
46,2024-04-25,350000,Sudah Bayar,,2024-04-28,2024-04-26,2024-07-25,Dikonfirmasi,46,65
47,2024-04-01,300000,Sudah Bayar,,2024-04-04,2024-04-03,2024-05-03,Dikonfirmasi,47,8
48,2024-04-01,300000,Sudah Bayar,,2024-04-04,2024-04-03,2024-05-03,Dikonfirmasi,48,97
49,2024-04-15,375000,Sudah Bayar,,2024-04-18,2024-04-17,2024-09-14,Dikonfirmasi,49,11
50,2024-04-24,350000,Sudah Bayar,,2024-04-27,2024-04-27,2024-09-24,Dikonfirmasi,50,45
51,2024-04-16,375000,Sudah Bayar,,2024-04-19,2024-04-18,2024-09-15,Dikonfirmasi,51,53
52,2024-04-24,300000,Sudah Bayar,,2024-04-27,2024-04-25,2024-09-22,Dikonfirmasi,52,101
53,2024-04-13,375000,Sudah Bayar,,2024-04-16,2024-04-14,2024-07-13,Dikonfirmasi,53,12
54,2024-04-10,350000,Sudah Bayar,,2024-04-13,2024-04-11,2024-05-11,Dikonfirmasi,54,52
55,2024-04-23,350000,Sudah Bayar,,2024-04-26,2024-04-24,2024-05-24,Dikonfirmasi,55,42
56,2024-04-16,350000,Sudah Bayar,,2024-04-19,2024-04-19,2024-07-18,Dikonfirmasi,56,87
57,2024-03-31,300000,Sudah Bayar,,2024-04-03,2024-04-01,2024-08-29,Dikonfirmasi,57,33
58,2024-04-11,300000,Sudah Bayar,,2024-04-14,2024-04-14,2024-05-14,Dikonfirmasi,58,20
59,2024-04-12,375000,Sudah Bayar,,2024-04-15,2024-04-13,2024-09-10,Dikonfirmasi,59,1
60,2024-04-05,300000,Sudah Bayar,,2024-04-08,2024-04-08,2024-07-07,Dikonfirmasi,60,46
61,2024-04-24,375000,Sudah Bayar,,2024-04-27,2024-04-27,2024-09-24,Dikonfirmasi,61,76
62,2024-04-22,375000,Sudah Bayar,,2024-04-25,2024-04-23,2024-07-22,Dikonfirmasi,62,95
63,2024-04-12,350000,Sudah Bayar,,2024-04-15,2024-04-14,2024-07-13,Dikonfirmasi,63,47
64,2024-04-11,300000,Sudah Bayar,,2024-04-14,2024-04-12,2024-07-11,Dikonfirmasi,64,89
65,2024-04-19,300000,Sudah Bayar,,2024-04-22,2024-04-22,2024-07-21,Dikonfirmasi,65,106
66,2024-03-29,350000,Sudah Bayar,,2024-04-01,2024-04-01,2024-05-01,Dikonfirmasi,66,54
67,2024-05-21,300000,Sudah Bayar,,2024-05-24,2024-05-22,2024-08-20,Dikonfirmasi,67,68
68,2024-05-18,350000,Sudah Bayar,,2024-05-21,2024-05-21,2024-08-19,Dikonfirmasi,68,66
69,2024-05-05,300000,Sudah Bayar,,2024-05-08,2024-05-06,2024-06-05,Dikonfirmasi,69,8
70,2024-05-24,300000,Sudah Bayar,,2024-05-27,2024-05-25,2024-06-24,Dikonfirmasi,70,92
71,2024-05-19,350000,Sudah Bayar,,2024-05-22,2024-05-20,2024-06-19,Dikonfirmasi,71,15
72,2024-06-13,350000,Sudah Bayar,,2024-06-16,2024-06-14,2024-11-11,Dikonfirmasi,72,18
73,2024-06-21,300000,Sudah Bayar,,2024-06-24,2024-06-22,2024-11-19,Dikonfirmasi,73,15
74,2024-06-10,350000,Sudah Bayar,,2024-06-13,2024-06-12,2024-09-10,Dikonfirmasi,74,44
75,2024-06-16,350000,Sudah Bayar,,2024-06-19,2024-06-17,2024-07-17,Dikonfirmasi,75,54
76,2024-06-20,350000,Sudah Bayar,,2024-06-23,2024-06-22,2024-09-20,Dikonfirmasi,76,55
77,2024-06-14,375000,Sudah Bayar,,2024-06-17,2024-06-15,2024-11-12,Dikonfirmasi,77,100
78,2024-06-17,350000,Sudah Bayar,,2024-06-20,2024-06-20,2024-07-20,Dikonfirmasi,78,72
79,2024-05-31,375000,Sudah Bayar,,2024-06-03,2024-06-02,2024-07-02,Dikonfirmasi,79,97
80,2024-06-03,300000,Sudah Bayar,,2024-06-06,2024-06-04,2024-11-01,Dikonfirmasi,80,90
81,2024-06-06,350000,Sudah Bayar,,2024-06-09,2024-06-08,2024-11-05,Dikonfirmasi,81,52
82,2024-06-15,350000,Sudah Bayar,,2024-06-18,2024-06-17,2024-09-15,Dikonfirmasi,82,30
83,2024-06-11,375000,Sudah Bayar,,2024-06-14,2024-06-13,2024-11-10,Dikonfirmasi,83,43
84,2024-06-03,375000,Sudah Bayar,,2024-06-06,2024-06-05,2024-11-02,Dikonfirmasi,84,20
85,2024-06-21,300000,Sudah Bayar,,2024-06-24,2024-06-22,2024-11-19,Dikonfirmasi,85,104
86,2024-06-17,375000,Sudah Bayar,,2024-06-20,2024-06-18,2024-09-16,Dikonfirmasi,86,99
87,2024-06-01,375000,Sudah Bayar,,2024-06-04,2024-06-03,2024-07-03,Dikonfirmasi,87,64
88,2024-06-17,350000,Sudah Bayar,,2024-06-20,2024-06-19,2024-11-16,Dikonfirmasi,88,19
89,2024-06-11,300000,Sudah Bayar,,2024-06-14,2024-06-12,2024-09-10,Dikonfirmasi,89,31
90,2024-06-22,350000,Sudah Bayar,,2024-06-25,2024-06-24,2024-09-22,Dikonfirmasi,90,67
91,2024-06-13,300000,Sudah Bayar,,2024-06-16,2024-06-14,2024-09-12,Dikonfirmasi,91,105
92,2024-06-01,300000,Sudah Bayar,,2024-06-04,2024-06-02,2024-08-31,Dikonfirmasi,92,102
93,2024-07-13,375000,Sudah Bayar,,2024-07-16,2024-07-14,2024-08-13,Dikonfirmasi,93,57
94,2024-07-24,300000,Sudah Bayar,,2024-07-27,2024-07-27,2024-08-26,Dikonfirmasi,94,77
95,2024-07-01,300000,Sudah Bayar,,2024-07-04,2024-07-02,2024-09-30,Dikonfirmasi,95,2
96,2024-07-22,375000,Sudah Bayar,,2024-07-25,2024-07-25,2024-10-23,Dikonfirmasi,96,28
97,2024-07-24,300000,Sudah Bayar,,2024-07-27,2024-07-27,2024-12-24,Dikonfirmasi,97,79
98,2024-07-04,300000,Sudah Bayar,,2024-07-07,2024-07-06,2024-12-03,Dikonfirmasi,98,59
99,2024-07-04,300000,Sudah Bayar,,2024-07-07,2024-07-05,2024-08-04,Dikonfirmasi,99,4
100,2024-07-19,375000,Sudah Bayar,,2024-07-22,2024-07-22,2024-10-20,Dikonfirmasi,100,83
101,2024-07-06,375000,Sudah Bayar,,2024-07-09,2024-07-07,2024-08-06,Dikonfirmasi,101,42
102,2024-07-23,300000,Sudah Bayar,,2024-07-26,2024-07-24,2024-10-22,Dikonfirmasi,102,94
103,2024-07-02,300000,Sudah Bayar,,2024-07-05,2024-07-05,2024-10-03,Dikonfirmasi,103,96
104,2024-07-12,350000,Sudah Bayar,,2024-07-15,2024-07-14,2024-08-13,Dikonfirmasi,104,62
105,2024-07-08,375000,Sudah Bayar,,2024-07-11,2024-07-09,2024-10-07,Dikonfirmasi,105,81
106,2024-07-10,300000,Sudah Bayar,,2024-07-13,2024-07-13,2024-08-12,Dikonfirmasi,106,34
107,2024-07-13,350000,Sudah Bayar,,2024-07-16,2024-07-14,2024-08-13,Dikonfirmasi,107,39
108,2024-06-30,375000,Sudah Bayar,,2024-07-03,2024-07-02,2024-09-30,Dikonfirmasi,108,49
109,2024-07-02,350000,Sudah Bayar,,2024-07-05,2024-07-05,2024-12-02,Dikonfirmasi,109,3
110,2024-07-22,375000,Sudah Bayar,,2024-07-25,2024-07-24,2024-08-23,Dikonfirmasi,110,6
111,2024-07-04,300000,Sudah Bayar,,2024-07-07,2024-07-05,2024-10-03,Dikonfirmasi,111,98
112,2024-07-02,300000,Sudah Bayar,,2024-07-05,2024-07-05,2024-12-02,Dikonfirmasi,112,61
113,2024-07-01,350000,Sudah Bayar,,2024-07-04,2024-07-03,2024-08-02,Dikonfirmasi,113,60
114,2024-08-22,375000,Sudah Bayar,,2024-08-25,2024-08-25,2024-09-24,Dikonfirmasi,114,41
115,2024-08-06,300000,Sudah Bayar,,2024-08-09,2024-08-07,2024-11-05,Dikonfirmasi,115,50
116,2024-08-12,375000,Sudah Bayar,,2024-08-15,2024-08-14,2025-01-11,Dikonfirmasi,116,62
117,2024-08-03,300000,Sudah Bayar,,2024-08-06,2024-08-05,2024-09-04,Dikonfirmasi,117,69
118,2024-08-06,350000,Sudah Bayar,,2024-08-09,2024-08-07,2024-09-06,Dikonfirmasi,118,13
119,2024-08-18,375000,Sudah Bayar,,2024-08-21,2024-08-20,2025-01-17,Dikonfirmasi,119,65
120,2024-08-25,300000,Sudah Bayar,,2024-08-28,2024-08-26,2024-11-24,Dikonfirmasi,120,93
121,2024-08-16,375000,Sudah Bayar,,2024-08-19,2024-08-19,2025-01-16,Dikonfirmasi,121,32
122,2024-08-21,350000,Sudah Bayar,,2024-08-24,2024-08-24,2025-01-21,Dikonfirmasi,122,37
123,2024-08-16,300000,Sudah Bayar,,2024-08-19,2024-08-18,2024-11-16,Dikonfirmasi,123,58
124,2024-08-05,350000,Sudah Bayar,,2024-08-08,2024-08-07,2024-11-05,Dikonfirmasi,124,36
125,2024-08-06,375000,Sudah Bayar,,2024-08-09,2024-08-08,2024-11-06,Dikonfirmasi,125,25
126,2024-08-06,350000,Sudah Bayar,,2024-08-09,2024-08-07,2024-09-06,Dikonfirmasi,126,85
127,2024-08-22,375000,Sudah Bayar,,2024-08-25,2024-08-23,2025-01-20,Dikonfirmasi,127,39
128,2024-08-01,375000,Sudah Bayar,,2024-08-04,2024-08-03,2024-12-31,Dikonfirmasi,128,89
129,2024-08-12,350000,Sudah Bayar,,2024-08-15,2024-08-15,2024-09-14,Dikonfirmasi,129,12
130,2024-07-29,300000,Sudah Bayar,,2024-08-01,2024-08-01,2024-12-29,Dikonfirmasi,130,38
131,2024-07-30,375000,Sudah Bayar,,2024-08-02,2024-08-02,2024-10-31,Dikonfirmasi,131,80
132,2024-08-10,300000,Sudah Bayar,,2024-08-13,2024-08-11,2024-09-10,Dikonfirmasi,132,95
133,2024-08-05,350000,Sudah Bayar,,2024-08-08,2024-08-06,2025-01-03,Dikonfirmasi,133,64
134,2024-08-13,375000,Sudah Bayar,,2024-08-16,2024-08-14,2024-11-12,Dikonfirmasi,134,5
135,2024-08-18,375000,Sudah Bayar,,2024-08-21,2024-08-19,2025-01-16,Dikonfirmasi,135,8
136,2024-08-15,375000,Sudah Bayar,,2024-08-18,2024-08-18,2024-11-16,Dikonfirmasi,136,92
137,2024-08-12,350000,Sudah Bayar,,2024-08-15,2024-08-15,2024-09-14,Dikonfirmasi,137,87
138,2024-08-03,300000,Sudah Bayar,,2024-08-06,2024-08-04,2024-09-03,Dikonfirmasi,138,73
139,2024-08-20,350000,Sudah Bayar,,2024-08-23,2024-08-22,2024-09-21,Dikonfirmasi,139,4
140,2024-08-16,300000,Sudah Bayar,,2024-08-19,2024-08-17,2024-09-16,Dikonfirmasi,140,9
141,2024-07-30,300000,Sudah Bayar,,2024-08-02,2024-08-01,2024-12-29,Dikonfirmasi,141,27
142,2024-08-06,300000,Sudah Bayar,,2024-08-09,2024-08-09,2025-01-06,Dikonfirmasi,142,24
143,2024-08-14,300000,Sudah Bayar,,2024-08-17,2024-08-15,2024-09-14,Dikonfirmasi,143,10
144,2024-09-23,300000,Sudah Bayar,,2024-09-26,2024-09-26,2025-02-23,Dikonfirmasi,144,60
145,2024-09-01,300000,Sudah Bayar,,2024-09-04,2024-09-02,2024-10-02,Dikonfirmasi,145,42
146,2024-09-13,350000,Sudah Bayar,,2024-09-16,2024-09-14,2024-10-14,Dikonfirmasi,146,91
147,2024-09-05,300000,Sudah Bayar,,2024-09-08,2024-09-08,2025-02-05,Dikonfirmasi,147,35
148,2024-09-05,350000,Sudah Bayar,,2024-09-08,2024-09-07,2025-02-04,Dikonfirmasi,148,16
149,2024-09-16,300000,Sudah Bayar,,2024-09-19,2024-09-19,2025-02-16,Dikonfirmasi,149,17
150,2024-09-25,375000,Sudah Bayar,,2024-09-28,2024-09-27,2025-02-24,Dikonfirmasi,150,105
151,2024-08-31,375000,Sudah Bayar,,2024-09-03,2024-09-01,2024-11-30,Dikonfirmasi,151,78
152,2024-09-11,300000,Sudah Bayar,,2024-09-14,2024-09-12,2024-10-12,Dikonfirmasi,152,103
153,2024-09-05,375000,Sudah Bayar,,2024-09-08,2024-09-08,2024-12-07,Dikonfirmasi,153,57
154,2024-09-11,375000,Sudah Bayar,,2024-09-14,2024-09-14,2024-12-13,Dikonfirmasi,154,34
155,2024-09-13,375000,Sudah Bayar,,2024-09-16,2024-09-16,2024-10-16,Dikonfirmasi,155,85
156,2024-09-23,300000,Sudah Bayar,,2024-09-26,2024-09-24,2025-02-21,Dikonfirmasi,156,10
157,2024-09-06,350000,Sudah Bayar,,2024-09-09,2024-09-07,2025-02-04,Dikonfirmasi,157,70
158,2024-09-22,350000,Sudah Bayar,,2024-09-25,2024-09-24,2025-02-21,Dikonfirmasi,158,29
159,2024-09-19,350000,Sudah Bayar,,2024-09-22,2024-09-22,2024-10-22,Dikonfirmasi,159,14
160,2024-09-02,350000,Sudah Bayar,,2024-09-05,2024-09-04,2024-10-04,Dikonfirmasi,160,73
161,2024-09-08,350000,Sudah Bayar,,2024-09-11,2024-09-09,2024-12-08,Dikonfirmasi,161,68
162,2024-09-17,350000,Sudah Bayar,,2024-09-20,2024-09-20,2024-12-19,Dikonfirmasi,162,13
163,2024-09-23,375000,Sudah Bayar,,2024-09-26,2024-09-25,2024-10-25,Dikonfirmasi,163,88
164,2024-09-23,350000,Sudah Bayar,,2024-09-26,2024-09-24,2024-10-24,Dikonfirmasi,164,55
165,2024-09-22,300000,Sudah Bayar,,2024-09-25,2024-09-23,2025-02-20,Dikonfirmasi,165,74
166,2024-09-04,375000,Sudah Bayar,,2024-09-07,2024-09-07,2024-12-06,Dikonfirmasi,166,72
167,2024-09-23,350000,Sudah Bayar,,2024-09-26,2024-09-24,2024-12-23,Dikonfirmasi,167,31
168,2024-09-03,375000,Sudah Bayar,,2024-09-06,2024-09-06,2024-10-06,Dikonfirmasi,168,106
169,2024-10-10,350000,Sudah Bayar,,2024-10-13,2024-10-13,2025-03-12,Dikonfirmasi,169,44
170,2024-10-12,300000,Sudah Bayar,,2024-10-15,2024-10-15,2025-01-13,Dikonfirmasi,170,49
171,2024-09-30,350000,Sudah Bayar,,2024-10-03,2024-10-01,2024-10-31,Dikonfirmasi,171,2
172,2024-09-30,350000,Sudah Bayar,,2024-10-03,2024-10-03,2025-01-01,Dikonfirmasi,172,51
173,2024-10-25,300000,Sudah Bayar,,2024-10-28,2024-10-26,2024-11-25,Dikonfirmasi,173,77
174,2024-10-26,375000,Sudah Bayar,,2024-10-29,2024-10-27,2024-11-26,Dikonfirmasi,174,46
175,2024-10-04,300000,Sudah Bayar,,2024-10-07,2024-10-07,2024-11-06,Dikonfirmasi,175,86
176,2024-10-10,375000,Sudah Bayar,,2024-10-13,2024-10-12,2025-01-10,Dikonfirmasi,176,76
177,2024-11-17,350000,Sudah Bayar,,2024-11-20,2024-11-19,2024-12-19,Dikonfirmasi,177,1
178,2024-11-02,375000,Sudah Bayar,,2024-11-05,2024-11-05,2025-04-04,Dikonfirmasi,178,88
179,2024-11-13,350000,Sudah Bayar,,2024-11-16,2024-11-15,2025-02-13,Dikonfirmasi,179,98
180,2024-11-11,300000,Sudah Bayar,,2024-11-14,2024-11-14,2025-02-12,Dikonfirmasi,180,102
181,2024-11-24,300000,Sudah Bayar,,2024-11-27,2024-11-27,2024-12-27,Dikonfirmasi,181,86
182,2024-11-22,300000,Sudah Bayar,,2024-11-25,2024-11-23,2025-04-22,Dikonfirmasi,182,25
183,2024-11-17,350000,Sudah Bayar,,2024-11-20,2024-11-19,2025-02-17,Dikonfirmasi,183,56
184,2024-11-22,375000,Sudah Bayar,,2024-11-25,2024-11-24,2025-02-22,Dikonfirmasi,184,22
185,2024-11-01,375000,Sudah Bayar,,2024-11-04,2024-11-03,2024-12-03,Dikonfirmasi,185,66
186,2024-11-15,375000,Sudah Bayar,,2024-11-18,2024-11-16,2024-12-16,Dikonfirmasi,186,2
187,2024-11-11,350000,Sudah Bayar,,2024-11-14,2024-11-14,2025-04-13,Dikonfirmasi,187,14
188,2024-11-14,300000,Sudah Bayar,,2024-11-17,2024-11-17,2024-12-17,Dikonfirmasi,188,41
189,2024-11-18,300000,Sudah Bayar,,2024-11-21,2024-11-20,2025-04-19,Dikonfirmasi,189,7
190,2024-11-09,350000,Sudah Bayar,,2024-11-12,2024-11-12,2024-12-12,Dikonfirmasi,190,48
191,2024-11-12,350000,Sudah Bayar,,2024-11-15,2024-11-14,2024-12-14,Dikonfirmasi,191,71
192,2024-12-23,300000,Sudah Bayar,,2024-12-26,2024-12-25,2025-05-24,Dikonfirmasi,192,66
193,2024-12-22,300000,Sudah Bayar,,2024-12-25,2024-12-24,2025-05-23,Dikonfirmasi,193,101
194,2024-11-30,350000,Sudah Bayar,,2024-12-03,2024-12-01,2025-04-30,Dikonfirmasi,194,12
195,2024-12-15,375000,Sudah Bayar,,2024-12-18,2024-12-18,2025-05-17,Dikonfirmasi,195,83
196,2024-12-17,300000,Sudah Bayar,,2024-12-20,2024-12-20,2025-01-19,Dikonfirmasi,196,96
197,2024-12-04,300000,Sudah Bayar,,2024-12-07,2024-12-06,2025-03-06,Dikonfirmasi,197,82
198,2024-12-09,300000,Sudah Bayar,,2024-12-12,2024-12-12,2025-01-11,Dikonfirmasi,198,100
199,2024-11-28,350000,Sudah Bayar,,2024-12-01,2024-12-01,2025-03-01,Dikonfirmasi,199,87
200,2024-12-06,375000,Sudah Bayar,,2024-12-09,2024-12-09,2025-03-09,Dikonfirmasi,200,94
201,2024-12-07,375000,Sudah Bayar,,2024-12-10,2024-12-10,2025-03-10,Dikonfirmasi,201,19
202,2024-12-01,300000,Sudah Bayar,,2024-12-04,2024-12-02,2025-01-01,Dikonfirmasi,202,23
203,2024-12-02,375000,Sudah Bayar,,2024-12-05,2024-12-03,2025-03-03,Dikonfirmasi,203,9
204,2024-12-07,375000,Sudah Bayar,,2024-12-10,2024-12-09,2025-05-08,Dikonfirmasi,204,67
205,2024-12-06,375000,Sudah Bayar,,2024-12-09,2024-12-08,2025-03-08,Dikonfirmasi,205,40
206,2024-12-10,375000,Sudah Bayar,,2024-12-13,2024-12-11,2025-05-10,Dikonfirmasi,206,21
207,2024-12-15,300000,Sudah Bayar,,2024-12-18,2024-12-17,2025-01-16,Dikonfirmasi,207,77
208,2024-12-17,375000,Sudah Bayar,,2024-12-20,2024-12-18,2025-01-17,Dikonfirmasi,208,34
209,2024-12-05,375000,Sudah Bayar,,2024-12-08,2024-12-07,2025-01-06,Dikonfirmasi,209,106
210,2024-12-20,350000,Sudah Bayar,,2024-12-23,2024-12-21,2025-05-20,Dikonfirmasi,210,58
211,2024-12-19,300000,Sudah Bayar,,2024-12-22,2024-12-22,2025-01-21,Dikonfirmasi,211,48
212,2024-12-01,350000,Sudah Bayar,,2024-12-04,2024-12-02,2025-05-01,Dikonfirmasi,212,26
213,2023-01-01,350000,Sudah Bayar,,2023-01-04,2023-01-04,2023-06-03,Dikonfirmasi,213,79
214,2023-01-10,350000,Sudah Bayar,,2023-01-13,2023-01-12,2023-04-12,Dikonfirmasi,214,50
215,2023-01-09,350000,Sudah Bayar,,2023-01-12,2023-01-10,2023-02-09,Dikonfirmasi,215,61
216,2023-01-21,375000,Sudah Bayar,,2023-01-24,2023-01-23,2023-02-22,Dikonfirmasi,216,67
217,2023-01-07,350000,Sudah Bayar,,2023-01-10,2023-01-10,2023-04-10,Dikonfirmasi,217,42
218,2023-01-25,300000,Sudah Bayar,,2023-01-28,2023-01-26,2023-02-25,Dikonfirmasi,218,14
219,2022-12-31,300000,Sudah Bayar,,2023-01-03,2023-01-01,2023-04-01,Dikonfirmasi,219,99
220,2023-01-03,350000,Sudah Bayar,,2023-01-06,2023-01-04,2023-04-04,Dikonfirmasi,220,103
221,2023-01-19,375000,Sudah Bayar,,2023-01-22,2023-01-22,2023-04-22,Dikonfirmasi,221,73
222,2023-01-12,375000,Sudah Bayar,,2023-01-15,2023-01-13,2023-04-13,Dikonfirmasi,222,88
223,2023-01-11,350000,Sudah Bayar,,2023-01-14,2023-01-13,2023-04-13,Dikonfirmasi,223,85
224,2023-01-17,350000,Sudah Bayar,,2023-01-20,2023-01-20,2023-04-20,Dikonfirmasi,224,74
225,2023-01-06,350000,Sudah Bayar,,2023-01-09,2023-01-08,2023-06-07,Dikonfirmasi,225,2
226,2023-01-14,300000,Sudah Bayar,,2023-01-17,2023-01-17,2023-06-16,Dikonfirmasi,226,92
227,2023-01-01,300000,Sudah Bayar,,2023-01-04,2023-01-03,2023-02-02,Dikonfirmasi,227,37
228,2023-01-21,350000,Sudah Bayar,,2023-01-24,2023-01-22,2023-06-21,Dikonfirmasi,228,46
229,2023-01-10,300000,Sudah Bayar,,2023-01-13,2023-01-13,2023-04-13,Dikonfirmasi,229,93
230,2023-01-14,350000,Sudah Bayar,,2023-01-17,2023-01-15,2023-06-14,Dikonfirmasi,230,94
231,2023-01-21,300000,Sudah Bayar,,2023-01-24,2023-01-24,2023-04-24,Dikonfirmasi,231,31
232,2023-01-19,350000,Sudah Bayar,,2023-01-22,2023-01-20,2023-04-20,Dikonfirmasi,232,70
233,2023-01-14,300000,Sudah Bayar,,2023-01-17,2023-01-17,2023-04-17,Dikonfirmasi,233,68
234,2023-02-07,350000,Sudah Bayar,,2023-02-10,2023-02-09,2023-03-11,Dikonfirmasi,234,98
235,2023-01-31,375000,Sudah Bayar,,2023-02-03,2023-02-03,2023-07-03,Dikonfirmasi,235,45
236,2023-02-02,375000,Sudah Bayar,,2023-02-05,2023-02-05,2023-03-07,Dikonfirmasi,236,20
237,2023-02-08,300000,Sudah Bayar,,2023-02-11,2023-02-10,2023-03-12,Dikonfirmasi,237,62
238,2023-02-09,300000,Sudah Bayar,,2023-02-12,2023-02-10,2023-07-10,Dikonfirmasi,238,9
239,2023-02-06,375000,Sudah Bayar,,2023-02-09,2023-02-08,2023-07-08,Dikonfirmasi,239,77
240,2023-02-09,300000,Sudah Bayar,,2023-02-12,2023-02-12,2023-07-12,Dikonfirmasi,240,37
241,2023-02-21,375000,Sudah Bayar,,2023-02-24,2023-02-24,2023-05-25,Dikonfirmasi,241,100
242,2023-02-17,300000,Sudah Bayar,,2023-02-20,2023-02-20,2023-03-22,Dikonfirmasi,242,22
243,2023-01-31,375000,Sudah Bayar,,2023-02-03,2023-02-01,2023-03-03,Dikonfirmasi,243,60
244,2023-02-22,375000,Sudah Bayar,,2023-02-25,2023-02-23,2023-07-23,Dikonfirmasi,244,44
245,2023-02-08,300000,Sudah Bayar,,2023-02-11,2023-02-09,2023-07-09,Dikonfirmasi,245,86
246,2023-02-19,350000,Sudah Bayar,,2023-02-22,2023-02-21,2023-03-23,Dikonfirmasi,246,1
247,2023-02-05,300000,Sudah Bayar,,2023-02-08,2023-02-07,2023-07-07,Dikonfirmasi,247,35
248,2023-02-12,375000,Sudah Bayar,,2023-02-15,2023-02-13,2023-07-13,Dikonfirmasi,248,30
249,2023-02-21,350000,Sudah Bayar,,2023-02-24,2023-02-24,2023-03-26,Dikonfirmasi,249,19
250,2023-02-04,350000,Sudah Bayar,,2023-02-07,2023-02-07,2023-05-08,Dikonfirmasi,250,87
251,2023-02-04,375000,Sudah Bayar,,2023-02-07,2023-02-06,2023-05-07,Dikonfirmasi,251,66
252,2023-02-01,350000,Sudah Bayar,,2023-02-04,2023-02-04,2023-07-04,Dikonfirmasi,252,53
253,2023-02-13,350000,Sudah Bayar,,2023-02-16,2023-02-15,2023-07-15,Dikonfirmasi,253,90
254,2023-02-08,375000,Sudah Bayar,,2023-02-11,2023-02-09,2023-07-09,Dikonfirmasi,254,78
255,2023-02-05,375000,Sudah Bayar,,2023-02-08,2023-02-08,2023-03-10,Dikonfirmasi,255,51
256,2023-01-29,375000,Sudah Bayar,,2023-02-01,2023-02-01,2023-03-03,Dikonfirmasi,256,81
257,2023-02-07,375000,Sudah Bayar,,2023-02-10,2023-02-09,2023-05-10,Dikonfirmasi,257,97
258,2023-02-09,300000,Sudah Bayar,,2023-02-12,2023-02-11,2023-07-11,Dikonfirmasi,258,83
259,2023-03-13,350000,Sudah Bayar,,2023-03-16,2023-03-16,2023-06-14,Dikonfirmasi,259,98
260,2023-02-28,350000,Sudah Bayar,,2023-03-03,2023-03-03,2023-04-02,Dikonfirmasi,260,55
261,2023-03-16,350000,Sudah Bayar,,2023-03-19,2023-03-19,2023-08-16,Dikonfirmasi,261,39
262,2023-03-16,300000,Sudah Bayar,,2023-03-19,2023-03-18,2023-06-16,Dikonfirmasi,262,49
263,2023-03-12,375000,Sudah Bayar,,2023-03-15,2023-03-13,2023-08-10,Dikonfirmasi,263,7
264,2023-03-12,300000,Sudah Bayar,,2023-03-15,2023-03-13,2023-08-10,Dikonfirmasi,264,40
265,2023-03-25,350000,Sudah Bayar,,2023-03-28,2023-03-27,2023-04-26,Dikonfirmasi,265,95
266,2023-03-10,375000,Sudah Bayar,,2023-03-13,2023-03-13,2023-06-11,Dikonfirmasi,266,71
267,2023-04-04,350000,Sudah Bayar,,2023-04-07,2023-04-06,2023-07-05,Dikonfirmasi,267,54
268,2023-04-16,350000,Sudah Bayar,,2023-04-19,2023-04-19,2023-05-19,Dikonfirmasi,268,17
269,2023-04-03,300000,Sudah Bayar,,2023-04-06,2023-04-04,2023-07-03,Dikonfirmasi,269,28
270,2023-04-01,350000,Sudah Bayar,,2023-04-04,2023-04-03,2023-08-31,Dikonfirmasi,270,41
271,2023-04-12,300000,Sudah Bayar,,2023-04-15,2023-04-13,2023-05-13,Dikonfirmasi,271,21
272,2023-04-09,350000,Sudah Bayar,,2023-04-12,2023-04-10,2023-07-09,Dikonfirmasi,272,99
273,2023-04-21,300000,Sudah Bayar,,2023-04-24,2023-04-22,2023-05-22,Dikonfirmasi,273,19
274,2023-04-14,350000,Sudah Bayar,,2023-04-17,2023-04-16,2023-05-16,Dikonfirmasi,274,32
275,2023-03-29,375000,Sudah Bayar,,2023-04-01,2023-04-01,2023-06-30,Dikonfirmasi,275,26
276,2023-04-13,375000,Sudah Bayar,,2023-04-16,2023-04-16,2023-09-13,Dikonfirmasi,276,24
277,2023-04-08,350000,Sudah Bayar,,2023-04-11,2023-04-11,2023-07-10,Dikonfirmasi,277,67
278,2023-04-12,375000,Sudah Bayar,,2023-04-15,2023-04-13,2023-09-10,Dikonfirmasi,278,10
279,2023-04-09,375000,Sudah Bayar,,2023-04-12,2023-04-11,2023-07-10,Dikonfirmasi,279,101
280,2023-04-23,350000,Sudah Bayar,,2023-04-26,2023-04-26,2023-05-26,Dikonfirmasi,280,23
281,2023-03-29,300000,Sudah Bayar,,2023-04-01,2023-04-01,2023-06-30,Dikonfirmasi,281,15
282,2023-04-07,350000,Sudah Bayar,,2023-04-10,2023-04-08,2023-07-07,Dikonfirmasi,282,13
283,2023-03-31,300000,Sudah Bayar,,2023-04-03,2023-04-01,2023-05-01,Dikonfirmasi,283,96
284,2023-04-03,375000,Sudah Bayar,,2023-04-06,2023-04-06,2023-07-05,Dikonfirmasi,284,22
285,2023-04-08,300000,Sudah Bayar,,2023-04-11,2023-04-11,2023-07-10,Dikonfirmasi,285,65
286,2023-04-16,300000,Sudah Bayar,,2023-04-19,2023-04-18,2023-09-15,Dikonfirmasi,286,82
287,2023-04-13,375000,Sudah Bayar,,2023-04-16,2023-04-15,2023-07-14,Dikonfirmasi,287,81
288,2023-05-17,375000,Sudah Bayar,,2023-05-20,2023-05-19,2023-10-16,Dikonfirmasi,288,106
289,2023-05-14,350000,Sudah Bayar,,2023-05-17,2023-05-16,2023-06-15,Dikonfirmasi,289,27
290,2023-05-14,300000,Sudah Bayar,,2023-05-17,2023-05-16,2023-08-14,Dikonfirmasi,290,58
291,2023-05-06,375000,Sudah Bayar,,2023-05-09,2023-05-09,2023-06-08,Dikonfirmasi,291,91
292,2023-05-01,350000,Sudah Bayar,,2023-05-04,2023-05-02,2023-09-29,Dikonfirmasi,292,5
293,2023-05-20,300000,Sudah Bayar,,2023-05-23,2023-05-22,2023-06-21,Dikonfirmasi,293,47
294,2023-05-02,350000,Sudah Bayar,,2023-05-05,2023-05-04,2023-08-02,Dikonfirmasi,294,68
295,2023-05-16,350000,Sudah Bayar,,2023-05-19,2023-05-19,2023-08-17,Dikonfirmasi,295,50
296,2023-05-24,375000,Sudah Bayar,,2023-05-27,2023-05-27,2023-06-26,Dikonfirmasi,296,33
297,2023-05-19,300000,Sudah Bayar,,2023-05-22,2023-05-22,2023-10-19,Dikonfirmasi,297,102
298,2023-05-09,375000,Sudah Bayar,,2023-05-12,2023-05-10,2023-06-09,Dikonfirmasi,298,1
299,2023-05-14,350000,Sudah Bayar,,2023-05-17,2023-05-17,2023-08-15,Dikonfirmasi,299,84
300,2023-05-22,350000,Sudah Bayar,,2023-05-25,2023-05-23,2023-06-22,Dikonfirmasi,300,42
301,2023-05-11,350000,Sudah Bayar,,2023-05-14,2023-05-12,2023-06-11,Dikonfirmasi,301,95
302,2023-05-04,375000,Sudah Bayar,,2023-05-07,2023-05-07,2023-10-04,Dikonfirmasi,302,18
303,2023-05-21,350000,Sudah Bayar,,2023-05-24,2023-05-24,2023-10-21,Dikonfirmasi,303,51
304,2023-05-06,375000,Sudah Bayar,,2023-05-09,2023-05-09,2023-10-06,Dikonfirmasi,304,55
305,2023-05-05,375000,Sudah Bayar,,2023-05-08,2023-05-07,2023-06-06,Dikonfirmasi,305,62
306,2023-05-17,300000,Sudah Bayar,,2023-05-20,2023-05-19,2023-06-18,Dikonfirmasi,306,60
307,2023-05-15,350000,Sudah Bayar,,2023-05-18,2023-05-18,2023-08-16,Dikonfirmasi,307,85
308,2023-05-09,300000,Sudah Bayar,,2023-05-12,2023-05-10,2023-06-09,Dikonfirmasi,308,105
309,2023-05-31,300000,Sudah Bayar,,2023-06-03,2023-06-02,2023-08-31,Dikonfirmasi,309,14
310,2023-06-04,300000,Sudah Bayar,,2023-06-07,2023-06-07,2023-09-05,Dikonfirmasi,310,4
311,2023-06-08,300000,Sudah Bayar,,2023-06-11,2023-06-11,2023-07-11,Dikonfirmasi,311,105
312,2023-06-20,350000,Sudah Bayar,,2023-06-23,2023-06-23,2023-11-20,Dikonfirmasi,312,6
313,2023-06-07,375000,Sudah Bayar,,2023-06-10,2023-06-10,2023-07-10,Dikonfirmasi,313,43
314,2023-06-23,300000,Sudah Bayar,,2023-06-26,2023-06-25,2023-09-23,Dikonfirmasi,314,100
315,2023-06-14,375000,Sudah Bayar,,2023-06-17,2023-06-16,2023-07-16,Dikonfirmasi,315,74
316,2023-06-10,300000,Sudah Bayar,,2023-06-13,2023-06-12,2023-11-09,Dikonfirmasi,316,89
317,2023-06-17,375000,Sudah Bayar,,2023-06-20,2023-06-19,2023-11-16,Dikonfirmasi,317,75
318,2023-06-04,300000,Sudah Bayar,,2023-06-07,2023-06-07,2023-11-04,Dikonfirmasi,318,97
319,2023-06-23,375000,Sudah Bayar,,2023-06-26,2023-06-25,2023-11-22,Dikonfirmasi,319,29
320,2023-06-17,350000,Sudah Bayar,,2023-06-20,2023-06-18,2023-07-18,Dikonfirmasi,320,96
321,2023-06-23,350000,Sudah Bayar,,2023-06-26,2023-06-24,2023-09-22,Dikonfirmasi,321,91
322,2023-06-04,300000,Sudah Bayar,,2023-06-07,2023-06-06,2023-09-04,Dikonfirmasi,322,93
323,2023-06-16,375000,Sudah Bayar,,2023-06-19,2023-06-18,2023-09-16,Dikonfirmasi,323,21
324,2023-06-25,375000,Sudah Bayar,,2023-06-28,2023-06-26,2023-07-26,Dikonfirmasi,324,98
325,2023-06-13,350000,Sudah Bayar,,2023-06-16,2023-06-15,2023-07-15,Dikonfirmasi,325,69
326,2023-06-08,300000,Sudah Bayar,,2023-06-11,2023-06-11,2023-07-11,Dikonfirmasi,326,73
327,2023-06-12,300000,Sudah Bayar,,2023-06-15,2023-06-13,2023-09-11,Dikonfirmasi,327,1
328,2023-05-29,350000,Sudah Bayar,,2023-06-01,2023-06-01,2023-07-01,Dikonfirmasi,328,36
329,2023-06-17,375000,Sudah Bayar,,2023-06-20,2023-06-18,2023-07-18,Dikonfirmasi,329,20
330,2023-07-02,350000,Sudah Bayar,,2023-07-05,2023-07-04,2023-12-01,Dikonfirmasi,330,28
331,2023-07-02,300000,Sudah Bayar,,2023-07-05,2023-07-03,2023-11-30,Dikonfirmasi,331,56
332,2023-07-18,350000,Sudah Bayar,,2023-07-21,2023-07-20,2023-10-18,Dikonfirmasi,332,19
333,2023-07-01,300000,Sudah Bayar,,2023-07-04,2023-07-04,2023-12-01,Dikonfirmasi,333,66
334,2023-07-11,300000,Sudah Bayar,,2023-07-14,2023-07-12,2023-08-11,Dikonfirmasi,334,23
335,2023-07-03,375000,Sudah Bayar,,2023-07-06,2023-07-04,2023-10-02,Dikonfirmasi,335,47
336,2023-07-14,300000,Sudah Bayar,,2023-07-17,2023-07-17,2023-10-15,Dikonfirmasi,336,81
337,2023-07-15,375000,Sudah Bayar,,2023-07-18,2023-07-17,2023-08-16,Dikonfirmasi,337,30
338,2023-07-09,300000,Sudah Bayar,,2023-07-12,2023-07-11,2023-08-10,Dikonfirmasi,338,26
339,2023-07-26,375000,Sudah Bayar,,2023-07-29,2023-07-27,2023-08-26,Dikonfirmasi,339,49
340,2023-07-20,375000,Sudah Bayar,,2023-07-23,2023-07-23,2023-08-22,Dikonfirmasi,340,54
341,2023-07-18,300000,Sudah Bayar,,2023-07-21,2023-07-21,2023-08-20,Dikonfirmasi,341,101
342,2023-07-22,350000,Sudah Bayar,,2023-07-25,2023-07-24,2023-12-21,Dikonfirmasi,342,17
343,2023-07-02,350000,Sudah Bayar,,2023-07-05,2023-07-03,2023-10-01,Dikonfirmasi,343,88
344,2023-06-29,300000,Sudah Bayar,,2023-07-02,2023-07-02,2023-09-30,Dikonfirmasi,344,72
345,2023-08-22,350000,Sudah Bayar,,2023-08-25,2023-08-24,2024-01-21,Dikonfirmasi,345,59
346,2023-08-23,350000,Sudah Bayar,,2023-08-26,2023-08-26,2024-01-23,Dikonfirmasi,346,13
347,2023-08-13,375000,Sudah Bayar,,2023-08-16,2023-08-16,2023-11-14,Dikonfirmasi,347,73
348,2023-08-10,375000,Sudah Bayar,,2023-08-13,2023-08-13,2023-09-12,Dikonfirmasi,348,64
349,2023-08-21,300000,Sudah Bayar,,2023-08-24,2023-08-22,2023-11-20,Dikonfirmasi,349,101
350,2023-08-06,375000,Sudah Bayar,,2023-08-09,2023-08-08,2024-01-05,Dikonfirmasi,350,38
351,2023-08-14,350000,Sudah Bayar,,2023-08-17,2023-08-16,2023-11-14,Dikonfirmasi,351,84
352,2023-08-16,350000,Sudah Bayar,,2023-08-19,2023-08-17,2023-09-16,Dikonfirmasi,352,65
353,2023-08-04,375000,Sudah Bayar,,2023-08-07,2023-08-06,2024-01-03,Dikonfirmasi,353,25
354,2023-08-24,375000,Sudah Bayar,,2023-08-27,2023-08-25,2023-11-23,Dikonfirmasi,354,71
355,2023-08-16,350000,Sudah Bayar,,2023-08-19,2023-08-19,2023-11-17,Dikonfirmasi,355,69
356,2023-08-14,350000,Sudah Bayar,,2023-08-17,2023-08-16,2023-09-15,Dikonfirmasi,356,87
357,2023-07-29,375000,Sudah Bayar,,2023-08-01,2023-08-01,2023-10-30,Dikonfirmasi,357,52
358,2023-08-21,350000,Sudah Bayar,,2023-08-24,2023-08-22,2024-01-19,Dikonfirmasi,358,32
359,2023-08-10,300000,Sudah Bayar,,2023-08-13,2023-08-12,2023-11-10,Dikonfirmasi,359,44
360,2023-09-19,300000,Sudah Bayar,,2023-09-22,2023-09-20,2024-02-17,Dikonfirmasi,360,65
361,2023-09-22,350000,Sudah Bayar,,2023-09-25,2023-09-24,2023-12-23,Dikonfirmasi,361,95
362,2023-09-15,300000,Sudah Bayar,,2023-09-18,2023-09-16,2024-02-13,Dikonfirmasi,362,37
363,2023-09-17,300000,Sudah Bayar,,2023-09-20,2023-09-20,2024-02-17,Dikonfirmasi,363,22
364,2023-09-25,375000,Sudah Bayar,,2023-09-28,2023-09-26,2023-12-25,Dikonfirmasi,364,45
365,2023-09-02,300000,Sudah Bayar,,2023-09-05,2023-09-03,2023-10-03,Dikonfirmasi,365,30
366,2023-09-26,350000,Sudah Bayar,,2023-09-29,2023-09-27,2024-02-24,Dikonfirmasi,366,61
367,2023-09-07,350000,Sudah Bayar,,2023-09-10,2023-09-09,2024-02-06,Dikonfirmasi,367,31
368,2023-09-19,350000,Sudah Bayar,,2023-09-22,2023-09-20,2023-12-19,Dikonfirmasi,368,57
369,2023-09-24,375000,Sudah Bayar,,2023-09-27,2023-09-25,2024-02-22,Dikonfirmasi,369,104
370,2023-09-09,300000,Sudah Bayar,,2023-09-12,2023-09-11,2023-12-10,Dikonfirmasi,370,34
371,2023-09-08,350000,Sudah Bayar,,2023-09-11,2023-09-10,2023-10-10,Dikonfirmasi,371,41
372,2023-09-04,350000,Sudah Bayar,,2023-09-07,2023-09-05,2024-02-02,Dikonfirmasi,372,9
373,2023-09-10,375000,Sudah Bayar,,2023-09-13,2023-09-12,2023-12-11,Dikonfirmasi,373,93
374,2023-09-07,300000,Sudah Bayar,,2023-09-10,2023-09-08,2023-10-08,Dikonfirmasi,374,14
375,2023-09-19,350000,Sudah Bayar,,2023-09-22,2023-09-20,2024-02-17,Dikonfirmasi,375,77
376,2023-09-17,350000,Sudah Bayar,,2023-09-20,2023-09-20,2023-10-20,Dikonfirmasi,376,90
377,2023-09-19,375000,Sudah Bayar,,2023-09-22,2023-09-22,2024-02-19,Dikonfirmasi,377,4
378,2023-09-17,375000,Sudah Bayar,,2023-09-20,2023-09-20,2023-10-20,Dikonfirmasi,378,54
379,2023-09-20,375000,Sudah Bayar,,2023-09-23,2023-09-21,2024-02-18,Dikonfirmasi,379,98
380,2023-08-29,350000,Sudah Bayar,,2023-09-01,2023-09-01,2024-01-29,Dikonfirmasi,380,33
381,2023-09-18,350000,Sudah Bayar,,2023-09-21,2023-09-21,2023-10-21,Dikonfirmasi,381,46
382,2023-09-03,350000,Sudah Bayar,,2023-09-06,2023-09-06,2023-12-05,Dikonfirmasi,382,67
383,2023-09-14,350000,Sudah Bayar,,2023-09-17,2023-09-17,2023-12-16,Dikonfirmasi,383,96
384,2023-09-18,375000,Sudah Bayar,,2023-09-21,2023-09-21,2024-02-18,Dikonfirmasi,384,62
385,2023-09-04,375000,Sudah Bayar,,2023-09-07,2023-09-06,2024-02-03,Dikonfirmasi,385,76
386,2023-09-15,375000,Sudah Bayar,,2023-09-18,2023-09-18,2023-12-17,Dikonfirmasi,386,27
387,2023-09-10,350000,Sudah Bayar,,2023-09-13,2023-09-12,2024-02-09,Dikonfirmasi,387,58
388,2023-09-13,300000,Sudah Bayar,,2023-09-16,2023-09-14,2023-12-13,Dikonfirmasi,388,53
389,2023-09-05,300000,Sudah Bayar,,2023-09-08,2023-09-08,2023-12-07,Dikonfirmasi,389,70
390,2023-10-04,300000,Sudah Bayar,,2023-10-07,2023-10-07,2024-01-05,Dikonfirmasi,390,105
391,2023-10-23,350000,Sudah Bayar,,2023-10-26,2023-10-25,2024-01-23,Dikonfirmasi,391,86
392,2023-10-24,300000,Sudah Bayar,,2023-10-27,2023-10-26,2023-11-25,Dikonfirmasi,392,55
393,2023-10-01,375000,Sudah Bayar,,2023-10-04,2023-10-03,2024-03-01,Dikonfirmasi,393,3
394,2023-10-09,350000,Sudah Bayar,,2023-10-12,2023-10-11,2023-11-10,Dikonfirmasi,394,7
395,2023-10-24,350000,Sudah Bayar,,2023-10-27,2023-10-25,2024-03-23,Dikonfirmasi,395,63
396,2023-10-10,375000,Sudah Bayar,,2023-10-13,2023-10-12,2024-03-10,Dikonfirmasi,396,82
397,2023-09-29,375000,Sudah Bayar,,2023-10-02,2023-10-01,2023-10-31,Dikonfirmasi,397,94
398,2023-10-09,375000,Sudah Bayar,,2023-10-12,2023-10-10,2024-01-08,Dikonfirmasi,398,12
399,2023-10-13,350000,Sudah Bayar,,2023-10-16,2023-10-15,2023-11-14,Dikonfirmasi,399,2
400,2023-10-04,375000,Sudah Bayar,,2023-10-07,2023-10-05,2023-11-04,Dikonfirmasi,400,8
401,2023-10-13,375000,Sudah Bayar,,2023-10-16,2023-10-15,2024-01-13,Dikonfirmasi,401,103
402,2023-10-19,375000,Sudah Bayar,,2023-10-22,2023-10-21,2024-01-19,Dikonfirmasi,402,40
403,2023-09-29,300000,Sudah Bayar,,2023-10-02,2023-10-01,2023-12-30,Dikonfirmasi,403,68
404,2023-09-28,300000,Sudah Bayar,,2023-10-01,2023-10-01,2024-02-28,Dikonfirmasi,404,11
405,2023-09-30,350000,Sudah Bayar,,2023-10-03,2023-10-03,2024-01-01,Dikonfirmasi,405,48
406,2023-10-25,350000,Sudah Bayar,,2023-10-28,2023-10-27,2024-03-25,Dikonfirmasi,406,91
407,2023-10-21,300000,Sudah Bayar,,2023-10-24,2023-10-23,2023-11-22,Dikonfirmasi,407,1
408,2023-10-19,375000,Sudah Bayar,,2023-10-22,2023-10-22,2024-01-20,Dikonfirmasi,408,78
409,2023-10-19,300000,Sudah Bayar,,2023-10-22,2023-10-22,2024-03-20,Dikonfirmasi,409,43
410,2023-10-06,375000,Sudah Bayar,,2023-10-09,2023-10-08,2024-03-06,Dikonfirmasi,410,30
411,2023-10-06,300000,Sudah Bayar,,2023-10-09,2023-10-07,2024-03-05,Dikonfirmasi,411,23
412,2023-10-22,300000,Sudah Bayar,,2023-10-25,2023-10-24,2024-01-22,Dikonfirmasi,412,54
413,2023-10-09,375000,Sudah Bayar,,2023-10-12,2023-10-11,2024-03-09,Dikonfirmasi,413,99
414,2023-09-29,300000,Sudah Bayar,,2023-10-02,2023-10-02,2023-11-01,Dikonfirmasi,414,42
415,2023-10-09,350000,Sudah Bayar,,2023-10-12,2023-10-10,2023-11-09,Dikonfirmasi,415,64
416,2023-10-17,350000,Sudah Bayar,,2023-10-20,2023-10-20,2024-01-18,Dikonfirmasi,416,80
417,2023-10-02,375000,Sudah Bayar,,2023-10-05,2023-10-03,2024-01-01,Dikonfirmasi,417,92
418,2023-10-09,375000,Sudah Bayar,,2023-10-12,2023-10-10,2023-11-09,Dikonfirmasi,418,100
419,2023-10-12,350000,Sudah Bayar,,2023-10-15,2023-10-15,2023-11-14,Dikonfirmasi,419,18
420,2023-11-23,350000,Sudah Bayar,,2023-11-26,2023-11-24,2024-04-22,Dikonfirmasi,420,64
421,2023-11-06,375000,Sudah Bayar,,2023-11-09,2023-11-07,2023-12-07,Dikonfirmasi,421,51
422,2023-11-25,350000,Sudah Bayar,,2023-11-28,2023-11-27,2024-02-25,Dikonfirmasi,422,81
423,2023-11-03,375000,Sudah Bayar,,2023-11-06,2023-11-06,2023-12-06,Dikonfirmasi,423,39
424,2023-11-22,350000,Sudah Bayar,,2023-11-25,2023-11-25,2023-12-25,Dikonfirmasi,424,6
425,2023-11-08,300000,Sudah Bayar,,2023-11-11,2023-11-10,2024-04-08,Dikonfirmasi,425,100
426,2023-11-11,350000,Sudah Bayar,,2023-11-14,2023-11-13,2024-02-11,Dikonfirmasi,426,97
427,2023-11-10,375000,Sudah Bayar,,2023-11-13,2023-11-12,2024-04-10,Dikonfirmasi,427,52
428,2023-11-28,375000,Sudah Bayar,,2023-12-01,2023-12-01,2023-12-31,Dikonfirmasi,428,1
429,2023-12-01,350000,Sudah Bayar,,2023-12-04,2023-12-03,2024-03-02,Dikonfirmasi,429,71
430,2023-12-11,375000,Sudah Bayar,,2023-12-14,2023-12-12,2024-03-11,Dikonfirmasi,430,8
431,2023-12-13,375000,Sudah Bayar,,2023-12-16,2023-12-14,2024-05-12,Dikonfirmasi,431,36
432,2023-12-19,375000,Sudah Bayar,,2023-12-22,2023-12-22,2024-05-20,Dikonfirmasi,432,7
433,2023-12-09,300000,Sudah Bayar,,2023-12-12,2023-12-12,2024-05-10,Dikonfirmasi,433,10
434,2023-12-19,350000,Sudah Bayar,,2023-12-22,2023-12-21,2024-03-20,Dikonfirmasi,434,102
435,2023-12-13,375000,Sudah Bayar,,2023-12-16,2023-12-15,2024-05-13,Dikonfirmasi,435,72
436,2023-11-28,375000,Sudah Bayar,,2023-12-01,2023-12-01,2024-02-29,Dikonfirmasi,436,20
437,2023-12-17,350000,Sudah Bayar,,2023-12-20,2023-12-19,2024-03-18,Dikonfirmasi,437,18
438,2023-12-06,300000,Sudah Bayar,,2023-12-09,2023-12-09,2024-01-08,Dikonfirmasi,438,79
439,2023-12-16,350000,Sudah Bayar,,2023-12-19,2023-12-18,2024-05-16,Dikonfirmasi,439,21
440,2023-12-19,350000,Sudah Bayar,,2023-12-22,2023-12-22,2024-05-20,Dikonfirmasi,440,51
441,2023-12-20,350000,Sudah Bayar,,2023-12-23,2023-12-23,2024-03-22,Dikonfirmasi,441,87
442,2023-12-11,375000,Sudah Bayar,,2023-12-14,2023-12-13,2024-01-12,Dikonfirmasi,442,47
443,2023-12-17,300000,Sudah Bayar,,2023-12-20,2023-12-19,2024-03-18,Dikonfirmasi,443,75
444,2023-12-16,350000,Sudah Bayar,,2023-12-19,2023-12-19,2024-03-18,Dikonfirmasi,444,94
445,2023-12-19,375000,Sudah Bayar,,2023-12-22,2023-12-21,2024-01-20,Dikonfirmasi,445,26
446,2023-12-04,350000,Sudah Bayar,,2023-12-07,2023-12-06,2024-05-04,Dikonfirmasi,446,44
447,2023-12-22,350000,Sudah Bayar,,2023-12-25,2023-12-24,2024-01-23,Dikonfirmasi,447,106
448,2023-12-10,350000,Sudah Bayar,,2023-12-13,2023-12-12,2024-03-11,Dikonfirmasi,448,49
449,2023-11-29,300000,Sudah Bayar,,2023-12-02,2023-12-02,2024-04-30,Dikonfirmasi,449,28
450,2023-12-13,375000,Sudah Bayar,,2023-12-16,2023-12-14,2024-01-13,Dikonfirmasi,450,39
451,2023-12-16,375000,Sudah Bayar,,2023-12-19,2023-12-19,2024-01-18,Dikonfirmasi,451,41
452,2023-12-05,350000,Sudah Bayar,,2023-12-08,2023-12-06,2024-01-05,Dikonfirmasi,452,69
453,2022-01-06,300000,Sudah Bayar,,2022-01-09,2022-01-07,2022-06-06,Dikonfirmasi,453,4
454,2021-12-31,375000,Sudah Bayar,,2022-01-03,2022-01-01,2022-05-31,Dikonfirmasi,454,106
455,2022-01-03,300000,Sudah Bayar,,2022-01-06,2022-01-06,2022-04-06,Dikonfirmasi,455,95
456,2022-01-20,375000,Sudah Bayar,,2022-01-23,2022-01-23,2022-06-22,Dikonfirmasi,456,18
457,2022-01-19,350000,Sudah Bayar,,2022-01-22,2022-01-22,2022-06-21,Dikonfirmasi,457,29
458,2022-01-19,375000,Sudah Bayar,,2022-01-22,2022-01-20,2022-04-20,Dikonfirmasi,458,105
459,2022-01-10,350000,Sudah Bayar,,2022-01-13,2022-01-12,2022-02-11,Dikonfirmasi,459,56
460,2022-01-15,300000,Sudah Bayar,,2022-01-18,2022-01-17,2022-04-17,Dikonfirmasi,460,58
461,2022-01-24,375000,Sudah Bayar,,2022-01-27,2022-01-27,2022-02-26,Dikonfirmasi,461,1
462,2022-01-10,375000,Sudah Bayar,,2022-01-13,2022-01-13,2022-02-12,Dikonfirmasi,462,61
463,2022-01-12,375000,Sudah Bayar,,2022-01-15,2022-01-14,2022-04-14,Dikonfirmasi,463,21
464,2021-12-31,375000,Sudah Bayar,,2022-01-03,2022-01-02,2022-06-01,Dikonfirmasi,464,85
465,2021-12-29,375000,Sudah Bayar,,2022-01-01,2022-01-01,2022-05-31,Dikonfirmasi,465,46
466,2022-01-04,375000,Sudah Bayar,,2022-01-07,2022-01-07,2022-02-06,Dikonfirmasi,466,53
467,2022-01-05,300000,Sudah Bayar,,2022-01-08,2022-01-07,2022-04-07,Dikonfirmasi,467,39
468,2022-01-16,350000,Sudah Bayar,,2022-01-19,2022-01-18,2022-04-18,Dikonfirmasi,468,82
469,2022-01-22,300000,Sudah Bayar,,2022-01-25,2022-01-23,2022-02-22,Dikonfirmasi,469,64
470,2022-01-22,375000,Sudah Bayar,,2022-01-25,2022-01-23,2022-02-22,Dikonfirmasi,470,57
471,2022-01-05,350000,Sudah Bayar,,2022-01-08,2022-01-08,2022-06-07,Dikonfirmasi,471,59
472,2022-01-08,350000,Sudah Bayar,,2022-01-11,2022-01-11,2022-02-10,Dikonfirmasi,472,97
473,2022-01-21,375000,Sudah Bayar,,2022-01-24,2022-01-22,2022-06-21,Dikonfirmasi,473,70
474,2022-01-03,350000,Sudah Bayar,,2022-01-06,2022-01-04,2022-04-04,Dikonfirmasi,474,83
475,2022-01-09,375000,Sudah Bayar,,2022-01-12,2022-01-11,2022-02-10,Dikonfirmasi,475,44
476,2022-01-03,300000,Sudah Bayar,,2022-01-06,2022-01-06,2022-06-05,Dikonfirmasi,476,54
477,2022-01-10,350000,Sudah Bayar,,2022-01-13,2022-01-12,2022-06-11,Dikonfirmasi,477,102
478,2022-01-05,300000,Sudah Bayar,,2022-01-08,2022-01-08,2022-02-07,Dikonfirmasi,478,84
479,2022-01-21,375000,Sudah Bayar,,2022-01-24,2022-01-23,2022-02-22,Dikonfirmasi,479,6
480,2022-01-02,375000,Sudah Bayar,,2022-01-05,2022-01-04,2022-04-04,Dikonfirmasi,480,50
481,2022-01-20,350000,Sudah Bayar,,2022-01-23,2022-01-21,2022-06-20,Dikonfirmasi,481,100
482,2022-01-05,375000,Sudah Bayar,,2022-01-08,2022-01-08,2022-06-07,Dikonfirmasi,482,101
483,2022-02-18,300000,Sudah Bayar,,2022-02-21,2022-02-21,2022-05-22,Dikonfirmasi,483,45
484,2022-02-15,300000,Sudah Bayar,,2022-02-18,2022-02-16,2022-05-17,Dikonfirmasi,484,61
485,2022-02-20,375000,Sudah Bayar,,2022-02-23,2022-02-23,2022-07-23,Dikonfirmasi,485,14
486,2022-02-22,300000,Sudah Bayar,,2022-02-25,2022-02-25,2022-03-27,Dikonfirmasi,486,49
487,2022-02-20,300000,Sudah Bayar,,2022-02-23,2022-02-23,2022-05-24,Dikonfirmasi,487,7
488,2022-02-17,300000,Sudah Bayar,,2022-02-20,2022-02-20,2022-07-20,Dikonfirmasi,488,63
489,2022-02-07,375000,Sudah Bayar,,2022-02-10,2022-02-09,2022-03-11,Dikonfirmasi,489,86
490,2022-02-10,350000,Sudah Bayar,,2022-02-13,2022-02-13,2022-07-13,Dikonfirmasi,490,78
491,2022-02-27,350000,Sudah Bayar,,2022-03-02,2022-03-01,2022-03-31,Dikonfirmasi,491,88
492,2022-03-18,375000,Sudah Bayar,,2022-03-21,2022-03-19,2022-04-18,Dikonfirmasi,492,72
493,2022-03-16,375000,Sudah Bayar,,2022-03-19,2022-03-17,2022-04-16,Dikonfirmasi,493,65
494,2022-03-10,300000,Sudah Bayar,,2022-03-13,2022-03-11,2022-08-08,Dikonfirmasi,494,64
495,2022-03-06,350000,Sudah Bayar,,2022-03-09,2022-03-07,2022-08-04,Dikonfirmasi,495,40
496,2022-03-07,350000,Sudah Bayar,,2022-03-10,2022-03-09,2022-08-06,Dikonfirmasi,496,60
497,2022-02-26,300000,Sudah Bayar,,2022-03-01,2022-03-01,2022-05-30,Dikonfirmasi,497,87
498,2022-03-16,350000,Sudah Bayar,,2022-03-19,2022-03-19,2022-04-18,Dikonfirmasi,498,93
499,2022-03-17,350000,Sudah Bayar,,2022-03-20,2022-03-20,2022-08-17,Dikonfirmasi,499,34
500,2022-03-01,300000,Sudah Bayar,,2022-03-04,2022-03-02,2022-07-30,Dikonfirmasi,500,69
501,2022-03-22,300000,Sudah Bayar,,2022-03-25,2022-03-23,2022-04-22,Dikonfirmasi,501,24
502,2022-03-23,300000,Sudah Bayar,,2022-03-26,2022-03-24,2022-08-21,Dikonfirmasi,502,31
503,2022-03-23,300000,Sudah Bayar,,2022-03-26,2022-03-25,2022-06-23,Dikonfirmasi,503,74
504,2022-03-25,350000,Sudah Bayar,,2022-03-28,2022-03-27,2022-06-25,Dikonfirmasi,504,91
505,2022-03-19,350000,Sudah Bayar,,2022-03-22,2022-03-22,2022-04-21,Dikonfirmasi,505,19
506,2022-03-18,300000,Sudah Bayar,,2022-03-21,2022-03-21,2022-06-19,Dikonfirmasi,506,27
507,2022-03-09,300000,Sudah Bayar,,2022-03-12,2022-03-12,2022-04-11,Dikonfirmasi,507,36
508,2022-03-18,300000,Sudah Bayar,,2022-03-21,2022-03-20,2022-04-19,Dikonfirmasi,508,8
509,2022-03-17,300000,Sudah Bayar,,2022-03-20,2022-03-18,2022-04-17,Dikonfirmasi,509,17
510,2022-03-20,375000,Sudah Bayar,,2022-03-23,2022-03-21,2022-08-18,Dikonfirmasi,510,10
511,2022-03-14,300000,Sudah Bayar,,2022-03-17,2022-03-17,2022-08-14,Dikonfirmasi,511,6
512,2022-03-30,375000,Sudah Bayar,,2022-04-02,2022-04-01,2022-08-29,Dikonfirmasi,512,89
513,2022-04-14,300000,Sudah Bayar,,2022-04-17,2022-04-15,2022-07-14,Dikonfirmasi,513,62
514,2022-03-29,300000,Sudah Bayar,,2022-04-01,2022-04-01,2022-06-30,Dikonfirmasi,514,20
515,2022-04-11,350000,Sudah Bayar,,2022-04-14,2022-04-14,2022-07-13,Dikonfirmasi,515,50
516,2022-04-19,300000,Sudah Bayar,,2022-04-22,2022-04-21,2022-07-20,Dikonfirmasi,516,71
517,2022-04-16,350000,Sudah Bayar,,2022-04-19,2022-04-19,2022-05-19,Dikonfirmasi,517,94
518,2022-04-05,300000,Sudah Bayar,,2022-04-08,2022-04-07,2022-09-04,Dikonfirmasi,518,16
519,2022-04-19,300000,Sudah Bayar,,2022-04-22,2022-04-21,2022-05-21,Dikonfirmasi,519,22
520,2022-04-05,300000,Sudah Bayar,,2022-04-08,2022-04-07,2022-07-06,Dikonfirmasi,520,53
521,2022-04-20,350000,Sudah Bayar,,2022-04-23,2022-04-22,2022-05-22,Dikonfirmasi,521,41
522,2022-04-24,375000,Sudah Bayar,,2022-04-27,2022-04-25,2022-09-22,Dikonfirmasi,522,96
523,2022-04-05,300000,Sudah Bayar,,2022-04-08,2022-04-08,2022-09-05,Dikonfirmasi,523,81
524,2022-04-05,350000,Sudah Bayar,,2022-04-08,2022-04-06,2022-07-05,Dikonfirmasi,524,38
525,2022-04-12,350000,Sudah Bayar,,2022-04-15,2022-04-15,2022-09-12,Dikonfirmasi,525,32
526,2022-04-24,300000,Sudah Bayar,,2022-04-27,2022-04-25,2022-09-22,Dikonfirmasi,526,72
527,2022-04-15,375000,Sudah Bayar,,2022-04-18,2022-04-17,2022-05-17,Dikonfirmasi,527,43
528,2022-04-13,300000,Sudah Bayar,,2022-04-16,2022-04-16,2022-09-13,Dikonfirmasi,528,21
529,2022-04-02,350000,Sudah Bayar,,2022-04-05,2022-04-04,2022-05-04,Dikonfirmasi,529,15
530,2022-04-21,375000,Sudah Bayar,,2022-04-24,2022-04-24,2022-05-24,Dikonfirmasi,530,30
531,2022-04-07,375000,Sudah Bayar,,2022-04-10,2022-04-09,2022-09-06,Dikonfirmasi,531,86
532,2022-04-08,375000,Sudah Bayar,,2022-04-11,2022-04-10,2022-05-10,Dikonfirmasi,532,103
533,2022-04-24,350000,Sudah Bayar,,2022-04-27,2022-04-27,2022-07-26,Dikonfirmasi,533,68
534,2022-04-01,300000,Sudah Bayar,,2022-04-04,2022-04-02,2022-05-02,Dikonfirmasi,534,25
535,2022-04-12,350000,Sudah Bayar,,2022-04-15,2022-04-15,2022-07-14,Dikonfirmasi,535,79
536,2022-04-02,300000,Sudah Bayar,,2022-04-05,2022-04-04,2022-05-04,Dikonfirmasi,536,56
537,2022-04-10,375000,Sudah Bayar,,2022-04-13,2022-04-13,2022-05-13,Dikonfirmasi,537,95
538,2022-04-18,300000,Sudah Bayar,,2022-04-21,2022-04-21,2022-09-18,Dikonfirmasi,538,48
539,2022-04-12,300000,Sudah Bayar,,2022-04-15,2022-04-13,2022-07-12,Dikonfirmasi,539,33
540,2022-04-10,300000,Sudah Bayar,,2022-04-13,2022-04-13,2022-07-12,Dikonfirmasi,540,5
541,2022-04-12,375000,Sudah Bayar,,2022-04-15,2022-04-15,2022-09-12,Dikonfirmasi,541,26
542,2022-04-29,300000,Sudah Bayar,,2022-05-02,2022-05-01,2022-09-28,Dikonfirmasi,542,2
543,2022-05-19,350000,Sudah Bayar,,2022-05-22,2022-05-20,2022-10-17,Dikonfirmasi,543,13
544,2022-05-03,375000,Sudah Bayar,,2022-05-06,2022-05-05,2022-10-02,Dikonfirmasi,544,92
545,2022-05-10,375000,Sudah Bayar,,2022-05-13,2022-05-12,2022-08-10,Dikonfirmasi,545,36
546,2022-04-30,375000,Sudah Bayar,,2022-05-03,2022-05-01,2022-05-31,Dikonfirmasi,546,55
547,2022-05-14,350000,Sudah Bayar,,2022-05-17,2022-05-15,2022-08-13,Dikonfirmasi,547,103
548,2022-05-07,350000,Sudah Bayar,,2022-05-10,2022-05-10,2022-10-07,Dikonfirmasi,548,51
549,2022-05-17,350000,Sudah Bayar,,2022-05-20,2022-05-19,2022-08-17,Dikonfirmasi,549,43
550,2022-05-07,300000,Sudah Bayar,,2022-05-10,2022-05-09,2022-08-07,Dikonfirmasi,550,28
551,2022-05-26,375000,Sudah Bayar,,2022-05-29,2022-05-27,2022-06-26,Dikonfirmasi,551,37
552,2022-05-11,350000,Sudah Bayar,,2022-05-14,2022-05-14,2022-08-12,Dikonfirmasi,552,44
553,2022-05-17,350000,Sudah Bayar,,2022-05-20,2022-05-19,2022-06-18,Dikonfirmasi,553,58
554,2022-04-30,375000,Sudah Bayar,,2022-05-03,2022-05-01,2022-07-30,Dikonfirmasi,554,67
555,2022-05-10,350000,Sudah Bayar,,2022-05-13,2022-05-13,2022-06-12,Dikonfirmasi,555,84
556,2022-05-13,300000,Sudah Bayar,,2022-05-16,2022-05-16,2022-08-14,Dikonfirmasi,556,93
557,2022-05-14,375000,Sudah Bayar,,2022-05-17,2022-05-15,2022-10-12,Dikonfirmasi,557,1
558,2022-05-08,375000,Sudah Bayar,,2022-05-11,2022-05-09,2022-08-07,Dikonfirmasi,558,75
559,2022-05-20,350000,Sudah Bayar,,2022-05-23,2022-05-21,2022-10-18,Dikonfirmasi,559,15
560,2022-05-07,350000,Sudah Bayar,,2022-05-10,2022-05-08,2022-10-05,Dikonfirmasi,560,99
561,2022-05-07,300000,Sudah Bayar,,2022-05-10,2022-05-08,2022-08-06,Dikonfirmasi,561,25
562,2022-05-21,375000,Sudah Bayar,,2022-05-24,2022-05-23,2022-06-22,Dikonfirmasi,562,73
563,2022-06-15,300000,Sudah Bayar,,2022-06-18,2022-06-16,2022-07-16,Dikonfirmasi,563,22
564,2022-06-16,375000,Sudah Bayar,,2022-06-19,2022-06-17,2022-07-17,Dikonfirmasi,564,90
565,2022-06-17,375000,Sudah Bayar,,2022-06-20,2022-06-18,2022-09-16,Dikonfirmasi,565,7
566,2022-06-25,350000,Sudah Bayar,,2022-06-28,2022-06-26,2022-11-23,Dikonfirmasi,566,35
567,2022-06-26,375000,Sudah Bayar,,2022-06-29,2022-06-27,2022-11-24,Dikonfirmasi,567,12
568,2022-06-11,350000,Sudah Bayar,,2022-06-14,2022-06-14,2022-11-11,Dikonfirmasi,568,101
569,2022-06-10,350000,Sudah Bayar,,2022-06-13,2022-06-11,2022-11-08,Dikonfirmasi,569,88
570,2022-06-04,375000,Sudah Bayar,,2022-06-07,2022-06-06,2022-11-03,Dikonfirmasi,570,24
571,2022-06-12,350000,Sudah Bayar,,2022-06-15,2022-06-15,2022-07-15,Dikonfirmasi,571,19
572,2022-06-17,350000,Sudah Bayar,,2022-06-20,2022-06-18,2022-09-16,Dikonfirmasi,572,3
573,2022-05-29,350000,Sudah Bayar,,2022-06-01,2022-06-01,2022-10-29,Dikonfirmasi,573,8
574,2022-06-05,350000,Sudah Bayar,,2022-06-08,2022-06-07,2022-11-04,Dikonfirmasi,574,57
575,2022-06-02,300000,Sudah Bayar,,2022-06-05,2022-06-03,2022-09-01,Dikonfirmasi,575,61
576,2022-06-19,300000,Sudah Bayar,,2022-06-22,2022-06-20,2022-09-18,Dikonfirmasi,576,84
577,2022-06-21,375000,Sudah Bayar,,2022-06-24,2022-06-23,2022-09-21,Dikonfirmasi,577,83
578,2022-06-23,300000,Sudah Bayar,,2022-06-26,2022-06-24,2022-07-24,Dikonfirmasi,578,98
579,2022-06-09,375000,Sudah Bayar,,2022-06-12,2022-06-12,2022-11-09,Dikonfirmasi,579,105
580,2022-06-08,300000,Sudah Bayar,,2022-06-11,2022-06-11,2022-07-11,Dikonfirmasi,580,45
581,2022-06-11,300000,Sudah Bayar,,2022-06-14,2022-06-13,2022-09-11,Dikonfirmasi,581,52
582,2022-06-17,375000,Sudah Bayar,,2022-06-20,2022-06-19,2022-11-16,Dikonfirmasi,582,87
583,2022-06-23,350000,Sudah Bayar,,2022-06-26,2022-06-25,2022-11-22,Dikonfirmasi,583,39
584,2022-07-02,375000,Sudah Bayar,,2022-07-05,2022-07-04,2022-08-03,Dikonfirmasi,584,91
585,2022-07-06,350000,Sudah Bayar,,2022-07-09,2022-07-09,2022-12-06,Dikonfirmasi,585,27
586,2022-07-11,300000,Sudah Bayar,,2022-07-14,2022-07-13,2022-08-12,Dikonfirmasi,586,47
587,2022-07-02,350000,Sudah Bayar,,2022-07-05,2022-07-05,2022-12-02,Dikonfirmasi,587,70
588,2022-07-17,350000,Sudah Bayar,,2022-07-20,2022-07-20,2022-12-17,Dikonfirmasi,588,5
589,2022-07-01,300000,Sudah Bayar,,2022-07-04,2022-07-04,2022-08-03,Dikonfirmasi,589,46
590,2022-07-17,300000,Sudah Bayar,,2022-07-20,2022-07-19,2022-12-16,Dikonfirmasi,590,23
591,2022-07-07,300000,Sudah Bayar,,2022-07-10,2022-07-09,2022-12-06,Dikonfirmasi,591,29
592,2022-06-28,300000,Sudah Bayar,,2022-07-01,2022-07-01,2022-09-29,Dikonfirmasi,592,11
593,2022-07-05,350000,Sudah Bayar,,2022-07-08,2022-07-06,2022-12-03,Dikonfirmasi,593,65
594,2022-07-11,350000,Sudah Bayar,,2022-07-14,2022-07-13,2022-08-12,Dikonfirmasi,594,9
595,2022-07-02,350000,Sudah Bayar,,2022-07-05,2022-07-05,2022-08-04,Dikonfirmasi,595,104
596,2022-07-22,375000,Sudah Bayar,,2022-07-25,2022-07-24,2022-08-23,Dikonfirmasi,596,85
597,2022-07-21,375000,Sudah Bayar,,2022-07-24,2022-07-24,2022-10-22,Dikonfirmasi,597,53
598,2022-07-15,375000,Sudah Bayar,,2022-07-18,2022-07-18,2022-10-16,Dikonfirmasi,598,56
599,2022-08-17,375000,Sudah Bayar,,2022-08-20,2022-08-18,2023-01-15,Dikonfirmasi,599,43
600,2022-08-08,300000,Sudah Bayar,,2022-08-11,2022-08-10,2022-09-09,Dikonfirmasi,600,37
601,2022-08-16,350000,Sudah Bayar,,2022-08-19,2022-08-17,2022-09-16,Dikonfirmasi,601,41
602,2022-08-23,350000,Sudah Bayar,,2022-08-26,2022-08-26,2023-01-23,Dikonfirmasi,602,95
603,2022-08-21,350000,Sudah Bayar,,2022-08-24,2022-08-24,2022-11-22,Dikonfirmasi,603,94
604,2022-08-24,300000,Sudah Bayar,,2022-08-27,2022-08-26,2022-11-24,Dikonfirmasi,604,79
605,2022-08-09,375000,Sudah Bayar,,2022-08-12,2022-08-12,2022-11-10,Dikonfirmasi,605,60
606,2022-08-06,300000,Sudah Bayar,,2022-08-09,2022-08-09,2022-09-08,Dikonfirmasi,606,68
607,2022-09-21,375000,Sudah Bayar,,2022-09-24,2022-09-22,2022-10-22,Dikonfirmasi,607,6
608,2022-09-05,300000,Sudah Bayar,,2022-09-08,2022-09-08,2022-10-08,Dikonfirmasi,608,73
609,2022-09-20,350000,Sudah Bayar,,2022-09-23,2022-09-21,2022-12-20,Dikonfirmasi,609,26
610,2022-09-26,300000,Sudah Bayar,,2022-09-29,2022-09-27,2022-12-26,Dikonfirmasi,610,55
611,2022-09-03,350000,Sudah Bayar,,2022-09-06,2022-09-05,2023-02-02,Dikonfirmasi,611,44
612,2022-09-10,350000,Sudah Bayar,,2022-09-13,2022-09-11,2022-12-10,Dikonfirmasi,612,20
613,2022-09-21,300000,Sudah Bayar,,2022-09-24,2022-09-22,2022-10-22,Dikonfirmasi,613,54
614,2022-09-09,375000,Sudah Bayar,,2022-09-12,2022-09-11,2022-10-11,Dikonfirmasi,614,106
615,2022-09-04,300000,Sudah Bayar,,2022-09-07,2022-09-07,2022-12-06,Dikonfirmasi,615,25
616,2022-08-31,350000,Sudah Bayar,,2022-09-03,2022-09-01,2022-11-30,Dikonfirmasi,616,64
617,2022-09-07,350000,Sudah Bayar,,2022-09-10,2022-09-08,2023-02-05,Dikonfirmasi,617,17
618,2022-08-31,375000,Sudah Bayar,,2022-09-03,2022-09-01,2022-10-01,Dikonfirmasi,618,50
619,2022-09-22,300000,Sudah Bayar,,2022-09-25,2022-09-25,2023-02-22,Dikonfirmasi,619,72
620,2022-09-21,300000,Sudah Bayar,,2022-09-24,2022-09-24,2022-10-24,Dikonfirmasi,620,49
621,2022-09-16,375000,Sudah Bayar,,2022-09-19,2022-09-19,2022-12-18,Dikonfirmasi,621,18
622,2022-09-11,350000,Sudah Bayar,,2022-09-14,2022-09-14,2023-02-11,Dikonfirmasi,622,71
623,2022-09-25,300000,Sudah Bayar,,2022-09-28,2022-09-26,2023-02-23,Dikonfirmasi,623,4
624,2022-09-09,375000,Sudah Bayar,,2022-09-12,2022-09-12,2022-12-11,Dikonfirmasi,624,93
625,2022-09-13,375000,Sudah Bayar,,2022-09-16,2022-09-14,2023-02-11,Dikonfirmasi,625,47
626,2022-09-05,375000,Sudah Bayar,,2022-09-08,2022-09-08,2023-02-05,Dikonfirmasi,626,104
627,2022-09-03,300000,Sudah Bayar,,2022-09-06,2022-09-04,2022-12-03,Dikonfirmasi,627,10
628,2022-09-01,300000,Sudah Bayar,,2022-09-04,2022-09-04,2023-02-01,Dikonfirmasi,628,28
629,2022-09-11,300000,Sudah Bayar,,2022-09-14,2022-09-13,2022-12-12,Dikonfirmasi,629,90
630,2022-09-05,300000,Sudah Bayar,,2022-09-08,2022-09-08,2022-10-08,Dikonfirmasi,630,33
631,2022-09-06,300000,Sudah Bayar,,2022-09-09,2022-09-08,2022-12-07,Dikonfirmasi,631,74
632,2022-09-08,300000,Sudah Bayar,,2022-09-11,2022-09-10,2022-12-09,Dikonfirmasi,632,16
633,2022-09-03,375000,Sudah Bayar,,2022-09-06,2022-09-06,2022-10-06,Dikonfirmasi,633,63
634,2022-09-12,300000,Sudah Bayar,,2022-09-15,2022-09-13,2023-02-10,Dikonfirmasi,634,59
635,2022-09-21,375000,Sudah Bayar,,2022-09-24,2022-09-24,2022-12-23,Dikonfirmasi,635,58
636,2022-09-18,350000,Sudah Bayar,,2022-09-21,2022-09-21,2023-02-18,Dikonfirmasi,636,38
637,2022-10-07,350000,Sudah Bayar,,2022-10-10,2022-10-10,2023-03-09,Dikonfirmasi,637,40
638,2022-10-22,375000,Sudah Bayar,,2022-10-25,2022-10-25,2023-01-23,Dikonfirmasi,638,7
639,2022-10-15,375000,Sudah Bayar,,2022-10-18,2022-10-18,2022-11-17,Dikonfirmasi,639,85
640,2022-09-30,375000,Sudah Bayar,,2022-10-03,2022-10-03,2023-03-02,Dikonfirmasi,640,52
641,2022-10-14,350000,Sudah Bayar,,2022-10-17,2022-10-16,2023-03-15,Dikonfirmasi,641,32
642,2022-10-12,350000,Sudah Bayar,,2022-10-15,2022-10-14,2023-01-12,Dikonfirmasi,642,30
643,2022-10-09,350000,Sudah Bayar,,2022-10-12,2022-10-10,2023-03-09,Dikonfirmasi,643,36
644,2022-10-07,375000,Sudah Bayar,,2022-10-10,2022-10-10,2023-01-08,Dikonfirmasi,644,83
645,2022-10-21,300000,Sudah Bayar,,2022-10-24,2022-10-22,2023-01-20,Dikonfirmasi,645,45
646,2022-10-15,375000,Sudah Bayar,,2022-10-18,2022-10-16,2023-03-15,Dikonfirmasi,646,80
647,2022-10-22,350000,Sudah Bayar,,2022-10-25,2022-10-24,2022-11-23,Dikonfirmasi,647,63
648,2022-10-04,375000,Sudah Bayar,,2022-10-07,2022-10-07,2023-03-06,Dikonfirmasi,648,75
649,2022-10-06,300000,Sudah Bayar,,2022-10-09,2022-10-09,2023-03-08,Dikonfirmasi,649,102
650,2022-10-20,350000,Sudah Bayar,,2022-10-23,2022-10-21,2023-01-19,Dikonfirmasi,650,3
651,2022-10-12,300000,Sudah Bayar,,2022-10-15,2022-10-14,2023-03-13,Dikonfirmasi,651,91
652,2022-10-23,300000,Sudah Bayar,,2022-10-26,2022-10-25,2022-11-24,Dikonfirmasi,652,19
653,2022-10-08,375000,Sudah Bayar,,2022-10-11,2022-10-10,2023-01-08,Dikonfirmasi,653,31
654,2022-10-23,375000,Sudah Bayar,,2022-10-26,2022-10-25,2022-11-24,Dikonfirmasi,654,53
655,2022-10-16,375000,Sudah Bayar,,2022-10-19,2022-10-17,2022-11-16,Dikonfirmasi,655,86
656,2022-10-06,300000,Sudah Bayar,,2022-10-09,2022-10-07,2023-01-05,Dikonfirmasi,656,92
657,2022-10-07,375000,Sudah Bayar,,2022-10-10,2022-10-08,2022-11-07,Dikonfirmasi,657,69
658,2022-09-30,350000,Sudah Bayar,,2022-10-03,2022-10-03,2022-11-02,Dikonfirmasi,658,41
659,2022-10-26,375000,Sudah Bayar,,2022-10-29,2022-10-27,2023-01-25,Dikonfirmasi,659,106
660,2022-10-22,375000,Sudah Bayar,,2022-10-25,2022-10-23,2022-11-22,Dikonfirmasi,660,62
661,2022-10-09,350000,Sudah Bayar,,2022-10-12,2022-10-10,2023-01-08,Dikonfirmasi,661,81
662,2022-11-06,300000,Sudah Bayar,,2022-11-09,2022-11-07,2023-02-05,Dikonfirmasi,662,66
663,2022-10-29,350000,Sudah Bayar,,2022-11-01,2022-11-01,2023-01-30,Dikonfirmasi,663,77
664,2022-11-16,375000,Sudah Bayar,,2022-11-19,2022-11-19,2022-12-19,Dikonfirmasi,664,14
665,2022-11-18,350000,Sudah Bayar,,2022-11-21,2022-11-20,2023-02-18,Dikonfirmasi,665,69
666,2022-11-24,300000,Sudah Bayar,,2022-11-27,2022-11-26,2023-04-25,Dikonfirmasi,666,84
667,2022-11-16,350000,Sudah Bayar,,2022-11-19,2022-11-19,2023-02-17,Dikonfirmasi,667,21
668,2022-11-23,350000,Sudah Bayar,,2022-11-26,2022-11-25,2023-02-23,Dikonfirmasi,668,76
669,2022-11-10,300000,Sudah Bayar,,2022-11-13,2022-11-11,2023-04-10,Dikonfirmasi,669,105
670,2022-11-10,350000,Sudah Bayar,,2022-11-13,2022-11-12,2023-02-10,Dikonfirmasi,670,48
671,2022-11-04,375000,Sudah Bayar,,2022-11-07,2022-11-06,2022-12-06,Dikonfirmasi,671,37
672,2022-11-06,375000,Sudah Bayar,,2022-11-09,2022-11-08,2023-02-06,Dikonfirmasi,672,82
673,2022-11-08,300000,Sudah Bayar,,2022-11-11,2022-11-09,2023-04-08,Dikonfirmasi,673,24
674,2022-11-17,375000,Sudah Bayar,,2022-11-20,2022-11-20,2023-02-18,Dikonfirmasi,674,33
675,2022-11-02,350000,Sudah Bayar,,2022-11-05,2022-11-03,2022-12-03,Dikonfirmasi,675,100
676,2022-11-13,350000,Sudah Bayar,,2022-11-16,2022-11-15,2023-02-13,Dikonfirmasi,676,56
677,2022-12-08,300000,Sudah Bayar,,2022-12-11,2022-12-10,2023-03-10,Dikonfirmasi,677,6
678,2022-12-19,300000,Sudah Bayar,,2022-12-22,2022-12-20,2023-03-20,Dikonfirmasi,678,34
679,2022-11-29,350000,Sudah Bayar,,2022-12-02,2022-12-01,2023-04-30,Dikonfirmasi,679,63
680,2022-12-10,375000,Sudah Bayar,,2022-12-13,2022-12-11,2023-05-10,Dikonfirmasi,680,12
681,2022-12-09,350000,Sudah Bayar,,2022-12-12,2022-12-12,2023-01-11,Dikonfirmasi,681,53
682,2022-12-06,375000,Sudah Bayar,,2022-12-09,2022-12-09,2023-05-08,Dikonfirmasi,682,64
683,2022-12-15,350000,Sudah Bayar,,2022-12-18,2022-12-16,2023-03-16,Dikonfirmasi,683,54
684,2022-12-04,375000,Sudah Bayar,,2022-12-07,2022-12-06,2023-01-05,Dikonfirmasi,684,60
685,2022-12-23,375000,Sudah Bayar,,2022-12-26,2022-12-24,2023-01-23,Dikonfirmasi,685,57
686,2022-12-15,300000,Sudah Bayar,,2022-12-18,2022-12-17,2023-01-16,Dikonfirmasi,686,10
687,2022-12-18,350000,Sudah Bayar,,2022-12-21,2022-12-19,2023-01-18,Dikonfirmasi,687,23
688,2022-12-22,375000,Sudah Bayar,,2022-12-25,2022-12-24,2023-01-23,Dikonfirmasi,688,13
689,2022-12-11,350000,Sudah Bayar,,2022-12-14,2022-12-14,2023-05-13,Dikonfirmasi,689,29
690,2022-12-14,375000,Sudah Bayar,,2022-12-17,2022-12-17,2023-03-17,Dikonfirmasi,690,16
691,2022-12-06,375000,Sudah Bayar,,2022-12-09,2022-12-07,2023-05-06,Dikonfirmasi,691,25
692,2022-12-23,350000,Sudah Bayar,,2022-12-26,2022-12-26,2023-01-25,Dikonfirmasi,692,11
693,2022-12-17,300000,Sudah Bayar,,2022-12-20,2022-12-18,2023-03-18,Dikonfirmasi,693,96
694,2022-12-23,375000,Sudah Bayar,,2022-12-26,2022-12-26,2023-03-26,Dikonfirmasi,694,101
695,2022-12-24,350000,Sudah Bayar,,2022-12-27,2022-12-25,2023-01-24,Dikonfirmasi,695,58
696,2022-11-30,350000,Sudah Bayar,,2022-12-03,2022-12-03,2023-01-02,Dikonfirmasi,696,49
697,2022-12-02,350000,Sudah Bayar,,2022-12-05,2022-12-03,2023-01-02,Dikonfirmasi,697,35
698,2022-12-21,300000,Sudah Bayar,,2022-12-24,2022-12-23,2023-03-23,Dikonfirmasi,698,18
699,2022-12-10,375000,Sudah Bayar,,2022-12-13,2022-12-11,2023-01-10,Dikonfirmasi,699,97
700,2022-12-08,375000,Sudah Bayar,,2022-12-11,2022-12-11,2023-03-11,Dikonfirmasi,700,27
701,2022-12-22,375000,Sudah Bayar,,2022-12-25,2022-12-25,2023-01-24,Dikonfirmasi,701,98
702,2021-01-14,375000,Sudah Bayar,,2021-01-17,2021-01-17,2021-06-16,Dikonfirmasi,702,53
703,2021-01-09,300000,Sudah Bayar,,2021-01-12,2021-01-11,2021-04-11,Dikonfirmasi,703,88
704,2021-01-04,350000,Sudah Bayar,,2021-01-07,2021-01-07,2021-06-06,Dikonfirmasi,704,43
705,2021-01-05,375000,Sudah Bayar,,2021-01-08,2021-01-07,2021-02-06,Dikonfirmasi,705,29
706,2020-12-31,350000,Sudah Bayar,,2021-01-03,2021-01-02,2021-02-01,Dikonfirmasi,706,18
707,2020-12-30,350000,Sudah Bayar,,2021-01-02,2021-01-01,2021-05-31,Dikonfirmasi,707,82
708,2021-01-03,300000,Sudah Bayar,,2021-01-06,2021-01-05,2021-04-05,Dikonfirmasi,708,105
709,2021-01-12,300000,Sudah Bayar,,2021-01-15,2021-01-14,2021-04-14,Dikonfirmasi,709,81
710,2021-01-01,375000,Sudah Bayar,,2021-01-04,2021-01-04,2021-02-03,Dikonfirmasi,710,98
711,2021-01-21,300000,Sudah Bayar,,2021-01-24,2021-01-23,2021-04-23,Dikonfirmasi,711,66
712,2021-01-17,375000,Sudah Bayar,,2021-01-20,2021-01-20,2021-02-19,Dikonfirmasi,712,99
713,2021-01-10,375000,Sudah Bayar,,2021-01-13,2021-01-12,2021-06-11,Dikonfirmasi,713,70
714,2021-01-06,350000,Sudah Bayar,,2021-01-09,2021-01-09,2021-04-09,Dikonfirmasi,714,48
715,2021-01-18,350000,Sudah Bayar,,2021-01-21,2021-01-19,2021-04-19,Dikonfirmasi,715,90
716,2021-01-17,300000,Sudah Bayar,,2021-01-20,2021-01-18,2021-06-17,Dikonfirmasi,716,77
717,2021-01-22,350000,Sudah Bayar,,2021-01-25,2021-01-25,2021-02-24,Dikonfirmasi,717,56
718,2021-01-02,375000,Sudah Bayar,,2021-01-05,2021-01-04,2021-06-03,Dikonfirmasi,718,106
719,2021-01-02,300000,Sudah Bayar,,2021-01-05,2021-01-04,2021-02-03,Dikonfirmasi,719,103
720,2021-01-11,350000,Sudah Bayar,,2021-01-14,2021-01-13,2021-02-12,Dikonfirmasi,720,50
721,2021-01-08,350000,Sudah Bayar,,2021-01-11,2021-01-09,2021-06-08,Dikonfirmasi,721,94
722,2021-01-23,300000,Sudah Bayar,,2021-01-26,2021-01-25,2021-06-24,Dikonfirmasi,722,4
723,2021-01-19,350000,Sudah Bayar,,2021-01-22,2021-01-20,2021-02-19,Dikonfirmasi,723,47
724,2021-01-03,375000,Sudah Bayar,,2021-01-06,2021-01-04,2021-06-03,Dikonfirmasi,724,55
725,2021-01-11,350000,Sudah Bayar,,2021-01-14,2021-01-14,2021-04-14,Dikonfirmasi,725,7
726,2020-12-31,375000,Sudah Bayar,,2021-01-03,2021-01-03,2021-06-02,Dikonfirmasi,726,71
727,2021-02-03,300000,Sudah Bayar,,2021-02-06,2021-02-04,2021-05-05,Dikonfirmasi,727,57
728,2021-02-07,300000,Sudah Bayar,,2021-02-10,2021-02-09,2021-05-10,Dikonfirmasi,728,37
729,2021-02-11,350000,Sudah Bayar,,2021-02-14,2021-02-12,2021-07-12,Dikonfirmasi,729,74
730,2021-02-01,300000,Sudah Bayar,,2021-02-04,2021-02-03,2021-05-04,Dikonfirmasi,730,101
731,2021-02-13,375000,Sudah Bayar,,2021-02-16,2021-02-14,2021-05-15,Dikonfirmasi,731,67
732,2021-02-01,375000,Sudah Bayar,,2021-02-04,2021-02-03,2021-05-04,Dikonfirmasi,732,38
733,2021-02-15,350000,Sudah Bayar,,2021-02-18,2021-02-17,2021-07-17,Dikonfirmasi,733,12
734,2021-01-30,350000,Sudah Bayar,,2021-02-02,2021-02-01,2021-05-02,Dikonfirmasi,734,45
735,2021-02-11,300000,Sudah Bayar,,2021-02-14,2021-02-12,2021-03-14,Dikonfirmasi,735,41
736,2021-02-17,350000,Sudah Bayar,,2021-02-20,2021-02-19,2021-03-21,Dikonfirmasi,736,96
737,2021-02-04,375000,Sudah Bayar,,2021-02-07,2021-02-05,2021-03-07,Dikonfirmasi,737,6
738,2021-02-22,350000,Sudah Bayar,,2021-02-25,2021-02-25,2021-07-25,Dikonfirmasi,738,28
739,2021-02-10,375000,Sudah Bayar,,2021-02-13,2021-02-11,2021-07-11,Dikonfirmasi,739,29
740,2021-02-03,300000,Sudah Bayar,,2021-02-06,2021-02-04,2021-07-04,Dikonfirmasi,740,62
741,2021-02-20,375000,Sudah Bayar,,2021-02-23,2021-02-23,2021-05-24,Dikonfirmasi,741,33
742,2021-02-24,300000,Sudah Bayar,,2021-02-27,2021-02-25,2021-05-26,Dikonfirmasi,742,64
743,2021-02-01,300000,Sudah Bayar,,2021-02-04,2021-02-04,2021-05-05,Dikonfirmasi,743,83
744,2021-02-06,350000,Sudah Bayar,,2021-02-09,2021-02-07,2021-05-08,Dikonfirmasi,744,72
745,2021-02-24,350000,Sudah Bayar,,2021-02-27,2021-02-27,2021-03-29,Dikonfirmasi,745,11
746,2021-02-18,300000,Sudah Bayar,,2021-02-21,2021-02-21,2021-03-23,Dikonfirmasi,746,54
747,2021-02-02,300000,Sudah Bayar,,2021-02-05,2021-02-04,2021-03-06,Dikonfirmasi,747,27
748,2021-02-16,300000,Sudah Bayar,,2021-02-19,2021-02-19,2021-03-21,Dikonfirmasi,748,24
749,2021-02-06,300000,Sudah Bayar,,2021-02-09,2021-02-09,2021-05-10,Dikonfirmasi,749,32
750,2021-02-24,350000,Sudah Bayar,,2021-02-27,2021-02-25,2021-05-26,Dikonfirmasi,750,13
751,2021-02-01,375000,Sudah Bayar,,2021-02-04,2021-02-04,2021-03-06,Dikonfirmasi,751,58
752,2021-02-19,350000,Sudah Bayar,,2021-02-22,2021-02-20,2021-05-21,Dikonfirmasi,752,36
753,2021-02-13,300000,Sudah Bayar,,2021-02-16,2021-02-16,2021-03-18,Dikonfirmasi,753,63
754,2021-02-01,350000,Sudah Bayar,,2021-02-04,2021-02-04,2021-07-04,Dikonfirmasi,754,19
755,2021-02-23,300000,Sudah Bayar,,2021-02-26,2021-02-26,2021-03-28,Dikonfirmasi,755,73
756,2021-02-17,350000,Sudah Bayar,,2021-02-20,2021-02-20,2021-05-21,Dikonfirmasi,756,2
757,2021-03-07,375000,Sudah Bayar,,2021-03-10,2021-03-10,2021-08-07,Dikonfirmasi,757,44
758,2021-03-21,300000,Sudah Bayar,,2021-03-24,2021-03-24,2021-08-21,Dikonfirmasi,758,104
759,2021-03-08,350000,Sudah Bayar,,2021-03-11,2021-03-11,2021-06-09,Dikonfirmasi,759,6
760,2021-03-24,300000,Sudah Bayar,,2021-03-27,2021-03-27,2021-04-26,Dikonfirmasi,760,5
761,2021-03-13,300000,Sudah Bayar,,2021-03-16,2021-03-14,2021-06-12,Dikonfirmasi,761,103
762,2021-03-24,375000,Sudah Bayar,,2021-03-27,2021-03-25,2021-08-22,Dikonfirmasi,762,100
763,2021-03-24,300000,Sudah Bayar,,2021-03-27,2021-03-26,2021-06-24,Dikonfirmasi,763,87
764,2021-03-02,375000,Sudah Bayar,,2021-03-05,2021-03-03,2021-06-01,Dikonfirmasi,764,56
765,2021-03-19,300000,Sudah Bayar,,2021-03-22,2021-03-21,2021-08-18,Dikonfirmasi,765,65
766,2021-03-03,350000,Sudah Bayar,,2021-03-06,2021-03-04,2021-04-03,Dikonfirmasi,766,30
767,2021-03-21,350000,Sudah Bayar,,2021-03-24,2021-03-23,2021-08-20,Dikonfirmasi,767,9
768,2021-03-10,300000,Sudah Bayar,,2021-03-13,2021-03-11,2021-06-09,Dikonfirmasi,768,68
769,2021-03-18,375000,Sudah Bayar,,2021-03-21,2021-03-21,2021-08-18,Dikonfirmasi,769,20
770,2021-03-02,375000,Sudah Bayar,,2021-03-05,2021-03-04,2021-06-02,Dikonfirmasi,770,16
771,2021-03-03,350000,Sudah Bayar,,2021-03-06,2021-03-04,2021-04-03,Dikonfirmasi,771,40
772,2021-03-08,350000,Sudah Bayar,,2021-03-11,2021-03-10,2021-08-07,Dikonfirmasi,772,80
773,2021-03-10,350000,Sudah Bayar,,2021-03-13,2021-03-12,2021-06-10,Dikonfirmasi,773,27
774,2021-03-09,300000,Sudah Bayar,,2021-03-12,2021-03-12,2021-08-09,Dikonfirmasi,774,75
775,2021-03-23,350000,Sudah Bayar,,2021-03-26,2021-03-26,2021-04-25,Dikonfirmasi,775,35
776,2021-03-25,350000,Sudah Bayar,,2021-03-28,2021-03-27,2021-08-24,Dikonfirmasi,776,14
777,2021-03-15,350000,Sudah Bayar,,2021-03-18,2021-03-16,2021-06-14,Dikonfirmasi,777,84
778,2021-03-23,300000,Sudah Bayar,,2021-03-26,2021-03-26,2021-08-23,Dikonfirmasi,778,31
779,2021-03-24,350000,Sudah Bayar,,2021-03-27,2021-03-26,2021-08-23,Dikonfirmasi,779,78
780,2021-03-18,375000,Sudah Bayar,,2021-03-21,2021-03-19,2021-06-17,Dikonfirmasi,780,86
781,2021-03-07,350000,Sudah Bayar,,2021-03-10,2021-03-09,2021-04-08,Dikonfirmasi,781,98
782,2021-04-02,375000,Sudah Bayar,,2021-04-05,2021-04-03,2021-05-03,Dikonfirmasi,782,60
783,2021-03-31,350000,Sudah Bayar,,2021-04-03,2021-04-01,2021-05-01,Dikonfirmasi,783,96
784,2021-04-25,350000,Sudah Bayar,,2021-04-28,2021-04-27,2021-05-27,Dikonfirmasi,784,63
785,2021-04-24,350000,Sudah Bayar,,2021-04-27,2021-04-25,2021-09-22,Dikonfirmasi,785,92
786,2021-04-05,375000,Sudah Bayar,,2021-04-08,2021-04-07,2021-09-04,Dikonfirmasi,786,40
787,2021-04-18,350000,Sudah Bayar,,2021-04-21,2021-04-19,2021-09-16,Dikonfirmasi,787,105
788,2021-04-15,350000,Sudah Bayar,,2021-04-18,2021-04-16,2021-07-15,Dikonfirmasi,788,25
789,2021-04-19,300000,Sudah Bayar,,2021-04-22,2021-04-20,2021-07-19,Dikonfirmasi,789,49
790,2021-04-25,300000,Sudah Bayar,,2021-04-28,2021-04-27,2021-09-24,Dikonfirmasi,790,93
791,2021-04-14,300000,Sudah Bayar,,2021-04-17,2021-04-16,2021-09-13,Dikonfirmasi,791,76
792,2021-04-20,300000,Sudah Bayar,,2021-04-23,2021-04-21,2021-07-20,Dikonfirmasi,792,50
793,2021-04-08,350000,Sudah Bayar,,2021-04-11,2021-04-09,2021-07-08,Dikonfirmasi,793,1
794,2021-04-05,300000,Sudah Bayar,,2021-04-08,2021-04-07,2021-09-04,Dikonfirmasi,794,11
795,2021-04-26,300000,Sudah Bayar,,2021-04-29,2021-04-27,2021-05-27,Dikonfirmasi,795,79
796,2021-04-02,375000,Sudah Bayar,,2021-04-05,2021-04-03,2021-07-02,Dikonfirmasi,796,23
797,2021-03-31,350000,Sudah Bayar,,2021-04-03,2021-04-03,2021-05-03,Dikonfirmasi,797,95
798,2021-04-08,350000,Sudah Bayar,,2021-04-11,2021-04-11,2021-05-11,Dikonfirmasi,798,30
799,2021-04-17,300000,Sudah Bayar,,2021-04-20,2021-04-20,2021-05-20,Dikonfirmasi,799,59
800,2021-04-20,350000,Sudah Bayar,,2021-04-23,2021-04-21,2021-05-21,Dikonfirmasi,800,73
801,2021-04-24,375000,Sudah Bayar,,2021-04-27,2021-04-26,2021-05-26,Dikonfirmasi,801,26
802,2021-04-13,350000,Sudah Bayar,,2021-04-16,2021-04-15,2021-05-15,Dikonfirmasi,802,42
803,2021-04-11,300000,Sudah Bayar,,2021-04-14,2021-04-13,2021-05-13,Dikonfirmasi,803,8
804,2021-04-10,375000,Sudah Bayar,,2021-04-13,2021-04-13,2021-05-13,Dikonfirmasi,804,22
805,2021-04-25,300000,Sudah Bayar,,2021-04-28,2021-04-26,2021-07-25,Dikonfirmasi,805,102
806,2021-04-16,375000,Sudah Bayar,,2021-04-19,2021-04-17,2021-07-16,Dikonfirmasi,806,85
807,2021-04-06,375000,Sudah Bayar,,2021-04-09,2021-04-08,2021-09-05,Dikonfirmasi,807,17
808,2021-04-02,300000,Sudah Bayar,,2021-04-05,2021-04-05,2021-05-05,Dikonfirmasi,808,97
809,2021-03-31,300000,Sudah Bayar,,2021-04-03,2021-04-01,2021-08-29,Dikonfirmasi,809,47
810,2021-04-16,300000,Sudah Bayar,,2021-04-19,2021-04-18,2021-07-17,Dikonfirmasi,810,91
811,2021-04-03,300000,Sudah Bayar,,2021-04-06,2021-04-04,2021-05-04,Dikonfirmasi,811,18
812,2021-05-18,350000,Sudah Bayar,,2021-05-21,2021-05-21,2021-06-20,Dikonfirmasi,812,24
813,2021-05-18,375000,Sudah Bayar,,2021-05-21,2021-05-19,2021-10-16,Dikonfirmasi,813,15
814,2021-05-19,300000,Sudah Bayar,,2021-05-22,2021-05-21,2021-08-19,Dikonfirmasi,814,89
815,2021-05-07,300000,Sudah Bayar,,2021-05-10,2021-05-09,2021-06-08,Dikonfirmasi,815,54
816,2021-05-01,300000,Sudah Bayar,,2021-05-04,2021-05-02,2021-09-29,Dikonfirmasi,816,81
817,2021-06-07,300000,Sudah Bayar,,2021-06-10,2021-06-10,2021-07-10,Dikonfirmasi,817,66
818,2021-06-12,375000,Sudah Bayar,,2021-06-15,2021-06-14,2021-07-14,Dikonfirmasi,818,55
819,2021-06-14,350000,Sudah Bayar,,2021-06-17,2021-06-16,2021-09-14,Dikonfirmasi,819,30
820,2021-06-09,350000,Sudah Bayar,,2021-06-12,2021-06-10,2021-09-08,Dikonfirmasi,820,21
821,2021-06-13,300000,Sudah Bayar,,2021-06-16,2021-06-15,2021-09-13,Dikonfirmasi,821,43
822,2021-06-02,300000,Sudah Bayar,,2021-06-05,2021-06-05,2021-11-02,Dikonfirmasi,822,48
823,2021-06-16,300000,Sudah Bayar,,2021-06-19,2021-06-17,2021-09-15,Dikonfirmasi,823,70
824,2021-06-10,375000,Sudah Bayar,,2021-06-13,2021-06-11,2021-07-11,Dikonfirmasi,824,72
825,2021-06-08,300000,Sudah Bayar,,2021-06-11,2021-06-09,2021-11-06,Dikonfirmasi,825,73
826,2021-06-23,375000,Sudah Bayar,,2021-06-26,2021-06-24,2021-09-22,Dikonfirmasi,826,98
827,2021-06-09,350000,Sudah Bayar,,2021-06-12,2021-06-12,2021-11-09,Dikonfirmasi,827,22
828,2021-06-22,350000,Sudah Bayar,,2021-06-25,2021-06-25,2021-11-22,Dikonfirmasi,828,54
829,2021-06-24,350000,Sudah Bayar,,2021-06-27,2021-06-26,2021-11-23,Dikonfirmasi,829,6
830,2021-06-03,350000,Sudah Bayar,,2021-06-06,2021-06-05,2021-07-05,Dikonfirmasi,830,26
831,2021-06-21,375000,Sudah Bayar,,2021-06-24,2021-06-24,2021-11-21,Dikonfirmasi,831,58
832,2021-06-17,350000,Sudah Bayar,,2021-06-20,2021-06-18,2021-11-15,Dikonfirmasi,832,32
833,2021-06-08,300000,Sudah Bayar,,2021-06-11,2021-06-09,2021-09-07,Dikonfirmasi,833,45
834,2021-06-11,300000,Sudah Bayar,,2021-06-14,2021-06-14,2021-07-14,Dikonfirmasi,834,60
835,2021-06-14,350000,Sudah Bayar,,2021-06-17,2021-06-15,2021-11-12,Dikonfirmasi,835,3
836,2021-06-07,375000,Sudah Bayar,,2021-06-10,2021-06-09,2021-11-06,Dikonfirmasi,836,37
837,2021-06-02,350000,Sudah Bayar,,2021-06-05,2021-06-05,2021-07-05,Dikonfirmasi,837,90
838,2021-07-18,300000,Sudah Bayar,,2021-07-21,2021-07-21,2021-08-20,Dikonfirmasi,838,86
839,2021-07-06,375000,Sudah Bayar,,2021-07-09,2021-07-07,2021-12-04,Dikonfirmasi,839,83
840,2021-07-14,300000,Sudah Bayar,,2021-07-17,2021-07-15,2021-12-12,Dikonfirmasi,840,66
841,2021-07-16,300000,Sudah Bayar,,2021-07-19,2021-07-17,2021-12-14,Dikonfirmasi,841,82
842,2021-07-21,300000,Sudah Bayar,,2021-07-24,2021-07-22,2021-10-20,Dikonfirmasi,842,74
843,2021-07-15,375000,Sudah Bayar,,2021-07-18,2021-07-18,2021-12-15,Dikonfirmasi,843,29
844,2021-07-18,375000,Sudah Bayar,,2021-07-21,2021-07-20,2021-10-18,Dikonfirmasi,844,88
845,2021-07-08,375000,Sudah Bayar,,2021-07-11,2021-07-10,2021-08-09,Dikonfirmasi,845,79
846,2021-07-29,300000,Sudah Bayar,,2021-08-01,2021-08-01,2021-12-29,Dikonfirmasi,846,16
847,2021-08-12,300000,Sudah Bayar,,2021-08-15,2021-08-14,2022-01-11,Dikonfirmasi,847,90
848,2021-08-17,300000,Sudah Bayar,,2021-08-20,2021-08-19,2022-01-16,Dikonfirmasi,848,33
849,2021-07-30,350000,Sudah Bayar,,2021-08-02,2021-08-01,2021-08-31,Dikonfirmasi,849,67
850,2021-08-11,300000,Sudah Bayar,,2021-08-14,2021-08-12,2021-09-11,Dikonfirmasi,850,103
851,2021-08-01,350000,Sudah Bayar,,2021-08-04,2021-08-02,2021-12-30,Dikonfirmasi,851,13
852,2021-08-06,375000,Sudah Bayar,,2021-08-09,2021-08-07,2021-11-05,Dikonfirmasi,852,64
853,2021-08-19,375000,Sudah Bayar,,2021-08-22,2021-08-22,2021-11-20,Dikonfirmasi,853,41
854,2021-08-10,300000,Sudah Bayar,,2021-08-13,2021-08-12,2021-11-10,Dikonfirmasi,854,52
855,2021-08-21,350000,Sudah Bayar,,2021-08-24,2021-08-22,2021-09-21,Dikonfirmasi,855,60
856,2021-07-29,300000,Sudah Bayar,,2021-08-01,2021-08-01,2021-10-30,Dikonfirmasi,856,39
857,2021-08-22,350000,Sudah Bayar,,2021-08-25,2021-08-24,2021-11-22,Dikonfirmasi,857,96
858,2021-08-04,300000,Sudah Bayar,,2021-08-07,2021-08-07,2022-01-04,Dikonfirmasi,858,4
859,2021-07-29,375000,Sudah Bayar,,2021-08-01,2021-08-01,2021-12-29,Dikonfirmasi,859,91
860,2021-08-09,300000,Sudah Bayar,,2021-08-12,2021-08-12,2022-01-09,Dikonfirmasi,860,80
861,2021-08-30,300000,Sudah Bayar,,2021-09-02,2021-09-02,2021-10-02,Dikonfirmasi,861,104
862,2021-09-18,375000,Sudah Bayar,,2021-09-21,2021-09-21,2021-10-21,Dikonfirmasi,862,59
863,2021-09-01,375000,Sudah Bayar,,2021-09-04,2021-09-04,2022-02-01,Dikonfirmasi,863,31
864,2021-09-23,375000,Sudah Bayar,,2021-09-26,2021-09-24,2022-02-21,Dikonfirmasi,864,26
865,2021-09-17,300000,Sudah Bayar,,2021-09-20,2021-09-19,2021-12-18,Dikonfirmasi,865,101
866,2021-09-17,300000,Sudah Bayar,,2021-09-20,2021-09-20,2022-02-17,Dikonfirmasi,866,5
867,2021-09-05,350000,Sudah Bayar,,2021-09-08,2021-09-08,2021-12-07,Dikonfirmasi,867,46
868,2021-09-22,350000,Sudah Bayar,,2021-09-25,2021-09-25,2021-12-24,Dikonfirmasi,868,103
869,2021-10-12,375000,Sudah Bayar,,2021-10-15,2021-10-15,2022-01-13,Dikonfirmasi,869,76
870,2021-10-22,350000,Sudah Bayar,,2021-10-25,2021-10-24,2022-01-22,Dikonfirmasi,870,86
871,2021-10-13,350000,Sudah Bayar,,2021-10-16,2021-10-16,2022-01-14,Dikonfirmasi,871,65
872,2021-10-04,350000,Sudah Bayar,,2021-10-07,2021-10-07,2022-01-05,Dikonfirmasi,872,69
873,2021-10-18,300000,Sudah Bayar,,2021-10-21,2021-10-20,2021-11-19,Dikonfirmasi,873,1
874,2021-10-22,350000,Sudah Bayar,,2021-10-25,2021-10-25,2022-03-24,Dikonfirmasi,874,38
875,2021-10-06,300000,Sudah Bayar,,2021-10-09,2021-10-07,2022-03-06,Dikonfirmasi,875,11
876,2021-10-17,375000,Sudah Bayar,,2021-10-20,2021-10-18,2022-03-17,Dikonfirmasi,876,55
877,2021-10-22,300000,Sudah Bayar,,2021-10-25,2021-10-25,2022-01-23,Dikonfirmasi,877,75
878,2021-10-11,350000,Sudah Bayar,,2021-10-14,2021-10-14,2021-11-13,Dikonfirmasi,878,36
879,2021-10-17,375000,Sudah Bayar,,2021-10-20,2021-10-18,2022-01-16,Dikonfirmasi,879,68
880,2021-10-10,300000,Sudah Bayar,,2021-10-13,2021-10-11,2022-01-09,Dikonfirmasi,880,79
881,2021-10-13,350000,Sudah Bayar,,2021-10-16,2021-10-14,2022-01-12,Dikonfirmasi,881,98
882,2021-10-12,300000,Sudah Bayar,,2021-10-15,2021-10-15,2021-11-14,Dikonfirmasi,882,25
883,2021-10-07,350000,Sudah Bayar,,2021-10-10,2021-10-10,2022-01-08,Dikonfirmasi,883,72
884,2021-10-13,375000,Sudah Bayar,,2021-10-16,2021-10-14,2022-01-12,Dikonfirmasi,884,60
885,2021-10-23,300000,Sudah Bayar,,2021-10-26,2021-10-25,2022-01-23,Dikonfirmasi,885,12
886,2021-10-09,300000,Sudah Bayar,,2021-10-12,2021-10-10,2022-01-08,Dikonfirmasi,886,19
887,2021-10-01,300000,Sudah Bayar,,2021-10-04,2021-10-03,2022-03-02,Dikonfirmasi,887,27
888,2021-10-20,375000,Sudah Bayar,,2021-10-23,2021-10-23,2022-03-22,Dikonfirmasi,888,104
889,2021-10-01,300000,Sudah Bayar,,2021-10-04,2021-10-02,2021-11-01,Dikonfirmasi,889,53
890,2021-10-05,350000,Sudah Bayar,,2021-10-08,2021-10-06,2022-01-04,Dikonfirmasi,890,78
891,2021-10-22,300000,Sudah Bayar,,2021-10-25,2021-10-23,2021-11-22,Dikonfirmasi,891,95
892,2021-10-02,300000,Sudah Bayar,,2021-10-05,2021-10-04,2022-01-02,Dikonfirmasi,892,61
893,2021-10-09,350000,Sudah Bayar,,2021-10-12,2021-10-12,2022-01-10,Dikonfirmasi,893,67
894,2021-10-19,300000,Sudah Bayar,,2021-10-22,2021-10-22,2021-11-21,Dikonfirmasi,894,42
895,2021-10-13,300000,Sudah Bayar,,2021-10-16,2021-10-15,2021-11-14,Dikonfirmasi,895,77
896,2021-10-04,350000,Sudah Bayar,,2021-10-07,2021-10-07,2021-11-06,Dikonfirmasi,896,7
897,2021-10-26,350000,Sudah Bayar,,2021-10-29,2021-10-27,2022-03-26,Dikonfirmasi,897,62
898,2021-10-24,350000,Sudah Bayar,,2021-10-27,2021-10-25,2022-01-23,Dikonfirmasi,898,74
899,2021-11-08,350000,Sudah Bayar,,2021-11-11,2021-11-11,2022-04-10,Dikonfirmasi,899,23
900,2021-11-19,375000,Sudah Bayar,,2021-11-22,2021-11-22,2022-02-20,Dikonfirmasi,900,10
901,2021-11-19,375000,Sudah Bayar,,2021-11-22,2021-11-22,2021-12-22,Dikonfirmasi,901,14
902,2021-11-11,300000,Sudah Bayar,,2021-11-14,2021-11-12,2022-04-11,Dikonfirmasi,902,71
903,2021-11-15,300000,Sudah Bayar,,2021-11-18,2021-11-18,2021-12-18,Dikonfirmasi,903,47
904,2021-11-14,300000,Sudah Bayar,,2021-11-17,2021-11-15,2022-04-14,Dikonfirmasi,904,94
905,2021-11-02,300000,Sudah Bayar,,2021-11-05,2021-11-03,2022-04-02,Dikonfirmasi,905,28
906,2021-11-02,375000,Sudah Bayar,,2021-11-05,2021-11-04,2022-02-02,Dikonfirmasi,906,51
907,2021-11-01,375000,Sudah Bayar,,2021-11-04,2021-11-03,2022-02-01,Dikonfirmasi,907,43
908,2021-11-25,350000,Sudah Bayar,,2021-11-28,2021-11-26,2021-12-26,Dikonfirmasi,908,20
909,2021-11-13,350000,Sudah Bayar,,2021-11-16,2021-11-14,2022-02-12,Dikonfirmasi,909,30
910,2021-11-05,375000,Sudah Bayar,,2021-11-08,2021-11-06,2022-02-04,Dikonfirmasi,910,89
911,2021-11-17,350000,Sudah Bayar,,2021-11-20,2021-11-20,2022-04-19,Dikonfirmasi,911,37
912,2021-11-10,300000,Sudah Bayar,,2021-11-13,2021-11-11,2022-04-10,Dikonfirmasi,912,2
913,2021-11-10,300000,Sudah Bayar,,2021-11-13,2021-11-11,2022-02-09,Dikonfirmasi,913,22
914,2021-11-29,300000,Sudah Bayar,,2021-12-02,2021-12-01,2022-04-30,Dikonfirmasi,914,9
915,2021-12-19,350000,Sudah Bayar,,2021-12-22,2021-12-22,2022-05-21,Dikonfirmasi,915,47
916,2021-12-07,350000,Sudah Bayar,,2021-12-10,2021-12-08,2022-01-07,Dikonfirmasi,916,70
917,2021-12-24,375000,Sudah Bayar,,2021-12-27,2021-12-26,2022-05-25,Dikonfirmasi,917,77
918,2021-12-06,375000,Sudah Bayar,,2021-12-09,2021-12-09,2022-01-08,Dikonfirmasi,918,81
919,2021-11-29,300000,Sudah Bayar,,2021-12-02,2021-12-02,2022-03-02,Dikonfirmasi,919,17
920,2021-12-19,375000,Sudah Bayar,,2021-12-22,2021-12-22,2022-03-22,Dikonfirmasi,920,96
921,2021-12-12,375000,Sudah Bayar,,2021-12-15,2021-12-13,2022-01-12,Dikonfirmasi,921,52
922,2021-12-11,350000,Sudah Bayar,,2021-12-14,2021-12-13,2022-01-12,Dikonfirmasi,922,15
923,2021-12-06,350000,Sudah Bayar,,2021-12-09,2021-12-09,2022-05-08,Dikonfirmasi,923,35
924,2021-12-05,350000,Sudah Bayar,,2021-12-08,2021-12-08,2022-01-07,Dikonfirmasi,924,99
925,2021-12-26,350000,Sudah Bayar,,2021-12-29,2021-12-27,2022-03-27,Dikonfirmasi,925,25
926,2021-12-05,300000,Sudah Bayar,,2021-12-08,2021-12-06,2022-03-06,Dikonfirmasi,926,24
927,2021-12-04,375000,Sudah Bayar,,2021-12-07,2021-12-07,2022-03-07,Dikonfirmasi,927,32
928,2021-12-09,350000,Sudah Bayar,,2021-12-12,2021-12-10,2022-01-09,Dikonfirmasi,928,92
929,2021-12-26,300000,Sudah Bayar,,2021-12-29,2021-12-27,2022-01-26,Dikonfirmasi,929,7
930,2021-12-06,350000,Sudah Bayar,,2021-12-09,2021-12-07,2022-01-06,Dikonfirmasi,930,36
931,2021-11-29,300000,Sudah Bayar,,2021-12-02,2021-12-01,2022-04-30,Dikonfirmasi,931,73
932,2021-12-10,300000,Sudah Bayar,,2021-12-13,2021-12-12,2022-03-12,Dikonfirmasi,932,34
933,2021-12-22,375000,Sudah Bayar,,2021-12-25,2021-12-25,2022-01-24,Dikonfirmasi,933,3
934,2021-12-06,350000,Sudah Bayar,,2021-12-09,2021-12-09,2022-03-09,Dikonfirmasi,934,41
935,2019-12-30,350000,Sudah Bayar,,2020-01-02,2020-01-02,2020-05-31,Dikonfirmasi,935,90
936,2020-01-26,300000,Sudah Bayar,,2020-01-29,2020-01-27,2020-02-26,Dikonfirmasi,936,5
937,2020-01-08,375000,Sudah Bayar,,2020-01-11,2020-01-10,2020-04-09,Dikonfirmasi,937,26
938,2020-01-15,375000,Sudah Bayar,,2020-01-18,2020-01-16,2020-04-15,Dikonfirmasi,938,16
939,2020-01-11,350000,Sudah Bayar,,2020-01-14,2020-01-12,2020-02-11,Dikonfirmasi,939,96
940,2020-01-10,350000,Sudah Bayar,,2020-01-13,2020-01-13,2020-06-11,Dikonfirmasi,940,30
941,2020-01-10,350000,Sudah Bayar,,2020-01-13,2020-01-11,2020-02-10,Dikonfirmasi,941,64
942,2020-01-07,375000,Sudah Bayar,,2020-01-10,2020-01-10,2020-02-09,Dikonfirmasi,942,43
943,2020-01-09,375000,Sudah Bayar,,2020-01-12,2020-01-10,2020-06-08,Dikonfirmasi,943,25
944,2020-01-18,375000,Sudah Bayar,,2020-01-21,2020-01-21,2020-02-20,Dikonfirmasi,944,58
945,2020-01-07,375000,Sudah Bayar,,2020-01-10,2020-01-10,2020-04-09,Dikonfirmasi,945,65
946,2020-01-09,350000,Sudah Bayar,,2020-01-12,2020-01-11,2020-02-10,Dikonfirmasi,946,82
947,2020-01-07,350000,Sudah Bayar,,2020-01-10,2020-01-08,2020-06-06,Dikonfirmasi,947,11
948,2020-01-05,350000,Sudah Bayar,,2020-01-08,2020-01-08,2020-04-07,Dikonfirmasi,948,22
949,2020-01-09,350000,Sudah Bayar,,2020-01-12,2020-01-12,2020-02-11,Dikonfirmasi,949,71
950,2020-01-04,300000,Sudah Bayar,,2020-01-07,2020-01-05,2020-06-03,Dikonfirmasi,950,52
951,2020-01-08,375000,Sudah Bayar,,2020-01-11,2020-01-09,2020-04-08,Dikonfirmasi,951,59
952,2020-01-04,300000,Sudah Bayar,,2020-01-07,2020-01-06,2020-02-05,Dikonfirmasi,952,24
953,2019-12-29,300000,Sudah Bayar,,2020-01-01,2020-01-01,2020-03-31,Dikonfirmasi,953,45
954,2020-01-13,350000,Sudah Bayar,,2020-01-16,2020-01-15,2020-06-13,Dikonfirmasi,954,44
955,2020-01-04,300000,Sudah Bayar,,2020-01-07,2020-01-06,2020-04-05,Dikonfirmasi,955,33
956,2020-01-03,350000,Sudah Bayar,,2020-01-06,2020-01-06,2020-02-05,Dikonfirmasi,956,3
957,2020-01-25,300000,Sudah Bayar,,2020-01-28,2020-01-27,2020-02-26,Dikonfirmasi,957,77
958,2020-01-01,300000,Sudah Bayar,,2020-01-04,2020-01-03,2020-06-01,Dikonfirmasi,958,93
959,2020-01-16,300000,Sudah Bayar,,2020-01-19,2020-01-17,2020-02-16,Dikonfirmasi,959,12
960,2020-01-06,375000,Sudah Bayar,,2020-01-09,2020-01-07,2020-04-06,Dikonfirmasi,960,36
961,2020-01-07,350000,Sudah Bayar,,2020-01-10,2020-01-08,2020-06-06,Dikonfirmasi,961,83
962,2020-01-15,300000,Sudah Bayar,,2020-01-18,2020-01-16,2020-06-14,Dikonfirmasi,962,14
963,2020-01-11,375000,Sudah Bayar,,2020-01-14,2020-01-13,2020-06-11,Dikonfirmasi,963,63
964,2020-01-18,375000,Sudah Bayar,,2020-01-21,2020-01-21,2020-06-19,Dikonfirmasi,964,4
965,2020-02-22,375000,Sudah Bayar,,2020-02-25,2020-02-25,2020-05-25,Dikonfirmasi,965,47
966,2020-02-16,350000,Sudah Bayar,,2020-02-19,2020-02-18,2020-05-18,Dikonfirmasi,966,70
967,2020-02-17,350000,Sudah Bayar,,2020-02-20,2020-02-20,2020-05-20,Dikonfirmasi,967,39
968,2020-02-02,300000,Sudah Bayar,,2020-02-05,2020-02-05,2020-03-06,Dikonfirmasi,968,17
969,2020-02-11,350000,Sudah Bayar,,2020-02-14,2020-02-14,2020-05-14,Dikonfirmasi,969,85
970,2020-02-03,375000,Sudah Bayar,,2020-02-06,2020-02-05,2020-07-04,Dikonfirmasi,970,76
971,2020-02-03,300000,Sudah Bayar,,2020-02-06,2020-02-06,2020-03-07,Dikonfirmasi,971,8
972,2020-02-18,375000,Sudah Bayar,,2020-02-21,2020-02-21,2020-07-20,Dikonfirmasi,972,43
973,2020-02-24,300000,Sudah Bayar,,2020-02-27,2020-02-27,2020-07-26,Dikonfirmasi,973,20
974,2020-02-21,350000,Sudah Bayar,,2020-02-24,2020-02-23,2020-03-24,Dikonfirmasi,974,53
975,2020-02-01,350000,Sudah Bayar,,2020-02-04,2020-02-03,2020-05-03,Dikonfirmasi,975,86
976,2020-02-09,350000,Sudah Bayar,,2020-02-12,2020-02-11,2020-07-10,Dikonfirmasi,976,49
977,2020-02-19,300000,Sudah Bayar,,2020-02-22,2020-02-20,2020-03-21,Dikonfirmasi,977,96
978,2020-02-04,300000,Sudah Bayar,,2020-02-07,2020-02-07,2020-03-08,Dikonfirmasi,978,50
979,2020-01-31,300000,Sudah Bayar,,2020-02-03,2020-02-01,2020-05-01,Dikonfirmasi,979,61
980,2020-02-16,375000,Sudah Bayar,,2020-02-19,2020-02-17,2020-03-18,Dikonfirmasi,980,7
981,2020-02-05,350000,Sudah Bayar,,2020-02-08,2020-02-06,2020-05-06,Dikonfirmasi,981,62
982,2020-02-14,350000,Sudah Bayar,,2020-02-17,2020-02-15,2020-05-15,Dikonfirmasi,982,99
983,2020-02-15,375000,Sudah Bayar,,2020-02-18,2020-02-18,2020-05-18,Dikonfirmasi,983,31
984,2020-01-31,375000,Sudah Bayar,,2020-02-03,2020-02-02,2020-05-02,Dikonfirmasi,984,9
985,2020-02-22,350000,Sudah Bayar,,2020-02-25,2020-02-25,2020-05-25,Dikonfirmasi,985,51
986,2020-03-03,375000,Sudah Bayar,,2020-03-06,2020-03-06,2020-04-05,Dikonfirmasi,986,92
987,2020-03-14,350000,Sudah Bayar,,2020-03-17,2020-03-17,2020-04-16,Dikonfirmasi,987,106
988,2020-03-23,350000,Sudah Bayar,,2020-03-26,2020-03-26,2020-08-23,Dikonfirmasi,988,104
989,2020-03-24,375000,Sudah Bayar,,2020-03-27,2020-03-25,2020-04-24,Dikonfirmasi,989,8
990,2020-03-18,300000,Sudah Bayar,,2020-03-21,2020-03-20,2020-04-19,Dikonfirmasi,990,27
991,2020-03-08,375000,Sudah Bayar,,2020-03-11,2020-03-09,2020-04-08,Dikonfirmasi,991,81
992,2020-03-18,350000,Sudah Bayar,,2020-03-21,2020-03-21,2020-04-20,Dikonfirmasi,992,58
993,2020-03-23,300000,Sudah Bayar,,2020-03-26,2020-03-24,2020-04-23,Dikonfirmasi,993,12
994,2020-03-04,375000,Sudah Bayar,,2020-03-07,2020-03-06,2020-08-03,Dikonfirmasi,994,102
995,2020-03-17,300000,Sudah Bayar,,2020-03-20,2020-03-19,2020-08-16,Dikonfirmasi,995,101
996,2020-03-06,375000,Sudah Bayar,,2020-03-09,2020-03-08,2020-08-05,Dikonfirmasi,996,66
997,2020-03-01,350000,Sudah Bayar,,2020-03-04,2020-03-02,2020-05-31,Dikonfirmasi,997,98
998,2020-03-06,350000,Sudah Bayar,,2020-03-09,2020-03-09,2020-06-07,Dikonfirmasi,998,72
999,2020-03-19,300000,Sudah Bayar,,2020-03-22,2020-03-22,2020-04-21,Dikonfirmasi,999,95
1000,2020-03-16,375000,Sudah Bayar,,2020-03-19,2020-03-18,2020-08-15,Dikonfirmasi,1000,94
