-- phpMyAdmin SQL Dump
-- version 5.2.1
-- https://www.phpmyadmin.net/
--
-- Host: 127.0.0.1
-- Waktu pembuatan: 11 Des 2024 pada 04.50
-- Versi server: 8.0.36
-- Versi PHP: 8.2.4

SET SQL_MODE = "NO_AUTO_VALUE_ON_ZERO";
START TRANSACTION;
SET time_zone = "+00:00";


/*!40101 SET @OLD_CHARACTER_SET_CLIENT=@@CHARACTER_SET_CLIENT */;
/*!40101 SET @OLD_CHARACTER_SET_RESULTS=@@CHARACTER_SET_RESULTS */;
/*!40101 SET @OLD_COLLATION_CONNECTION=@@COLLATION_CONNECTION */;
/*!40101 SET NAMES utf8mb4 */;

--
-- Database: `kostkamar`
--

-- --------------------------------------------------------

--
-- Struktur dari tabel `admin`
--

CREATE TABLE `admin` (
  `idAdmin` int NOT NULL,
  `Email` varchar(45) DEFAULT NULL,
  `Password` varchar(255) DEFAULT NULL,
  `namaAdmin` varchar(255) DEFAULT NULL,
  `reset_token` varchar(6) DEFAULT NULL,
  `token_expiry` datetime DEFAULT NULL
) ENGINE=InnoDB DEFAULT CHARSET=utf8mb3;

--
-- Dumping data untuk tabel `admin`
--

INSERT INTO `admin` (`idAdmin`, `Email`, `Password`, `namaAdmin`, `reset_token`, `token_expiry`) VALUES
(1, 'wardhatuljannahfiqyani@gmail.com', '$2b$12$Rfly3H23jYIqWI49elCV7.A8Tk5lOyVLQdhLnYgk57bO1z6FFSiWa', 'Wardha', NULL, NULL),
(2, 'hilmi.af05@gmail.com', '$2a$12$.mBt7gUj2isQGKUGb95L3eCOt8WHPquIRwCB5XGeA/TQHCZpITZP6', 'Hilmi', NULL, NULL),
(3, 'kakapatria65@gmail.com', '$2b$12$5Ttt4v8Y9TM7T2WemkEa4eng6Ayi53zgv3BkiK3E8ZbEARt8vN7Yq', 'Kaka', NULL, NULL),
(4, 'alfi3197@gmail.com', '$2b$12$jhlOJd3fOmedRAwb.YvpUuZzNzIFB.u/EbdLpHdAPsVK9StiFKbLy', 'Pia', NULL, NULL);

-- --------------------------------------------------------

--
-- Struktur dari tabel `blok`
--

CREATE TABLE `blok` (
  `idBlok` int NOT NULL,
  `namaBlok` varchar(1) CHARACTER SET utf8mb4 COLLATE utf8mb4_general_ci NOT NULL
) ENGINE=InnoDB DEFAULT CHARSET=utf8mb4 COLLATE=utf8mb4_general_ci;

--
-- Dumping data untuk tabel `blok`
--

INSERT INTO `blok` (`idBlok`, `namaBlok`) VALUES
(1, 'A'),
(2, 'B'),
(3, 'C'),
(4, 'D'),
(5, 'E'),
(6, 'F'),
(7, 'G'),
(8, 'H'),
(9, 'I');

-- --------------------------------------------------------

--
-- Struktur dari tabel `fasilitas`
--

CREATE TABLE `fasilitas` (
  `idFasilitas` int NOT NULL,
  `namaFasilitas` text NOT NULL,
  `biayaTambahan` int NOT NULL
) ENGINE=InnoDB DEFAULT CHARSET=utf8mb3;

--
-- Dumping data untuk tabel `fasilitas`
--

INSERT INTO `fasilitas` (`idFasilitas`, `namaFasilitas`, `biayaTambahan`) VALUES
(1, 'kamar mandi luar', 50000),
(2, 'kamar mandi dalam', 75000),
(3, 'biaya listrik', 0);

-- --------------------------------------------------------

--
-- Struktur dari tabel `kamar`
--

CREATE TABLE `kamar` (
  `idKamar` int NOT NULL,
  `namaKamar` varchar(100) NOT NULL,
  `nomorKamar` varchar(5) NOT NULL,
  `harga` int NOT NULL,
  `status` enum('Tersedia','Kosong','Booking') NOT NULL,
  `foto` varchar(255) CHARACTER SET utf8mb3 COLLATE utf8mb3_general_ci DEFAULT NULL,
  `idBlok` int DEFAULT NULL,
  `deskripsi` text
) ENGINE=InnoDB DEFAULT CHARSET=utf8mb3;

--
-- Dumping data untuk tabel `kamar`
--

INSERT INTO `kamar` (`idKamar`, `namaKamar`, `nomorKamar`, `harga`, `status`, `foto`, `idBlok`, `deskripsi`) VALUES
(1, 'KamarA1', 'A1', 300000, 'Tersedia', NULL, 1, 'Kamar dengan fasilitas lengkap, cocok untuk mahasiswa dan pekerja.'),
(2, 'KamarA2', 'A2', 300000, 'Tersedia', NULL, 1, 'Kamar dengan fasilitas lengkap, cocok untuk mahasiswa dan pekerja.'),
(3, 'KamarA3', 'A3', 300000, 'Tersedia', NULL, 1, 'Kamar dengan fasilitas lengkap, cocok untuk mahasiswa dan pekerja.'),
(4, 'KamarA4', 'A4', 300000, 'Tersedia', NULL, 1, 'Kamar dengan fasilitas lengkap, cocok untuk mahasiswa dan pekerja.'),
(5, 'KamarA5', 'A5', 300000, 'Tersedia', NULL, 1, 'Kamar dengan fasilitas lengkap, cocok untuk mahasiswa dan pekerja.'),
(6, 'KamarA6', 'A6', 300000, 'Tersedia', NULL, 1, 'Kamar dengan fasilitas lengkap, cocok untuk mahasiswa dan pekerja.'),
(7, 'KamarA7', 'A7', 300000, 'Tersedia', NULL, 1, 'Kamar dengan fasilitas lengkap, cocok untuk mahasiswa dan pekerja.'),
(8, 'KamarA8', 'A8', 300000, 'Tersedia', NULL, 1, 'Kamar dengan fasilitas lengkap, cocok untuk mahasiswa dan pekerja.'),
(9, 'KamarA9', 'A9', 300000, 'Tersedia', NULL, 1, 'Kamar dengan fasilitas lengkap, cocok untuk mahasiswa dan pekerja.'),
(10, 'KamarA10', 'A10', 300000, 'Tersedia', NULL, 1, 'Kamar dengan fasilitas lengkap, cocok untuk mahasiswa dan pekerja.'),
(11, 'KamarA11', 'A11', 300000, 'Tersedia', NULL, 1, 'Kamar dengan fasilitas lengkap, cocok untuk mahasiswa dan pekerja.'),
(12, 'KamarA12', 'A12', 300000, 'Tersedia', NULL, 1, 'Kamar dengan fasilitas lengkap, cocok untuk mahasiswa dan pekerja.'),
(13, 'KamarB1', 'B1', 300000, 'Tersedia', NULL, 2, 'Kamar dengan fasilitas lengkap, cocok untuk mahasiswa dan pekerja.'),
(14, 'KamarB2', 'B2', 300000, 'Tersedia', NULL, 2, 'Kamar dengan fasilitas lengkap, cocok untuk mahasiswa dan pekerja.'),
(15, 'KamarB3', 'B3', 300000, 'Tersedia', NULL, 2, 'Kamar dengan fasilitas lengkap, cocok untuk mahasiswa dan pekerja.'),
(16, 'KamarB4', 'B4', 300000, 'Tersedia', NULL, 2, 'Kamar dengan fasilitas lengkap, cocok untuk mahasiswa dan pekerja.'),
(17, 'KamarB5', 'B5', 300000, 'Tersedia', NULL, 2, 'Kamar dengan fasilitas lengkap, cocok untuk mahasiswa dan pekerja.'),
(18, 'KamarB6', 'B6', 300000, 'Tersedia', NULL, 2, 'Kamar dengan fasilitas lengkap, cocok untuk mahasiswa dan pekerja.'),
(19, 'KamarB7', 'B7', 300000, 'Tersedia', NULL, 2, 'Kamar dengan fasilitas lengkap, cocok untuk mahasiswa dan pekerja.'),
(20, 'KamarB8', 'B8', 300000, 'Tersedia', NULL, 2, 'Kamar dengan fasilitas lengkap, cocok untuk mahasiswa dan pekerja.'),
(21, 'KamarB9', 'B9', 300000, 'Tersedia', NULL, 2, 'Kamar dengan fasilitas lengkap, cocok untuk mahasiswa dan pekerja.'),
(22, 'KamarB10', 'B10', 300000, 'Tersedia', NULL, 2, 'Kamar dengan fasilitas lengkap, cocok untuk mahasiswa dan pekerja.'),
(23, 'KamarB11', 'B11', 300000, 'Tersedia', NULL, 2, 'Kamar dengan fasilitas lengkap, cocok untuk mahasiswa dan pekerja.'),
(24, 'KamarB12', 'B12', 300000, 'Tersedia', NULL, 2, 'Kamar dengan fasilitas lengkap, cocok untuk mahasiswa dan pekerja.'),
(25, 'KamarC1', 'C1', 300000, 'Tersedia', NULL, 3, 'Kamar dengan fasilitas lengkap, cocok untuk mahasiswa dan pekerja.'),
(26, 'KamarC2', 'C2', 300000, 'Tersedia', NULL, 3, 'Kamar dengan fasilitas lengkap, cocok untuk mahasiswa dan pekerja.'),
(27, 'KamarC3', 'C3', 300000, 'Tersedia', NULL, 3, 'Kamar dengan fasilitas lengkap, cocok untuk mahasiswa dan pekerja.'),
(28, 'KamarC4', 'C4', 300000, 'Tersedia', NULL, 3, 'Kamar dengan fasilitas lengkap, cocok untuk mahasiswa dan pekerja.'),
(29, 'KamarC5', 'C5', 300000, 'Tersedia', NULL, 3, 'Kamar dengan fasilitas lengkap, cocok untuk mahasiswa dan pekerja.'),
(30, 'KamarC6', 'C6', 300000, 'Tersedia', NULL, 3, 'Kamar dengan fasilitas lengkap, cocok untuk mahasiswa dan pekerja.'),
(31, 'KamarC7', 'C7', 300000, 'Tersedia', NULL, 3, 'Kamar dengan fasilitas lengkap, cocok untuk mahasiswa dan pekerja.'),
(32, 'KamarC8', 'C8', 300000, 'Tersedia', NULL, 3, 'Kamar dengan fasilitas lengkap, cocok untuk mahasiswa dan pekerja.'),
(33, 'KamarC9', 'C9', 300000, 'Tersedia', NULL, 3, 'Kamar dengan fasilitas lengkap, cocok untuk mahasiswa dan pekerja.'),
(34, 'KamarC10', 'C10', 300000, 'Tersedia', NULL, 3, 'Kamar dengan fasilitas lengkap, cocok untuk mahasiswa dan pekerja.'),
(35, 'KamarC11', 'C11', 300000, 'Tersedia', NULL, 3, 'Kamar dengan fasilitas lengkap, cocok untuk mahasiswa dan pekerja.'),
(36, 'KamarC12', 'C12', 300000, 'Tersedia', NULL, 3, 'Kamar dengan fasilitas lengkap, cocok untuk mahasiswa dan pekerja.'),
(37, 'KamarD1', 'D1', 300000, 'Tersedia', NULL, 4, 'Kamar dengan fasilitas lengkap, cocok untuk mahasiswa dan pekerja.'),
(38, 'KamarD2', 'D2', 300000, 'Tersedia', NULL, 4, 'Kamar dengan fasilitas lengkap, cocok untuk mahasiswa dan pekerja.'),
(39, 'KamarD3', 'D3', 300000, 'Tersedia', NULL, 4, 'Kamar dengan fasilitas lengkap, cocok untuk mahasiswa dan pekerja.'),
(40, 'KamarD4', 'D4', 300000, 'Tersedia', NULL, 4, 'Kamar dengan fasilitas lengkap, cocok untuk mahasiswa dan pekerja.'),
(41, 'KamarD5', 'D5', 300000, 'Tersedia', NULL, 4, 'Kamar dengan fasilitas lengkap, cocok untuk mahasiswa dan pekerja.'),
(42, 'KamarD6', 'D6', 300000, 'Tersedia', NULL, 4, 'Kamar dengan fasilitas lengkap, cocok untuk mahasiswa dan pekerja.'),
(43, 'KamarD7', 'D7', 300000, 'Tersedia', NULL, 4, 'Kamar dengan fasilitas lengkap, cocok untuk mahasiswa dan pekerja.'),
(44, 'KamarD8', 'D8', 300000, 'Tersedia', NULL, 4, 'Kamar dengan fasilitas lengkap, cocok untuk mahasiswa dan pekerja.'),
(45, 'KamarD9', 'D9', 300000, 'Tersedia', NULL, 4, 'Kamar dengan fasilitas lengkap, cocok untuk mahasiswa dan pekerja.'),
(46, 'KamarD10', 'D10', 300000, 'Tersedia', NULL, 4, 'Kamar dengan fasilitas lengkap, cocok untuk mahasiswa dan pekerja.'),
(47, 'KamarD11', 'D11', 300000, 'Tersedia', NULL, 4, 'Kamar dengan fasilitas lengkap, cocok untuk mahasiswa dan pekerja.'),
(48, 'KamarD12', 'D12', 300000, 'Tersedia', NULL, 4, 'Kamar dengan fasilitas lengkap, cocok untuk mahasiswa dan pekerja.'),
(49, 'KamarE1', 'E1', 300000, 'Tersedia', NULL, 5, 'Kamar dengan fasilitas lengkap, cocok untuk mahasiswa dan pekerja.'),
(50, 'KamarE2', 'E2', 300000, 'Tersedia', NULL, 5, 'Kamar dengan fasilitas lengkap, cocok untuk mahasiswa dan pekerja.'),
(51, 'KamarE3', 'E3', 300000, 'Tersedia', NULL, 5, 'Kamar dengan fasilitas lengkap, cocok untuk mahasiswa dan pekerja.'),
(52, 'KamarE4', 'E4', 300000, 'Tersedia', NULL, 5, 'Kamar dengan fasilitas lengkap, cocok untuk mahasiswa dan pekerja.'),
(53, 'KamarE5', 'E5', 300000, 'Tersedia', NULL, 5, 'Kamar dengan fasilitas lengkap, cocok untuk mahasiswa dan pekerja.'),
(54, 'KamarE6', 'E6', 300000, 'Tersedia', NULL, 5, 'Kamar dengan fasilitas lengkap, cocok untuk mahasiswa dan pekerja.'),
(55, 'KamarE7', 'E7', 300000, 'Tersedia', NULL, 5, 'Kamar dengan fasilitas lengkap, cocok untuk mahasiswa dan pekerja.'),
(56, 'KamarE8', 'E8', 300000, 'Tersedia', NULL, 5, 'Kamar dengan fasilitas lengkap, cocok untuk mahasiswa dan pekerja.'),
(57, 'KamarE9', 'E9', 300000, 'Tersedia', NULL, 5, 'Kamar dengan fasilitas lengkap, cocok untuk mahasiswa dan pekerja.'),
(58, 'KamarE10', 'E10', 300000, 'Tersedia', NULL, 5, 'Kamar dengan fasilitas lengkap, cocok untuk mahasiswa dan pekerja.'),
(59, 'KamarE11', 'E11', 300000, 'Tersedia', NULL, 5, 'Kamar dengan fasilitas lengkap, cocok untuk mahasiswa dan pekerja.'),
(60, 'KamarE12', 'E12', 300000, 'Tersedia', NULL, 5, 'Kamar dengan fasilitas lengkap, cocok untuk mahasiswa dan pekerja.'),
(61, 'KamarF1', 'F1', 300000, 'Tersedia', NULL, 6, 'Kamar dengan fasilitas lengkap, cocok untuk mahasiswa dan pekerja.'),
(62, 'KamarF2', 'F2', 300000, 'Tersedia', NULL, 6, 'Kamar dengan fasilitas lengkap, cocok untuk mahasiswa dan pekerja.'),
(63, 'KamarF3', 'F3', 300000, 'Tersedia', NULL, 6, 'Kamar dengan fasilitas lengkap, cocok untuk mahasiswa dan pekerja.'),
(64, 'KamarF4', 'F4', 300000, 'Tersedia', NULL, 6, 'Kamar dengan fasilitas lengkap, cocok untuk mahasiswa dan pekerja.'),
(65, 'KamarF5', 'F5', 300000, 'Tersedia', NULL, 6, 'Kamar dengan fasilitas lengkap, cocok untuk mahasiswa dan pekerja.'),
(66, 'KamarF6', 'F6', 300000, 'Tersedia', NULL, 6, 'Kamar dengan fasilitas lengkap, cocok untuk mahasiswa dan pekerja.'),
(67, 'KamarF7', 'F7', 300000, 'Tersedia', NULL, 6, 'Kamar dengan fasilitas lengkap, cocok untuk mahasiswa dan pekerja.'),
(68, 'KamarF8', 'F8', 300000, 'Tersedia', NULL, 6, 'Kamar dengan fasilitas lengkap, cocok untuk mahasiswa dan pekerja.'),
(69, 'KamarF9', 'F9', 300000, 'Tersedia', NULL, 6, 'Kamar dengan fasilitas lengkap, cocok untuk mahasiswa dan pekerja.'),
(70, 'KamarF10', 'F10', 300000, 'Tersedia', NULL, 6, 'Kamar dengan fasilitas lengkap, cocok untuk mahasiswa dan pekerja.'),
(71, 'KamarF11', 'F11', 300000, 'Tersedia', NULL, 6, 'Kamar dengan fasilitas lengkap, cocok untuk mahasiswa dan pekerja.'),
(72, 'KamarF12', 'F12', 300000, 'Tersedia', NULL, 6, 'Kamar dengan fasilitas lengkap, cocok untuk mahasiswa dan pekerja.'),
(73, 'KamarG1', 'G1', 300000, 'Tersedia', NULL, 7, 'Kamar dengan fasilitas lengkap, cocok untuk mahasiswa dan pekerja.'),
(74, 'KamarG2', 'G2', 300000, 'Tersedia', NULL, 7, 'Kamar dengan fasilitas lengkap, cocok untuk mahasiswa dan pekerja.'),
(75, 'KamarG3', 'G3', 300000, 'Tersedia', NULL, 7, 'Kamar dengan fasilitas lengkap, cocok untuk mahasiswa dan pekerja.'),
(76, 'KamarG4', 'G4', 300000, 'Tersedia', NULL, 7, 'Kamar dengan fasilitas lengkap, cocok untuk mahasiswa dan pekerja.'),
(77, 'KamarG5', 'G5', 300000, 'Tersedia', NULL, 7, 'Kamar dengan fasilitas lengkap, cocok untuk mahasiswa dan pekerja.'),
(78, 'KamarG6', 'G6', 300000, 'Tersedia', NULL, 7, 'Kamar dengan fasilitas lengkap, cocok untuk mahasiswa dan pekerja.'),
(79, 'KamarG7', 'G7', 300000, 'Tersedia', NULL, 7, 'Kamar dengan fasilitas lengkap, cocok untuk mahasiswa dan pekerja.'),
(80, 'KamarG8', 'G8', 300000, 'Tersedia', NULL, 7, 'Kamar dengan fasilitas lengkap, cocok untuk mahasiswa dan pekerja.'),
(81, 'KamarG9', 'G9', 300000, 'Tersedia', NULL, 7, 'Kamar dengan fasilitas lengkap, cocok untuk mahasiswa dan pekerja.'),
(82, 'KamarG10', 'G10', 300000, 'Tersedia', NULL, 7, 'Kamar dengan fasilitas lengkap, cocok untuk mahasiswa dan pekerja.'),
(83, 'KamarG11', 'G11', 300000, 'Tersedia', NULL, 7, 'Kamar dengan fasilitas lengkap, cocok untuk mahasiswa dan pekerja.'),
(84, 'KamarG12', 'G12', 300000, 'Tersedia', NULL, 7, 'Kamar dengan fasilitas lengkap, cocok untuk mahasiswa dan pekerja.'),
(85, 'KamarH1', 'H1', 300000, 'Tersedia', NULL, 8, 'Kamar dengan fasilitas lengkap, cocok untuk mahasiswa dan pekerja.'),
(86, 'KamarH2', 'H2', 300000, 'Tersedia', NULL, 8, 'Kamar dengan fasilitas lengkap, cocok untuk mahasiswa dan pekerja.'),
(87, 'KamarH3', 'H3', 300000, 'Tersedia', NULL, 8, 'Kamar dengan fasilitas lengkap, cocok untuk mahasiswa dan pekerja.'),
(88, 'KamarH4', 'H4', 300000, 'Tersedia', NULL, 8, 'Kamar dengan fasilitas lengkap, cocok untuk mahasiswa dan pekerja.'),
(89, 'KamarH5', 'H5', 300000, 'Tersedia', NULL, 8, 'Kamar dengan fasilitas lengkap, cocok untuk mahasiswa dan pekerja.'),
(90, 'KamarH6', 'H6', 300000, 'Tersedia', NULL, 8, 'Kamar dengan fasilitas lengkap, cocok untuk mahasiswa dan pekerja.'),
(91, 'KamarH7', 'H7', 300000, 'Tersedia', NULL, 8, 'Kamar dengan fasilitas lengkap, cocok untuk mahasiswa dan pekerja.'),
(92, 'KamarH8', 'H8', 300000, 'Tersedia', NULL, 8, 'Kamar dengan fasilitas lengkap, cocok untuk mahasiswa dan pekerja.'),
(93, 'KamarH9', 'H9', 300000, 'Tersedia', NULL, 8, 'Kamar dengan fasilitas lengkap, cocok untuk mahasiswa dan pekerja.'),
(94, 'KamarH10', 'H10', 300000, 'Tersedia', NULL, 8, 'Kamar dengan fasilitas lengkap, cocok untuk mahasiswa dan pekerja.'),
(95, 'KamarH11', 'H11', 300000, 'Tersedia', NULL, 8, 'Kamar dengan fasilitas lengkap, cocok untuk mahasiswa dan pekerja.'),
(96, 'KamarH12', 'H12', 300000, 'Tersedia', NULL, 8, 'Kamar dengan fasilitas lengkap, cocok untuk mahasiswa dan pekerja.'),
(97, 'KamarI1', 'I1', 300000, 'Tersedia', NULL, 9, 'Kamar dengan fasilitas lengkap, cocok untuk mahasiswa dan pekerja.'),
(98, 'KamarI2', 'I2', 300000, 'Tersedia', NULL, 9, 'Kamar dengan fasilitas lengkap, cocok untuk mahasiswa dan pekerja.'),
(99, 'KamarI3', 'I3', 300000, 'Tersedia', NULL, 9, 'Kamar dengan fasilitas lengkap, cocok untuk mahasiswa dan pekerja.'),
(100, 'KamarI4', 'I4', 300000, 'Tersedia', NULL, 9, 'Kamar dengan fasilitas lengkap, cocok untuk mahasiswa dan pekerja.'),
(101, 'KamarI5', 'I5', 300000, 'Tersedia', NULL, 9, 'Kamar dengan fasilitas lengkap, cocok untuk mahasiswa dan pekerja.'),
(102, 'KamarI6', 'I6', 300000, 'Tersedia', NULL, 9, 'Kamar dengan fasilitas lengkap, cocok untuk mahasiswa dan pekerja.'),
(103, 'KamarI7', 'I7', 300000, 'Tersedia', NULL, 9, 'Kamar dengan fasilitas lengkap, cocok untuk mahasiswa dan pekerja.'),
(104, 'KamarI8', 'I8', 300000, 'Tersedia', NULL, 9, 'Kamar dengan fasilitas lengkap, cocok untuk mahasiswa dan pekerja.'),
(105, 'KamarI9', 'I9', 300000, 'Tersedia', NULL, 9, 'Kamar dengan fasilitas lengkap, cocok untuk mahasiswa dan pekerja.'),
(106, 'KamarI10', 'I10', 300000, 'Tersedia', NULL, 9, 'Kamar dengan fasilitas lengkap, cocok untuk mahasiswa dan pekerja.');

-- --------------------------------------------------------

--
-- Struktur dari tabel `kamar_fasilitas`
--

CREATE TABLE `kamar_fasilitas` (
  `id` int NOT NULL,
  `idKamar` int DEFAULT NULL,
  `idFasilitas` int DEFAULT NULL
) ENGINE=InnoDB DEFAULT CHARSET=utf8mb4 COLLATE=utf8mb4_0900_ai_ci;

--
-- Dumping data untuk tabel `kamar_fasilitas`
--

INSERT INTO `kamar_fasilitas` (`id`, `idKamar`, `idFasilitas`) VALUES
(1, 10, 1),
(2, 11, 1),
(3, 9, 2),
(4, 91, 1),
(5, 75, 2),
(6, 19, 2),
(7, 92, 2),
(8, 97, 1),
(9, 83, 1),
(10, 63, 2),
(11, 16, 1),
(12, 30, 1),
(13, 40, 1),
(14, 76, 1),
(15, 101, 2),
(16, 77, 1),
(17, 62, 1),
(18, 84, 2),
(19, 12, 1),
(20, 21, 2),
(21, 14, 2),
(22, 47, 2),
(23, 3, 2),
(24, 50, 2),
(25, 39, 2),
(26, 82, 1),
(27, 65, 2),
(28, 73, 1),
(29, 69, 1),
(30, 71, 1),
(31, 26, 1),
(32, 38, 1),
(33, 89, 2),
(34, 2, 2),
(35, 68, 2),
(36, 90, 2),
(37, 56, 1),
(38, 93, 2),
(39, 46, 2),
(40, 58, 2),
(41, 100, 1),
(42, 1, 2),
(43, 23, 2),
(44, 53, 1),
(45, 15, 2),
(46, 17, 1),
(47, 5, 2),
(48, 32, 2),
(49, 54, 1),
(50, 37, 2),
(51, 6, 2),
(52, 35, 1),
(53, 7, 2),
(54, 67, 2),
(55, 98, 2),
(56, 66, 2),
(57, 57, 2),
(58, 102, 1),
(59, 103, 2),
(60, 49, 2),
(61, 99, 2),
(62, 4, 2),
(63, 81, 1),
(64, 96, 1),
(65, 85, 2),
(66, 8, 1),
(67, 55, 1),
(68, 42, 2),
(69, 29, 2),
(70, 79, 2),
(71, 52, 2),
(72, 45, 2),
(73, 33, 2),
(74, 44, 2),
(75, 48, 2),
(76, 28, 1),
(77, 70, 2),
(78, 34, 2),
(79, 20, 1),
(80, 94, 2),
(81, 59, 2),
(82, 72, 1),
(83, 36, 2),
(84, 22, 1),
(85, 25, 2),
(86, 31, 2),
(87, 13, 1),
(88, 41, 1),
(89, 78, 2),
(90, 95, 2),
(91, 88, 1),
(92, 60, 2),
(93, 105, 2),
(94, 87, 2),
(95, 43, 1),
(96, 86, 2),
(97, 27, 2),
(98, 74, 1),
(99, 80, 2),
(100, 61, 2),
(101, 51, 1),
(102, 24, 1),
(103, 104, 1),
(104, 64, 1),
(105, 18, 2),
(106, 106, 1),
(128, 1, 3),
(129, 2, 3),
(130, 3, 3),
(131, 4, 3),
(132, 5, 3),
(133, 6, 3),
(134, 7, 3),
(135, 8, 3),
(136, 9, 3),
(137, 10, 3),
(138, 11, 3),
(139, 12, 3),
(140, 13, 3),
(141, 14, 3),
(142, 15, 3),
(143, 16, 3),
(144, 17, 3),
(145, 18, 3),
(146, 19, 3),
(147, 20, 3),
(148, 21, 3),
(149, 22, 3),
(150, 23, 3),
(151, 24, 3),
(152, 25, 3),
(153, 26, 3),
(154, 27, 3),
(155, 28, 3),
(156, 29, 3),
(157, 30, 3),
(158, 31, 3),
(159, 32, 3),
(160, 33, 3),
(161, 34, 3),
(162, 35, 3),
(163, 36, 3),
(164, 37, 3),
(165, 38, 3),
(166, 39, 3),
(167, 40, 3),
(168, 41, 3),
(169, 42, 3),
(170, 43, 3),
(171, 44, 3),
(172, 45, 3),
(173, 46, 3),
(174, 47, 3),
(175, 48, 3),
(176, 49, 3),
(177, 50, 3),
(178, 51, 3),
(179, 52, 3),
(180, 53, 3),
(181, 54, 3),
(182, 55, 3),
(183, 56, 3),
(184, 57, 3),
(185, 58, 3),
(186, 59, 3),
(187, 60, 3),
(188, 61, 3),
(189, 62, 3),
(190, 63, 3),
(191, 64, 3),
(192, 65, 3),
(193, 66, 3),
(194, 67, 3),
(195, 68, 3),
(196, 69, 3),
(197, 70, 3),
(198, 71, 3),
(199, 72, 3),
(200, 73, 3),
(201, 74, 3),
(202, 75, 3),
(203, 76, 3),
(204, 77, 3),
(205, 78, 3),
(206, 79, 3),
(207, 80, 3),
(208, 81, 3),
(209, 82, 3),
(210, 83, 3),
(211, 84, 3),
(212, 85, 3),
(213, 86, 3),
(214, 87, 3),
(215, 88, 3),
(216, 89, 3),
(217, 90, 3),
(218, 91, 3),
(219, 92, 3),
(220, 93, 3),
(221, 94, 3),
(222, 95, 3),
(223, 96, 3),
(224, 97, 3),
(225, 98, 3),
(226, 99, 3),
(227, 100, 3),
(228, 101, 3),
(229, 102, 3),
(230, 103, 3),
(231, 104, 3),
(232, 105, 3),
(233, 106, 3);

-- --------------------------------------------------------

--
-- Struktur dari tabel `pembayaran`
--

CREATE TABLE `pembayaran` (
  `idPembayaran` int NOT NULL,
  `tanggalPembayaran` varchar(45) NOT NULL,
  `batasPembayaran` varchar(45) NOT NULL,
  `durasiSewa` varchar(45) NOT NULL,
  `StatusPembayaran` enum('Lunas','Belum Lunas') NOT NULL,
  `idPenyewa` int DEFAULT NULL,
  `jatuh_tempo` date DEFAULT NULL,
  `id_pemesanan` int DEFAULT NULL
) ENGINE=InnoDB DEFAULT CHARSET=utf8mb3;

--
-- Dumping data untuk tabel `pembayaran`
--

INSERT INTO `pembayaran` (`idPembayaran`, `tanggalPembayaran`, `batasPembayaran`, `durasiSewa`, `StatusPembayaran`, `idPenyewa`, `jatuh_tempo`, `id_pemesanan`) VALUES
(2, '2024-12-04 16:05:22', '2025-01-03', '1', 'Belum Lunas', 5, NULL, 1001),
(3, '2024-12-05 10:58:53', '2025-01-04', '1', 'Lunas', 5, NULL, 1002),
(4, '2024-12-05 21:07:14', '2025-01-04', '1', 'Belum Lunas', 5, NULL, 1003),
(5, '2024-12-05 21:11:28', '2025-01-04', '1', 'Belum Lunas', 5, NULL, 5),
(6, '2024-12-05 21:13:06', '2025-01-04', '1', 'Belum Lunas', 5, NULL, 5),
(7, '2024-12-05 22:06:35', '2025-01-04', '1', 'Lunas', 5, NULL, 1004),
(8, '2024-12-05 23:16:28', '2025-01-04', '2', 'Lunas', 5, NULL, 1005),
(9, '2024-12-09 20:28:57', '2025-01-08', '1', 'Lunas', 5, NULL, 1006),
(10, '2024-12-09 20:33:23', '2025-01-08', '2', 'Belum Lunas', 5, NULL, 1007),
(11, '2024-12-09 20:35:31', '2025-01-08', '2', 'Lunas', 5, NULL, 1008),
(12, '2024-12-09 22:19:43', '2025-01-08', '3', 'Lunas', 1006, NULL, 1009),
(13, '2024-12-09 22:35:27', '2025-01-08', '4', 'Belum Lunas', 1006, NULL, 1020),
(14, '2024-12-10 00:36:49', '2025-01-09', '2', 'Lunas', 1006, NULL, 1011),
(15, '2024-12-10 10:57:49', '2025-01-09', '1', 'Lunas', 1006, NULL, 1012),
(16, '2024-12-10 11:19:56', '2025-01-09', '1', 'Lunas', 1006, NULL, 1013),
(17, '2024-12-10 20:24:23', '2025-01-09', '1', 'Belum Lunas', 1, NULL, 1014),
(18, '2024-12-10 22:28:55', '2025-01-09', '2', 'Lunas', 1, NULL, 1015);

-- --------------------------------------------------------

--
-- Struktur dari tabel `pemesanan`
--

CREATE TABLE `pemesanan` (
  `id_pemesanan` int NOT NULL,
  `pemesanan_kamar` date NOT NULL,
  `uang_muka` decimal(10,2) NOT NULL,
  `status_uang_muka` varchar(50) CHARACTER SET utf8mb4 COLLATE utf8mb4_general_ci DEFAULT NULL,
  `bukti_transfer` varchar(255) CHARACTER SET utf8mb4 COLLATE utf8mb4_general_ci DEFAULT NULL,
  `tenggat_uang_muka` date DEFAULT NULL,
  `mulai_menempati_kos` date DEFAULT NULL,
  `batas_menempati_kos` date DEFAULT NULL,
  `status` enum('Menunggu Pembayaran','Menunggu Dikonfirmasi','Dikonfirmasi','Dibatalkan','Keluar','Perpanjangan') CHARACTER SET utf8mb4 COLLATE utf8mb4_general_ci DEFAULT 'Menunggu Pembayaran',
  `id_penyewa` int DEFAULT NULL,
  `idKamar` int DEFAULT NULL,
  `sisa_pembayaran` decimal(10,2) DEFAULT '0.00',
  `is_hidden` tinyint(1) DEFAULT '0'
) ENGINE=InnoDB DEFAULT CHARSET=utf8mb4 COLLATE=utf8mb4_general_ci;

--
-- Dumping data untuk tabel `pemesanan`
--

INSERT INTO `pemesanan` (`id_pemesanan`, `pemesanan_kamar`, `uang_muka`, `status_uang_muka`, `bukti_transfer`, `tenggat_uang_muka`, `mulai_menempati_kos`, `batas_menempati_kos`, `status`, `id_penyewa`, `idKamar`, `sisa_pembayaran`, `is_hidden`) VALUES
(1, '2024-01-01', 375000.00, 'Bayar Penuh', NULL, '2024-01-04', '2024-01-04', '2024-04-03', 'Dibatalkan', 1, 42, 0.00, 0),
(2, '2024-01-08', 375000.00, 'Bayar Penuh', NULL, '2024-01-11', '2024-01-11', '2024-04-10', 'Dibatalkan', 2, 2, 0.00, 0),
(3, '2024-01-06', 375000.00, 'Bayar Penuh', NULL, '2024-01-09', '2024-01-09', '2024-02-08', 'Dibatalkan', 3, 74, 0.00, 0),
(4, '2024-01-04', 350000.00, 'Bayar Penuh', NULL, '2024-01-07', '2024-01-07', '2024-04-06', 'Dibatalkan', 4, 25, 0.00, 0),
(5, '2024-01-16', 375000.00, 'Bayar Penuh', 'download (1).jpeg', '2024-12-08', '2024-01-19', '2024-02-18', 'Dibatalkan', 5, 34, 0.00, 0),
(6, '2024-01-01', 300000.00, 'Bayar Penuh', NULL, '2024-01-04', '2024-01-03', '2024-06-01', 'Dibatalkan', 6, 60, 0.00, 0),
(7, '2024-01-03', 375000.00, 'Bayar Penuh', NULL, '2024-01-06', '2024-01-06', '2024-06-04', 'Dibatalkan', 7, 56, 0.00, 0),
(8, '2024-01-21', 350000.00, 'Bayar Penuh', NULL, '2024-01-24', '2024-01-22', '2024-04-21', 'Dibatalkan', 8, 55, 0.00, 0),
(9, '2023-12-31', 300000.00, 'Bayar Penuh', NULL, '2024-01-03', '2024-01-02', '2024-04-01', 'Dibatalkan', 9, 95, 0.00, 0),
(10, '2024-01-22', 375000.00, 'Bayar Penuh', NULL, '2024-01-25', '2024-01-23', '2024-02-22', 'Dibatalkan', 10, 38, 0.00, 0),
(11, '2024-01-21', 300000.00, 'Bayar Penuh', NULL, '2024-01-24', '2024-01-22', '2024-04-21', 'Dibatalkan', 11, 40, 0.00, 0),
(12, '2024-01-13', 350000.00, 'Bayar Penuh', NULL, '2024-01-16', '2024-01-15', '2024-06-13', 'Dibatalkan', 12, 70, 0.00, 0),
(13, '2024-01-16', 350000.00, 'Bayar Penuh', NULL, '2024-01-19', '2024-01-19', '2024-02-18', 'Dibatalkan', 13, 101, 0.00, 0),
(14, '2024-01-17', 350000.00, 'Bayar Penuh', NULL, '2024-01-20', '2024-01-18', '2024-06-16', 'Dibatalkan', 14, 88, 0.00, 0),
(15, '2024-01-05', 300000.00, 'Bayar Penuh', NULL, '2024-01-08', '2024-01-07', '2024-06-05', 'Dibatalkan', 15, 96, 0.00, 0),
(16, '2024-01-10', 375000.00, 'Bayar Penuh', NULL, '2024-01-13', '2024-01-12', '2024-04-11', 'Dibatalkan', 16, 15, 0.00, 0),
(17, '2024-01-15', 350000.00, 'Bayar Penuh', NULL, '2024-01-18', '2024-01-16', '2024-02-15', 'Dibatalkan', 17, 12, 0.00, 0),
(18, '2024-01-24', 375000.00, 'Bayar Penuh', NULL, '2024-01-27', '2024-01-26', '2024-02-25', 'Dibatalkan', 18, 57, 0.00, 0),
(19, '2023-12-31', 300000.00, 'Bayar Penuh', NULL, '2024-01-03', '2024-01-01', '2024-05-30', 'Dibatalkan', 19, 14, 0.00, 0),
(20, '2024-01-21', 300000.00, 'Bayar Penuh', NULL, '2024-01-24', '2024-01-23', '2024-02-22', 'Dibatalkan', 20, 41, 0.00, 0),
(21, '2024-01-06', 350000.00, 'Bayar Penuh', NULL, '2024-01-09', '2024-01-09', '2024-04-08', 'Dibatalkan', 21, 67, 0.00, 0),
(22, '2024-02-11', 375000.00, 'Bayar Penuh', NULL, '2024-02-14', '2024-02-14', '2024-03-15', 'Dibatalkan', 22, 27, 0.00, 0),
(23, '2024-02-23', 375000.00, 'Bayar Penuh', NULL, '2024-02-26', '2024-02-25', '2024-07-24', 'Dibatalkan', 23, 22, 0.00, 0),
(24, '2024-02-03', 375000.00, 'Bayar Penuh', NULL, '2024-02-06', '2024-02-04', '2024-05-04', 'Dibatalkan', 24, 79, 0.00, 0),
(25, '2024-02-21', 375000.00, 'Bayar Penuh', NULL, '2024-02-24', '2024-02-22', '2024-07-21', 'Dibatalkan', 25, 29, 0.00, 0),
(26, '2024-02-13', 350000.00, 'Bayar Penuh', NULL, '2024-02-16', '2024-02-15', '2024-07-14', 'Dibatalkan', 26, 80, 0.00, 0),
(27, '2024-02-20', 375000.00, 'Bayar Penuh', NULL, '2024-02-23', '2024-02-22', '2024-07-21', 'Dibatalkan', 27, 16, 0.00, 0),
(28, '2024-02-06', 375000.00, 'Bayar Penuh', NULL, '2024-02-09', '2024-02-08', '2024-03-09', 'Dibatalkan', 28, 92, 0.00, 0),
(29, '2024-02-18', 350000.00, 'Bayar Penuh', NULL, '2024-02-21', '2024-02-21', '2024-07-20', 'Dibatalkan', 29, 32, 0.00, 0),
(30, '2024-02-10', 350000.00, 'Bayar Penuh', NULL, '2024-02-13', '2024-02-13', '2024-05-13', 'Dibatalkan', 30, 50, 0.00, 0),
(31, '2024-02-18', 375000.00, 'Bayar Penuh', NULL, '2024-02-21', '2024-02-19', '2024-05-19', 'Dibatalkan', 31, 31, 0.00, 0),
(32, '2024-02-17', 300000.00, 'Bayar Penuh', NULL, '2024-02-20', '2024-02-19', '2024-03-20', 'Dibatalkan', 32, 105, 0.00, 0),
(33, '2024-02-02', 350000.00, 'Bayar Penuh', NULL, '2024-02-05', '2024-02-04', '2024-03-05', 'Dibatalkan', 33, 90, 0.00, 0),
(34, '2024-02-23', 300000.00, 'Bayar Penuh', NULL, '2024-02-26', '2024-02-24', '2024-07-23', 'Dibatalkan', 34, 85, 0.00, 0),
(35, '2024-02-08', 375000.00, 'Bayar Penuh', NULL, '2024-02-11', '2024-02-11', '2024-07-10', 'Dibatalkan', 35, 24, 0.00, 0),
(36, '2024-01-30', 350000.00, 'Bayar Penuh', NULL, '2024-02-02', '2024-02-02', '2024-03-03', 'Dibatalkan', 36, 26, 0.00, 0),
(37, '2024-02-29', 300000.00, 'Bayar Penuh', NULL, '2024-03-03', '2024-03-01', '2024-07-29', 'Dibatalkan', 37, 35, 0.00, 0),
(38, '2024-03-10', 375000.00, 'Bayar Penuh', NULL, '2024-03-13', '2024-03-13', '2024-04-12', 'Dibatalkan', 38, 5, 0.00, 0),
(39, '2024-03-04', 375000.00, 'Bayar Penuh', NULL, '2024-03-07', '2024-03-07', '2024-04-06', 'Dibatalkan', 39, 39, 0.00, 0),
(40, '2024-03-13', 375000.00, 'Bayar Penuh', NULL, '2024-03-16', '2024-03-14', '2024-06-12', 'Dibatalkan', 40, 69, 0.00, 0),
(41, '2024-03-16', 350000.00, 'Bayar Penuh', NULL, '2024-03-19', '2024-03-19', '2024-06-17', 'Dibatalkan', 41, 49, 0.00, 0),
(42, '2024-03-29', 350000.00, 'Bayar Penuh', NULL, '2024-04-01', '2024-04-01', '2024-06-30', 'Dibatalkan', 42, 81, 0.00, 0),
(43, '2024-04-07', 350000.00, 'Bayar Penuh', NULL, '2024-04-10', '2024-04-08', '2024-09-05', 'Dibatalkan', 43, 84, 0.00, 0),
(44, '2024-04-21', 375000.00, 'Bayar Penuh', NULL, '2024-04-24', '2024-04-22', '2024-05-22', 'Dibatalkan', 44, 83, 0.00, 0),
(45, '2024-04-21', 375000.00, 'Bayar Penuh', NULL, '2024-04-24', '2024-04-22', '2024-09-19', 'Dibatalkan', 45, 71, 0.00, 0),
(46, '2024-04-25', 350000.00, 'Bayar Penuh', NULL, '2024-04-28', '2024-04-26', '2024-07-25', 'Dibatalkan', 46, 65, 0.00, 0),
(47, '2024-04-01', 300000.00, 'Bayar Penuh', NULL, '2024-04-04', '2024-04-03', '2024-05-03', 'Dibatalkan', 47, 8, 0.00, 0),
(48, '2024-04-01', 300000.00, 'Bayar Penuh', NULL, '2024-04-04', '2024-04-03', '2024-05-03', 'Dibatalkan', 48, 97, 0.00, 0),
(49, '2024-04-15', 375000.00, 'Bayar Penuh', NULL, '2024-04-18', '2024-04-17', '2024-09-14', 'Dibatalkan', 49, 11, 0.00, 0),
(50, '2024-04-24', 350000.00, 'Bayar Penuh', NULL, '2024-04-27', '2024-04-27', '2024-09-24', 'Dibatalkan', 50, 45, 0.00, 0),
(51, '2024-04-16', 375000.00, 'Bayar Penuh', NULL, '2024-04-19', '2024-04-18', '2024-09-15', 'Dibatalkan', 51, 53, 0.00, 0),
(52, '2024-04-24', 300000.00, 'Bayar Penuh', NULL, '2024-04-27', '2024-04-25', '2024-09-22', 'Dibatalkan', 52, 101, 0.00, 0),
(53, '2024-04-13', 375000.00, 'Bayar Penuh', NULL, '2024-04-16', '2024-04-14', '2024-07-13', 'Dibatalkan', 53, 12, 0.00, 0),
(54, '2024-04-10', 350000.00, 'Bayar Penuh', NULL, '2024-04-13', '2024-04-11', '2024-05-11', 'Dibatalkan', 54, 52, 0.00, 0),
(55, '2024-04-23', 350000.00, 'Bayar Penuh', NULL, '2024-04-26', '2024-04-24', '2024-05-24', 'Dibatalkan', 55, 42, 0.00, 0),
(56, '2024-04-16', 350000.00, 'Bayar Penuh', NULL, '2024-04-19', '2024-04-19', '2024-07-18', 'Dibatalkan', 56, 87, 0.00, 0),
(57, '2024-03-31', 300000.00, 'Bayar Penuh', NULL, '2024-04-03', '2024-04-01', '2024-08-29', 'Dibatalkan', 57, 33, 0.00, 0),
(58, '2024-04-11', 300000.00, 'Bayar Penuh', NULL, '2024-04-14', '2024-04-14', '2024-05-14', 'Dibatalkan', 58, 20, 0.00, 0),
(59, '2024-04-12', 375000.00, 'Bayar Penuh', NULL, '2024-04-15', '2024-04-13', '2024-09-10', 'Dibatalkan', 59, 1, 0.00, 0),
(60, '2024-04-05', 300000.00, 'Bayar Penuh', NULL, '2024-04-08', '2024-04-08', '2024-07-07', 'Dibatalkan', 60, 46, 0.00, 0),
(61, '2024-04-24', 375000.00, 'Bayar Penuh', NULL, '2024-04-27', '2024-04-27', '2024-09-24', 'Dibatalkan', 61, 76, 0.00, 0),
(62, '2024-04-22', 375000.00, 'Bayar Penuh', NULL, '2024-04-25', '2024-04-23', '2024-07-22', 'Dibatalkan', 62, 95, 0.00, 0),
(63, '2024-04-12', 350000.00, 'Bayar Penuh', NULL, '2024-04-15', '2024-04-14', '2024-07-13', 'Dibatalkan', 63, 47, 0.00, 0),
(64, '2024-04-11', 300000.00, 'Bayar Penuh', NULL, '2024-04-14', '2024-04-12', '2024-07-11', 'Dibatalkan', 64, 89, 0.00, 0),
(65, '2024-04-19', 300000.00, 'Bayar Penuh', NULL, '2024-04-22', '2024-04-22', '2024-07-21', 'Dibatalkan', 65, 106, 0.00, 0),
(66, '2024-03-29', 350000.00, 'Bayar Penuh', NULL, '2024-04-01', '2024-04-01', '2024-05-01', 'Dibatalkan', 66, 54, 0.00, 0),
(67, '2024-05-21', 300000.00, 'Bayar Penuh', NULL, '2024-05-24', '2024-05-22', '2024-08-20', 'Dibatalkan', 67, 68, 0.00, 0),
(68, '2024-05-18', 350000.00, 'Bayar Penuh', NULL, '2024-05-21', '2024-05-21', '2024-08-19', 'Dibatalkan', 68, 66, 0.00, 0),
(69, '2024-05-05', 300000.00, 'Bayar Penuh', NULL, '2024-05-08', '2024-05-06', '2024-06-05', 'Dibatalkan', 69, 8, 0.00, 0),
(70, '2024-05-24', 300000.00, 'Bayar Penuh', NULL, '2024-05-27', '2024-05-25', '2024-06-24', 'Dibatalkan', 70, 92, 0.00, 0),
(71, '2024-05-19', 350000.00, 'Bayar Penuh', NULL, '2024-05-22', '2024-05-20', '2024-06-19', 'Dibatalkan', 71, 15, 0.00, 0),
(72, '2024-06-13', 350000.00, 'Bayar Penuh', NULL, '2024-06-16', '2024-06-14', '2024-11-11', 'Dibatalkan', 72, 18, 0.00, 0),
(73, '2024-06-21', 300000.00, 'Bayar Penuh', NULL, '2024-06-24', '2024-06-22', '2024-11-19', 'Dibatalkan', 73, 15, 0.00, 0),
(74, '2024-06-10', 350000.00, 'Bayar Penuh', NULL, '2024-06-13', '2024-06-12', '2024-09-10', 'Dibatalkan', 74, 44, 0.00, 0),
(75, '2024-06-16', 350000.00, 'Bayar Penuh', NULL, '2024-06-19', '2024-06-17', '2024-07-17', 'Dibatalkan', 75, 54, 0.00, 0),
(76, '2024-06-20', 350000.00, 'Bayar Penuh', NULL, '2024-06-23', '2024-06-22', '2024-09-20', 'Dibatalkan', 76, 55, 0.00, 0),
(77, '2024-06-14', 375000.00, 'Bayar Penuh', NULL, '2024-06-17', '2024-06-15', '2024-11-12', 'Dibatalkan', 77, 100, 0.00, 0),
(78, '2024-06-17', 350000.00, 'Bayar Penuh', NULL, '2024-06-20', '2024-06-20', '2024-07-20', 'Dibatalkan', 78, 72, 0.00, 0),
(79, '2024-05-31', 375000.00, 'Bayar Penuh', NULL, '2024-06-03', '2024-06-02', '2024-07-02', 'Dibatalkan', 79, 97, 0.00, 0),
(80, '2024-06-03', 300000.00, 'Bayar Penuh', NULL, '2024-06-06', '2024-06-04', '2024-11-01', 'Dibatalkan', 80, 90, 0.00, 0),
(81, '2024-06-06', 350000.00, 'Bayar Penuh', NULL, '2024-06-09', '2024-06-08', '2024-11-05', 'Dibatalkan', 81, 52, 0.00, 0),
(82, '2024-06-15', 350000.00, 'Bayar Penuh', NULL, '2024-06-18', '2024-06-17', '2024-09-15', 'Dibatalkan', 82, 30, 0.00, 0),
(83, '2024-06-11', 375000.00, 'Bayar Penuh', NULL, '2024-06-14', '2024-06-13', '2024-11-10', 'Dibatalkan', 83, 43, 0.00, 0),
(84, '2024-06-03', 375000.00, 'Bayar Penuh', NULL, '2024-06-06', '2024-06-05', '2024-11-02', 'Dibatalkan', 84, 20, 0.00, 0),
(85, '2024-06-21', 300000.00, 'Bayar Penuh', NULL, '2024-06-24', '2024-06-22', '2024-11-19', 'Dibatalkan', 85, 104, 0.00, 0),
(86, '2024-06-17', 375000.00, 'Bayar Penuh', NULL, '2024-06-20', '2024-06-18', '2024-09-16', 'Dibatalkan', 86, 99, 0.00, 0),
(87, '2024-06-01', 375000.00, 'Bayar Penuh', NULL, '2024-06-04', '2024-06-03', '2024-07-03', 'Dibatalkan', 87, 64, 0.00, 0),
(88, '2024-06-17', 350000.00, 'Bayar Penuh', NULL, '2024-06-20', '2024-06-19', '2024-11-16', 'Dibatalkan', 88, 19, 0.00, 0),
(89, '2024-06-11', 300000.00, 'Bayar Penuh', NULL, '2024-06-14', '2024-06-12', '2024-09-10', 'Dibatalkan', 89, 31, 0.00, 0),
(90, '2024-06-22', 350000.00, 'Bayar Penuh', NULL, '2024-06-25', '2024-06-24', '2024-09-22', 'Dibatalkan', 90, 67, 0.00, 0),
(91, '2024-06-13', 300000.00, 'Bayar Penuh', NULL, '2024-06-16', '2024-06-14', '2024-09-12', 'Dibatalkan', 91, 105, 0.00, 0),
(92, '2024-06-01', 300000.00, 'Bayar Penuh', NULL, '2024-06-04', '2024-06-02', '2024-08-31', 'Dibatalkan', 92, 102, 0.00, 0),
(93, '2024-07-13', 375000.00, 'Bayar Penuh', NULL, '2024-07-16', '2024-07-14', '2024-08-13', 'Dibatalkan', 93, 57, 0.00, 0),
(94, '2024-07-24', 300000.00, 'Bayar Penuh', NULL, '2024-07-27', '2024-07-27', '2024-08-26', 'Dibatalkan', 94, 77, 0.00, 0),
(95, '2024-07-01', 300000.00, 'Bayar Penuh', NULL, '2024-07-04', '2024-07-02', '2024-09-30', 'Dibatalkan', 95, 2, 0.00, 0),
(96, '2024-07-22', 375000.00, 'Bayar Penuh', NULL, '2024-07-25', '2024-07-25', '2024-10-23', 'Dibatalkan', 96, 28, 0.00, 0),
(97, '2024-07-24', 300000.00, 'Bayar Penuh', NULL, '2024-07-27', '2024-07-27', '2024-12-24', 'Dibatalkan', 97, 79, 0.00, 0),
(98, '2024-07-04', 300000.00, 'Bayar Penuh', NULL, '2024-07-07', '2024-07-06', '2024-12-03', 'Dibatalkan', 98, 59, 0.00, 0),
(99, '2024-07-04', 300000.00, 'Bayar Penuh', NULL, '2024-07-07', '2024-07-05', '2024-08-04', 'Dibatalkan', 99, 4, 0.00, 0),
(100, '2024-07-19', 375000.00, 'Bayar Penuh', NULL, '2024-07-22', '2024-07-22', '2024-10-20', 'Dibatalkan', 100, 83, 0.00, 0),
(101, '2024-07-06', 375000.00, 'Bayar Penuh', NULL, '2024-07-09', '2024-07-07', '2024-08-06', 'Dibatalkan', 101, 42, 0.00, 0),
(102, '2024-07-23', 300000.00, 'Bayar Penuh', NULL, '2024-07-26', '2024-07-24', '2024-10-22', 'Dibatalkan', 102, 94, 0.00, 0),
(103, '2024-07-02', 300000.00, 'Bayar Penuh', NULL, '2024-07-05', '2024-07-05', '2024-10-03', 'Dibatalkan', 103, 96, 0.00, 0),
(104, '2024-07-12', 350000.00, 'Bayar Penuh', NULL, '2024-07-15', '2024-07-14', '2024-08-13', 'Dibatalkan', 104, 62, 0.00, 0),
(105, '2024-07-08', 375000.00, 'Bayar Penuh', NULL, '2024-07-11', '2024-07-09', '2024-10-07', 'Dibatalkan', 105, 81, 0.00, 0),
(106, '2024-07-10', 300000.00, 'Bayar Penuh', NULL, '2024-07-13', '2024-07-13', '2024-08-12', 'Dibatalkan', 106, 34, 0.00, 0),
(107, '2024-07-13', 350000.00, 'Bayar Penuh', NULL, '2024-07-16', '2024-07-14', '2024-08-13', 'Dibatalkan', 107, 39, 0.00, 0),
(108, '2024-06-30', 375000.00, 'Bayar Penuh', NULL, '2024-07-03', '2024-07-02', '2024-09-30', 'Dibatalkan', 108, 49, 0.00, 0),
(109, '2024-07-02', 350000.00, 'Bayar Penuh', NULL, '2024-07-05', '2024-07-05', '2024-12-02', 'Dibatalkan', 109, 3, 0.00, 0),
(110, '2024-07-22', 375000.00, 'Bayar Penuh', NULL, '2024-07-25', '2024-07-24', '2024-08-23', 'Dibatalkan', 110, 6, 0.00, 0),
(111, '2024-07-04', 300000.00, 'Bayar Penuh', NULL, '2024-07-07', '2024-07-05', '2024-10-03', 'Dibatalkan', 111, 98, 0.00, 0),
(112, '2024-07-02', 300000.00, 'Bayar Penuh', NULL, '2024-07-05', '2024-07-05', '2024-12-02', 'Dibatalkan', 112, 61, 0.00, 0),
(113, '2024-07-01', 350000.00, 'Bayar Penuh', NULL, '2024-07-04', '2024-07-03', '2024-08-02', 'Dibatalkan', 113, 60, 0.00, 0),
(114, '2024-08-22', 375000.00, 'Bayar Penuh', NULL, '2024-08-25', '2024-08-25', '2024-09-24', 'Dibatalkan', 114, 41, 0.00, 0),
(115, '2024-08-06', 300000.00, 'Bayar Penuh', NULL, '2024-08-09', '2024-08-07', '2024-11-05', 'Dibatalkan', 115, 50, 0.00, 0),
(116, '2024-08-12', 375000.00, 'Bayar Penuh', NULL, '2024-08-15', '2024-08-14', '2025-01-11', 'Dibatalkan', 116, 62, 0.00, 0),
(117, '2024-08-03', 300000.00, 'Bayar Penuh', NULL, '2024-08-06', '2024-08-05', '2024-09-04', 'Dibatalkan', 117, 69, 0.00, 0),
(118, '2024-08-06', 350000.00, 'Bayar Penuh', NULL, '2024-08-09', '2024-08-07', '2024-09-06', 'Dibatalkan', 118, 13, 0.00, 0),
(119, '2024-08-18', 375000.00, 'Bayar Penuh', NULL, '2024-08-21', '2024-08-20', '2025-01-17', 'Dibatalkan', 119, 65, 0.00, 0),
(120, '2024-08-25', 300000.00, 'Bayar Penuh', NULL, '2024-08-28', '2024-08-26', '2024-11-24', 'Dibatalkan', 120, 93, 0.00, 0),
(121, '2024-08-16', 375000.00, 'Bayar Penuh', NULL, '2024-08-19', '2024-08-19', '2025-01-16', 'Dibatalkan', 121, 32, 0.00, 0),
(122, '2024-08-21', 350000.00, 'Bayar Penuh', NULL, '2024-08-24', '2024-08-24', '2025-01-21', 'Dibatalkan', 122, 37, 0.00, 0),
(123, '2024-08-16', 300000.00, 'Bayar Penuh', NULL, '2024-08-19', '2024-08-18', '2024-11-16', 'Dibatalkan', 123, 58, 0.00, 0),
(124, '2024-08-05', 350000.00, 'Bayar Penuh', NULL, '2024-08-08', '2024-08-07', '2024-11-05', 'Dibatalkan', 124, 36, 0.00, 0),
(125, '2024-08-06', 375000.00, 'Bayar Penuh', NULL, '2024-08-09', '2024-08-08', '2024-11-06', 'Dibatalkan', 125, 25, 0.00, 0),
(126, '2024-08-06', 350000.00, 'Bayar Penuh', NULL, '2024-08-09', '2024-08-07', '2024-09-06', 'Dibatalkan', 126, 85, 0.00, 0),
(127, '2024-08-22', 375000.00, 'Bayar Penuh', NULL, '2024-08-25', '2024-08-23', '2025-01-20', 'Dibatalkan', 127, 39, 0.00, 0),
(128, '2024-08-01', 375000.00, 'Bayar Penuh', NULL, '2024-08-04', '2024-08-03', '2024-12-31', 'Dibatalkan', 128, 89, 0.00, 0),
(129, '2024-08-12', 350000.00, 'Bayar Penuh', NULL, '2024-08-15', '2024-08-15', '2024-09-14', 'Dibatalkan', 129, 12, 0.00, 0),
(130, '2024-07-29', 300000.00, 'Bayar Penuh', NULL, '2024-08-01', '2024-08-01', '2024-12-29', 'Dibatalkan', 130, 38, 0.00, 0),
(131, '2024-07-30', 375000.00, 'Bayar Penuh', NULL, '2024-08-02', '2024-08-02', '2024-10-31', 'Dibatalkan', 131, 80, 0.00, 0),
(132, '2024-08-10', 300000.00, 'Bayar Penuh', NULL, '2024-08-13', '2024-08-11', '2024-09-10', 'Dibatalkan', 132, 95, 0.00, 0),
(133, '2024-08-05', 350000.00, 'Bayar Penuh', NULL, '2024-08-08', '2024-08-06', '2025-01-03', 'Dibatalkan', 133, 64, 0.00, 0),
(134, '2024-08-13', 375000.00, 'Bayar Penuh', NULL, '2024-08-16', '2024-08-14', '2024-11-12', 'Dibatalkan', 134, 5, 0.00, 0),
(135, '2024-08-18', 375000.00, 'Bayar Penuh', NULL, '2024-08-21', '2024-08-19', '2025-01-16', 'Dibatalkan', 135, 8, 0.00, 0),
(136, '2024-08-15', 375000.00, 'Bayar Penuh', NULL, '2024-08-18', '2024-08-18', '2024-11-16', 'Dibatalkan', 136, 92, 0.00, 0),
(137, '2024-08-12', 350000.00, 'Bayar Penuh', NULL, '2024-08-15', '2024-08-15', '2024-09-14', 'Dibatalkan', 137, 87, 0.00, 0),
(138, '2024-08-03', 300000.00, 'Bayar Penuh', NULL, '2024-08-06', '2024-08-04', '2024-09-03', 'Dibatalkan', 138, 73, 0.00, 0),
(139, '2024-08-20', 350000.00, 'Bayar Penuh', NULL, '2024-08-23', '2024-08-22', '2024-09-21', 'Dibatalkan', 139, 4, 0.00, 0),
(140, '2024-08-16', 300000.00, 'Bayar Penuh', NULL, '2024-08-19', '2024-08-17', '2024-09-16', 'Dibatalkan', 140, 9, 0.00, 0),
(141, '2024-07-30', 300000.00, 'Bayar Penuh', NULL, '2024-08-02', '2024-08-01', '2024-12-29', 'Dibatalkan', 141, 27, 0.00, 0),
(142, '2024-08-06', 300000.00, 'Bayar Penuh', NULL, '2024-08-09', '2024-08-09', '2025-01-06', 'Dibatalkan', 142, 24, 0.00, 0),
(143, '2024-08-14', 300000.00, 'Bayar Penuh', NULL, '2024-08-17', '2024-08-15', '2024-09-14', 'Dibatalkan', 143, 10, 0.00, 0),
(144, '2024-09-23', 300000.00, 'Bayar Penuh', NULL, '2024-09-26', '2024-09-26', '2025-02-23', 'Dibatalkan', 144, 60, 0.00, 0),
(145, '2024-09-01', 300000.00, 'Bayar Penuh', NULL, '2024-09-04', '2024-09-02', '2024-10-02', 'Dibatalkan', 145, 42, 0.00, 0),
(146, '2024-09-13', 350000.00, 'Bayar Penuh', NULL, '2024-09-16', '2024-09-14', '2024-10-14', 'Dibatalkan', 146, 91, 0.00, 0),
(147, '2024-09-05', 300000.00, 'Bayar Penuh', NULL, '2024-09-08', '2024-09-08', '2025-02-05', 'Dibatalkan', 147, 35, 0.00, 0),
(148, '2024-09-05', 350000.00, 'Bayar Penuh', NULL, '2024-09-08', '2024-09-07', '2025-02-04', 'Dibatalkan', 148, 16, 0.00, 0),
(149, '2024-09-16', 300000.00, 'Bayar Penuh', NULL, '2024-09-19', '2024-09-19', '2025-02-16', 'Dibatalkan', 149, 17, 0.00, 0),
(150, '2024-09-25', 375000.00, 'Bayar Penuh', NULL, '2024-09-28', '2024-09-27', '2025-02-24', 'Dibatalkan', 150, 105, 0.00, 0),
(151, '2024-08-31', 375000.00, 'Bayar Penuh', NULL, '2024-09-03', '2024-09-01', '2024-11-30', 'Dibatalkan', 151, 78, 0.00, 0),
(152, '2024-09-11', 300000.00, 'Bayar Penuh', NULL, '2024-09-14', '2024-09-12', '2024-10-12', 'Dibatalkan', 152, 103, 0.00, 0),
(153, '2024-09-05', 375000.00, 'Bayar Penuh', NULL, '2024-09-08', '2024-09-08', '2024-12-07', 'Dibatalkan', 153, 57, 0.00, 0),
(154, '2024-09-11', 375000.00, 'Bayar Penuh', NULL, '2024-09-14', '2024-09-14', '2024-12-13', 'Dibatalkan', 154, 34, 0.00, 0),
(155, '2024-09-13', 375000.00, 'Bayar Penuh', NULL, '2024-09-16', '2024-09-16', '2024-10-16', 'Dibatalkan', 155, 85, 0.00, 0),
(156, '2024-09-23', 300000.00, 'Bayar Penuh', NULL, '2024-09-26', '2024-09-24', '2025-02-21', 'Dibatalkan', 156, 10, 0.00, 0),
(157, '2024-09-06', 350000.00, 'Bayar Penuh', NULL, '2024-09-09', '2024-09-07', '2025-02-04', 'Dibatalkan', 157, 70, 0.00, 0),
(158, '2024-09-22', 350000.00, 'Bayar Penuh', NULL, '2024-09-25', '2024-09-24', '2025-02-21', 'Dibatalkan', 158, 29, 0.00, 0),
(159, '2024-09-19', 350000.00, 'Bayar Penuh', NULL, '2024-09-22', '2024-09-22', '2024-10-22', 'Dibatalkan', 159, 14, 0.00, 0),
(160, '2024-09-02', 350000.00, 'Bayar Penuh', NULL, '2024-09-05', '2024-09-04', '2024-10-04', 'Dibatalkan', 160, 73, 0.00, 0),
(161, '2024-09-08', 350000.00, 'Bayar Penuh', NULL, '2024-09-11', '2024-09-09', '2024-12-08', 'Dibatalkan', 161, 68, 0.00, 0),
(162, '2024-09-17', 350000.00, 'Bayar Penuh', NULL, '2024-09-20', '2024-09-20', '2024-12-19', 'Dibatalkan', 162, 13, 0.00, 0),
(163, '2024-09-23', 375000.00, 'Bayar Penuh', NULL, '2024-09-26', '2024-09-25', '2024-10-25', 'Dibatalkan', 163, 88, 0.00, 0),
(164, '2024-09-23', 350000.00, 'Bayar Penuh', NULL, '2024-09-26', '2024-09-24', '2024-10-24', 'Dibatalkan', 164, 55, 0.00, 0),
(165, '2024-09-22', 300000.00, 'Bayar Penuh', NULL, '2024-09-25', '2024-09-23', '2025-02-20', 'Dibatalkan', 165, 74, 0.00, 0),
(166, '2024-09-04', 375000.00, 'Bayar Penuh', NULL, '2024-09-07', '2024-09-07', '2024-12-06', 'Dibatalkan', 166, 72, 0.00, 0),
(167, '2024-09-23', 350000.00, 'Bayar Penuh', NULL, '2024-09-26', '2024-09-24', '2024-12-23', 'Dibatalkan', 167, 31, 0.00, 0),
(168, '2024-09-03', 375000.00, 'Bayar Penuh', NULL, '2024-09-06', '2024-09-06', '2024-10-06', 'Dibatalkan', 168, 106, 0.00, 0),
(169, '2024-10-10', 350000.00, 'Bayar Penuh', NULL, '2024-10-13', '2024-10-13', '2025-03-12', 'Dibatalkan', 169, 44, 0.00, 0),
(170, '2024-10-12', 300000.00, 'Bayar Penuh', NULL, '2024-10-15', '2024-10-15', '2025-01-13', 'Dibatalkan', 170, 49, 0.00, 0),
(171, '2024-09-30', 350000.00, 'Bayar Penuh', NULL, '2024-10-03', '2024-10-01', '2024-10-31', 'Dibatalkan', 171, 2, 0.00, 0),
(172, '2024-09-30', 350000.00, 'Bayar Penuh', NULL, '2024-10-03', '2024-10-03', '2025-01-01', 'Dibatalkan', 172, 51, 0.00, 0),
(173, '2024-10-25', 300000.00, 'Bayar Penuh', NULL, '2024-10-28', '2024-10-26', '2024-11-25', 'Dibatalkan', 173, 77, 0.00, 0),
(174, '2024-10-26', 375000.00, 'Bayar Penuh', NULL, '2024-10-29', '2024-10-27', '2024-11-26', 'Dibatalkan', 174, 46, 0.00, 0),
(175, '2024-10-04', 300000.00, 'Bayar Penuh', NULL, '2024-10-07', '2024-10-07', '2024-11-06', 'Dibatalkan', 175, 86, 0.00, 0),
(176, '2024-10-10', 375000.00, 'Bayar Penuh', NULL, '2024-10-13', '2024-10-12', '2025-01-10', 'Dibatalkan', 176, 76, 0.00, 0),
(177, '2024-11-17', 350000.00, 'Bayar Penuh', NULL, '2024-11-20', '2024-11-19', '2024-12-19', 'Dibatalkan', 177, 1, 0.00, 0),
(178, '2024-11-02', 375000.00, 'Bayar Penuh', NULL, '2024-11-05', '2024-11-05', '2025-04-04', 'Dibatalkan', 178, 88, 0.00, 0),
(179, '2024-11-13', 350000.00, 'Bayar Penuh', NULL, '2024-11-16', '2024-11-15', '2025-02-13', 'Dibatalkan', 179, 98, 0.00, 0),
(180, '2024-11-11', 300000.00, 'Bayar Penuh', NULL, '2024-11-14', '2024-11-14', '2025-02-12', 'Dibatalkan', 180, 102, 0.00, 0),
(181, '2024-11-24', 300000.00, 'Bayar Penuh', NULL, '2024-11-27', '2024-11-27', '2024-12-27', 'Dibatalkan', 181, 86, 0.00, 0),
(182, '2024-11-22', 300000.00, 'Bayar Penuh', NULL, '2024-11-25', '2024-11-23', '2025-04-22', 'Dibatalkan', 182, 25, 0.00, 0),
(183, '2024-11-17', 350000.00, 'Bayar Penuh', NULL, '2024-11-20', '2024-11-19', '2025-02-17', 'Dibatalkan', 183, 56, 0.00, 0),
(184, '2024-11-22', 375000.00, 'Bayar Penuh', NULL, '2024-11-25', '2024-11-24', '2025-02-22', 'Dibatalkan', 184, 22, 0.00, 0),
(185, '2024-11-01', 375000.00, 'Bayar Penuh', NULL, '2024-11-04', '2024-11-03', '2024-12-03', 'Dibatalkan', 185, 66, 0.00, 0),
(186, '2024-11-15', 375000.00, 'Bayar Penuh', NULL, '2024-11-18', '2024-11-16', '2024-12-16', 'Dibatalkan', 186, 2, 0.00, 0),
(187, '2024-11-11', 350000.00, 'Bayar Penuh', NULL, '2024-11-14', '2024-11-14', '2025-04-13', 'Dibatalkan', 187, 14, 0.00, 0),
(188, '2024-11-14', 300000.00, 'Bayar Penuh', NULL, '2024-11-17', '2024-11-17', '2024-12-17', 'Dibatalkan', 188, 41, 0.00, 0),
(189, '2024-11-18', 300000.00, 'Bayar Penuh', NULL, '2024-11-21', '2024-11-20', '2025-04-19', 'Dibatalkan', 189, 7, 0.00, 0),
(190, '2024-11-09', 350000.00, 'Bayar Penuh', NULL, '2024-11-12', '2024-11-12', '2024-12-12', 'Dibatalkan', 190, 48, 0.00, 0),
(191, '2024-11-12', 350000.00, 'Bayar Penuh', NULL, '2024-11-15', '2024-11-14', '2024-12-14', 'Dibatalkan', 191, 71, 0.00, 0),
(192, '2024-12-23', 300000.00, 'Bayar Penuh', NULL, '2024-12-26', '2024-12-25', '2025-05-24', 'Dibatalkan', 192, 66, 0.00, 0),
(193, '2024-12-22', 300000.00, 'Bayar Penuh', NULL, '2024-12-25', '2024-12-24', '2025-05-23', 'Dibatalkan', 193, 101, 0.00, 0),
(194, '2024-11-30', 350000.00, 'Bayar Penuh', NULL, '2024-12-03', '2024-12-01', '2025-04-30', 'Dibatalkan', 194, 12, 0.00, 0),
(195, '2024-12-15', 375000.00, 'Bayar Penuh', NULL, '2024-12-18', '2024-12-18', '2025-05-17', 'Dibatalkan', 195, 83, 0.00, 0),
(196, '2024-12-17', 300000.00, 'Bayar Penuh', NULL, '2024-12-20', '2024-12-20', '2025-01-19', 'Dibatalkan', 196, 96, 0.00, 0),
(197, '2024-12-04', 300000.00, 'Bayar Penuh', NULL, '2024-12-07', '2024-12-06', '2025-03-06', 'Dibatalkan', 197, 82, 0.00, 0),
(198, '2024-12-09', 300000.00, 'Bayar Penuh', NULL, '2024-12-12', '2024-12-12', '2025-01-11', 'Dibatalkan', 198, 100, 0.00, 0),
(199, '2024-11-28', 350000.00, 'Bayar Penuh', NULL, '2024-12-01', '2024-12-01', '2025-03-01', 'Dibatalkan', 199, 87, 0.00, 0),
(200, '2024-12-06', 375000.00, 'Bayar Penuh', NULL, '2024-12-09', '2024-12-09', '2025-03-09', 'Dibatalkan', 200, 94, 0.00, 0),
(201, '2024-12-07', 375000.00, 'Bayar Penuh', NULL, '2024-12-10', '2024-12-10', '2025-03-10', 'Dibatalkan', 201, 19, 0.00, 0),
(202, '2024-12-01', 300000.00, 'Bayar Penuh', NULL, '2024-12-04', '2024-12-02', '2025-01-01', 'Dibatalkan', 202, 23, 0.00, 0),
(203, '2024-12-02', 375000.00, 'Bayar Penuh', NULL, '2024-12-05', '2024-12-03', '2025-03-03', 'Dibatalkan', 203, 9, 0.00, 0),
(204, '2024-12-07', 375000.00, 'Bayar Penuh', NULL, '2024-12-10', '2024-12-09', '2025-05-08', 'Dibatalkan', 204, 67, 0.00, 0),
(205, '2024-12-06', 375000.00, 'Bayar Penuh', NULL, '2024-12-09', '2024-12-08', '2025-03-08', 'Dibatalkan', 205, 40, 0.00, 0),
(206, '2024-12-10', 375000.00, 'Bayar Penuh', NULL, '2024-12-13', '2024-12-11', '2025-05-10', 'Dibatalkan', 206, 21, 0.00, 0),
(207, '2024-12-15', 300000.00, 'Bayar Penuh', NULL, '2024-12-18', '2024-12-17', '2025-01-16', 'Dibatalkan', 207, 77, 0.00, 0),
(208, '2024-12-17', 375000.00, 'Bayar Penuh', NULL, '2024-12-20', '2024-12-18', '2025-01-17', 'Dibatalkan', 208, 34, 0.00, 0),
(209, '2024-12-05', 375000.00, 'Bayar Penuh', NULL, '2024-12-08', '2024-12-07', '2025-01-06', 'Dibatalkan', 209, 106, 0.00, 0),
(210, '2024-12-20', 350000.00, 'Bayar Penuh', NULL, '2024-12-23', '2024-12-21', '2025-05-20', 'Dibatalkan', 210, 58, 0.00, 0),
(211, '2024-12-19', 300000.00, 'Bayar Penuh', NULL, '2024-12-22', '2024-12-22', '2025-01-21', 'Dibatalkan', 211, 48, 0.00, 0),
(212, '2024-12-01', 350000.00, 'Bayar Penuh', NULL, '2024-12-04', '2024-12-02', '2025-05-01', 'Dibatalkan', 212, 26, 0.00, 0),
(213, '2023-01-01', 350000.00, 'Bayar Penuh', NULL, '2023-01-04', '2023-01-04', '2023-06-03', 'Dibatalkan', 213, 79, 0.00, 0),
(214, '2023-01-10', 350000.00, 'Bayar Penuh', NULL, '2023-01-13', '2023-01-12', '2023-04-12', 'Dibatalkan', 214, 50, 0.00, 0),
(215, '2023-01-09', 350000.00, 'Bayar Penuh', NULL, '2023-01-12', '2023-01-10', '2023-02-09', 'Dibatalkan', 215, 61, 0.00, 0),
(216, '2023-01-21', 375000.00, 'Bayar Penuh', NULL, '2023-01-24', '2023-01-23', '2023-02-22', 'Dibatalkan', 216, 67, 0.00, 0),
(217, '2023-01-07', 350000.00, 'Bayar Penuh', NULL, '2023-01-10', '2023-01-10', '2023-04-10', 'Dibatalkan', 217, 42, 0.00, 0),
(218, '2023-01-25', 300000.00, 'Bayar Penuh', NULL, '2023-01-28', '2023-01-26', '2023-02-25', 'Dibatalkan', 218, 14, 0.00, 0),
(219, '2022-12-31', 300000.00, 'Bayar Penuh', NULL, '2023-01-03', '2023-01-01', '2023-04-01', 'Dibatalkan', 219, 99, 0.00, 0),
(220, '2023-01-03', 350000.00, 'Bayar Penuh', NULL, '2023-01-06', '2023-01-04', '2023-04-04', 'Dibatalkan', 220, 103, 0.00, 0),
(221, '2023-01-19', 375000.00, 'Bayar Penuh', NULL, '2023-01-22', '2023-01-22', '2023-04-22', 'Dibatalkan', 221, 73, 0.00, 0),
(222, '2023-01-12', 375000.00, 'Bayar Penuh', NULL, '2023-01-15', '2023-01-13', '2023-04-13', 'Dibatalkan', 222, 88, 0.00, 0),
(223, '2023-01-11', 350000.00, 'Bayar Penuh', NULL, '2023-01-14', '2023-01-13', '2023-04-13', 'Dibatalkan', 223, 85, 0.00, 0),
(224, '2023-01-17', 350000.00, 'Bayar Penuh', NULL, '2023-01-20', '2023-01-20', '2023-04-20', 'Dibatalkan', 224, 74, 0.00, 0),
(225, '2023-01-06', 350000.00, 'Bayar Penuh', NULL, '2023-01-09', '2023-01-08', '2023-06-07', 'Dibatalkan', 225, 2, 0.00, 0),
(226, '2023-01-14', 300000.00, 'Bayar Penuh', NULL, '2023-01-17', '2023-01-17', '2023-06-16', 'Dibatalkan', 226, 92, 0.00, 0),
(227, '2023-01-01', 300000.00, 'Bayar Penuh', NULL, '2023-01-04', '2023-01-03', '2023-02-02', 'Dibatalkan', 227, 37, 0.00, 0),
(228, '2023-01-21', 350000.00, 'Bayar Penuh', NULL, '2023-01-24', '2023-01-22', '2023-06-21', 'Dibatalkan', 228, 46, 0.00, 0),
(229, '2023-01-10', 300000.00, 'Bayar Penuh', NULL, '2023-01-13', '2023-01-13', '2023-04-13', 'Dibatalkan', 229, 93, 0.00, 0),
(230, '2023-01-14', 350000.00, 'Bayar Penuh', NULL, '2023-01-17', '2023-01-15', '2023-06-14', 'Dibatalkan', 230, 94, 0.00, 0),
(231, '2023-01-21', 300000.00, 'Bayar Penuh', NULL, '2023-01-24', '2023-01-24', '2023-04-24', 'Dibatalkan', 231, 31, 0.00, 0),
(232, '2023-01-19', 350000.00, 'Bayar Penuh', NULL, '2023-01-22', '2023-01-20', '2023-04-20', 'Dibatalkan', 232, 70, 0.00, 0),
(233, '2023-01-14', 300000.00, 'Bayar Penuh', NULL, '2023-01-17', '2023-01-17', '2023-04-17', 'Dibatalkan', 233, 68, 0.00, 0),
(234, '2023-02-07', 350000.00, 'Bayar Penuh', NULL, '2023-02-10', '2023-02-09', '2023-03-11', 'Dibatalkan', 234, 98, 0.00, 0),
(235, '2023-01-31', 375000.00, 'Bayar Penuh', NULL, '2023-02-03', '2023-02-03', '2023-07-03', 'Dibatalkan', 235, 45, 0.00, 0),
(236, '2023-02-02', 375000.00, 'Bayar Penuh', NULL, '2023-02-05', '2023-02-05', '2023-03-07', 'Dibatalkan', 236, 20, 0.00, 0),
(237, '2023-02-08', 300000.00, 'Bayar Penuh', NULL, '2023-02-11', '2023-02-10', '2023-03-12', 'Dibatalkan', 237, 62, 0.00, 0),
(238, '2023-02-09', 300000.00, 'Bayar Penuh', NULL, '2023-02-12', '2023-02-10', '2023-07-10', 'Dibatalkan', 238, 9, 0.00, 0),
(239, '2023-02-06', 375000.00, 'Bayar Penuh', NULL, '2023-02-09', '2023-02-08', '2023-07-08', 'Dibatalkan', 239, 77, 0.00, 0),
(240, '2023-02-09', 300000.00, 'Bayar Penuh', NULL, '2023-02-12', '2023-02-12', '2023-07-12', 'Dibatalkan', 240, 37, 0.00, 0),
(241, '2023-02-21', 375000.00, 'Bayar Penuh', NULL, '2023-02-24', '2023-02-24', '2023-05-25', 'Dibatalkan', 241, 100, 0.00, 0),
(242, '2023-02-17', 300000.00, 'Bayar Penuh', NULL, '2023-02-20', '2023-02-20', '2023-03-22', 'Dibatalkan', 242, 22, 0.00, 0),
(243, '2023-01-31', 375000.00, 'Bayar Penuh', NULL, '2023-02-03', '2023-02-01', '2023-03-03', 'Dibatalkan', 243, 60, 0.00, 0),
(244, '2023-02-22', 375000.00, 'Bayar Penuh', NULL, '2023-02-25', '2023-02-23', '2023-07-23', 'Dibatalkan', 244, 44, 0.00, 0),
(245, '2023-02-08', 300000.00, 'Bayar Penuh', NULL, '2023-02-11', '2023-02-09', '2023-07-09', 'Dibatalkan', 245, 86, 0.00, 0),
(246, '2023-02-19', 350000.00, 'Bayar Penuh', NULL, '2023-02-22', '2023-02-21', '2023-03-23', 'Dibatalkan', 246, 1, 0.00, 0),
(247, '2023-02-05', 300000.00, 'Bayar Penuh', NULL, '2023-02-08', '2023-02-07', '2023-07-07', 'Dibatalkan', 247, 35, 0.00, 0),
(248, '2023-02-12', 375000.00, 'Bayar Penuh', NULL, '2023-02-15', '2023-02-13', '2023-07-13', 'Dibatalkan', 248, 30, 0.00, 0),
(249, '2023-02-21', 350000.00, 'Bayar Penuh', NULL, '2023-02-24', '2023-02-24', '2023-03-26', 'Dibatalkan', 249, 19, 0.00, 0),
(250, '2023-02-04', 350000.00, 'Bayar Penuh', NULL, '2023-02-07', '2023-02-07', '2023-05-08', 'Dibatalkan', 250, 87, 0.00, 0),
(251, '2023-02-04', 375000.00, 'Bayar Penuh', NULL, '2023-02-07', '2023-02-06', '2023-05-07', 'Dibatalkan', 251, 66, 0.00, 0),
(252, '2023-02-01', 350000.00, 'Bayar Penuh', NULL, '2023-02-04', '2023-02-04', '2023-07-04', 'Dibatalkan', 252, 53, 0.00, 0),
(253, '2023-02-13', 350000.00, 'Bayar Penuh', NULL, '2023-02-16', '2023-02-15', '2023-07-15', 'Dibatalkan', 253, 90, 0.00, 0),
(254, '2023-02-08', 375000.00, 'Bayar Penuh', NULL, '2023-02-11', '2023-02-09', '2023-07-09', 'Dibatalkan', 254, 78, 0.00, 0),
(255, '2023-02-05', 375000.00, 'Bayar Penuh', NULL, '2023-02-08', '2023-02-08', '2023-03-10', 'Dibatalkan', 255, 51, 0.00, 0),
(256, '2023-01-29', 375000.00, 'Bayar Penuh', NULL, '2023-02-01', '2023-02-01', '2023-03-03', 'Dibatalkan', 256, 81, 0.00, 0),
(257, '2023-02-07', 375000.00, 'Bayar Penuh', NULL, '2023-02-10', '2023-02-09', '2023-05-10', 'Dibatalkan', 257, 97, 0.00, 0),
(258, '2023-02-09', 300000.00, 'Bayar Penuh', NULL, '2023-02-12', '2023-02-11', '2023-07-11', 'Dibatalkan', 258, 83, 0.00, 0),
(259, '2023-03-13', 350000.00, 'Bayar Penuh', NULL, '2023-03-16', '2023-03-16', '2023-06-14', 'Dibatalkan', 259, 98, 0.00, 0),
(260, '2023-02-28', 350000.00, 'Bayar Penuh', NULL, '2023-03-03', '2023-03-03', '2023-04-02', 'Dibatalkan', 260, 55, 0.00, 0),
(261, '2023-03-16', 350000.00, 'Bayar Penuh', NULL, '2023-03-19', '2023-03-19', '2023-08-16', 'Dibatalkan', 261, 39, 0.00, 0),
(262, '2023-03-16', 300000.00, 'Bayar Penuh', NULL, '2023-03-19', '2023-03-18', '2023-06-16', 'Dibatalkan', 262, 49, 0.00, 0),
(263, '2023-03-12', 375000.00, 'Bayar Penuh', NULL, '2023-03-15', '2023-03-13', '2023-08-10', 'Dibatalkan', 263, 7, 0.00, 0),
(264, '2023-03-12', 300000.00, 'Bayar Penuh', NULL, '2023-03-15', '2023-03-13', '2023-08-10', 'Dibatalkan', 264, 40, 0.00, 0),
(265, '2023-03-25', 350000.00, 'Bayar Penuh', NULL, '2023-03-28', '2023-03-27', '2023-04-26', 'Dibatalkan', 265, 95, 0.00, 0),
(266, '2023-03-10', 375000.00, 'Bayar Penuh', NULL, '2023-03-13', '2023-03-13', '2023-06-11', 'Dibatalkan', 266, 71, 0.00, 0),
(267, '2023-04-04', 350000.00, 'Bayar Penuh', NULL, '2023-04-07', '2023-04-06', '2023-07-05', 'Dibatalkan', 267, 54, 0.00, 0),
(268, '2023-04-16', 350000.00, 'Bayar Penuh', NULL, '2023-04-19', '2023-04-19', '2023-05-19', 'Dibatalkan', 268, 17, 0.00, 0),
(269, '2023-04-03', 300000.00, 'Bayar Penuh', NULL, '2023-04-06', '2023-04-04', '2023-07-03', 'Dibatalkan', 269, 28, 0.00, 0),
(270, '2023-04-01', 350000.00, 'Bayar Penuh', NULL, '2023-04-04', '2023-04-03', '2023-08-31', 'Dibatalkan', 270, 41, 0.00, 0),
(271, '2023-04-12', 300000.00, 'Bayar Penuh', NULL, '2023-04-15', '2023-04-13', '2023-05-13', 'Dibatalkan', 271, 21, 0.00, 0),
(272, '2023-04-09', 350000.00, 'Bayar Penuh', NULL, '2023-04-12', '2023-04-10', '2023-07-09', 'Dibatalkan', 272, 99, 0.00, 0),
(273, '2023-04-21', 300000.00, 'Bayar Penuh', NULL, '2023-04-24', '2023-04-22', '2023-05-22', 'Dibatalkan', 273, 19, 0.00, 0),
(274, '2023-04-14', 350000.00, 'Bayar Penuh', NULL, '2023-04-17', '2023-04-16', '2023-05-16', 'Dibatalkan', 274, 32, 0.00, 0),
(275, '2023-03-29', 375000.00, 'Bayar Penuh', NULL, '2023-04-01', '2023-04-01', '2023-06-30', 'Dibatalkan', 275, 26, 0.00, 0),
(276, '2023-04-13', 375000.00, 'Bayar Penuh', NULL, '2023-04-16', '2023-04-16', '2023-09-13', 'Dibatalkan', 276, 24, 0.00, 0),
(277, '2023-04-08', 350000.00, 'Bayar Penuh', NULL, '2023-04-11', '2023-04-11', '2023-07-10', 'Dibatalkan', 277, 67, 0.00, 0),
(278, '2023-04-12', 375000.00, 'Bayar Penuh', NULL, '2023-04-15', '2023-04-13', '2023-09-10', 'Dibatalkan', 278, 10, 0.00, 0),
(279, '2023-04-09', 375000.00, 'Bayar Penuh', NULL, '2023-04-12', '2023-04-11', '2023-07-10', 'Dibatalkan', 279, 101, 0.00, 0),
(280, '2023-04-23', 350000.00, 'Bayar Penuh', NULL, '2023-04-26', '2023-04-26', '2023-05-26', 'Dibatalkan', 280, 23, 0.00, 0),
(281, '2023-03-29', 300000.00, 'Bayar Penuh', NULL, '2023-04-01', '2023-04-01', '2023-06-30', 'Dibatalkan', 281, 15, 0.00, 0),
(282, '2023-04-07', 350000.00, 'Bayar Penuh', NULL, '2023-04-10', '2023-04-08', '2023-07-07', 'Dibatalkan', 282, 13, 0.00, 0),
(283, '2023-03-31', 300000.00, 'Bayar Penuh', NULL, '2023-04-03', '2023-04-01', '2023-05-01', 'Dibatalkan', 283, 96, 0.00, 0),
(284, '2023-04-03', 375000.00, 'Bayar Penuh', NULL, '2023-04-06', '2023-04-06', '2023-07-05', 'Dibatalkan', 284, 22, 0.00, 0),
(285, '2023-04-08', 300000.00, 'Bayar Penuh', NULL, '2023-04-11', '2023-04-11', '2023-07-10', 'Dibatalkan', 285, 65, 0.00, 0),
(286, '2023-04-16', 300000.00, 'Bayar Penuh', NULL, '2023-04-19', '2023-04-18', '2023-09-15', 'Dibatalkan', 286, 82, 0.00, 0),
(287, '2023-04-13', 375000.00, 'Bayar Penuh', NULL, '2023-04-16', '2023-04-15', '2023-07-14', 'Dibatalkan', 287, 81, 0.00, 0),
(288, '2023-05-17', 375000.00, 'Bayar Penuh', NULL, '2023-05-20', '2023-05-19', '2023-10-16', 'Dibatalkan', 288, 106, 0.00, 0),
(289, '2023-05-14', 350000.00, 'Bayar Penuh', NULL, '2023-05-17', '2023-05-16', '2023-06-15', 'Dibatalkan', 289, 27, 0.00, 0),
(290, '2023-05-14', 300000.00, 'Bayar Penuh', NULL, '2023-05-17', '2023-05-16', '2023-08-14', 'Dibatalkan', 290, 58, 0.00, 0),
(291, '2023-05-06', 375000.00, 'Bayar Penuh', NULL, '2023-05-09', '2023-05-09', '2023-06-08', 'Dibatalkan', 291, 91, 0.00, 0),
(292, '2023-05-01', 350000.00, 'Bayar Penuh', NULL, '2023-05-04', '2023-05-02', '2023-09-29', 'Dibatalkan', 292, 5, 0.00, 0),
(293, '2023-05-20', 300000.00, 'Bayar Penuh', NULL, '2023-05-23', '2023-05-22', '2023-06-21', 'Dibatalkan', 293, 47, 0.00, 0),
(294, '2023-05-02', 350000.00, 'Bayar Penuh', NULL, '2023-05-05', '2023-05-04', '2023-08-02', 'Dibatalkan', 294, 68, 0.00, 0),
(295, '2023-05-16', 350000.00, 'Bayar Penuh', NULL, '2023-05-19', '2023-05-19', '2023-08-17', 'Dibatalkan', 295, 50, 0.00, 0),
(296, '2023-05-24', 375000.00, 'Bayar Penuh', NULL, '2023-05-27', '2023-05-27', '2023-06-26', 'Dibatalkan', 296, 33, 0.00, 0),
(297, '2023-05-19', 300000.00, 'Bayar Penuh', NULL, '2023-05-22', '2023-05-22', '2023-10-19', 'Dibatalkan', 297, 102, 0.00, 0),
(298, '2023-05-09', 375000.00, 'Bayar Penuh', NULL, '2023-05-12', '2023-05-10', '2023-06-09', 'Dibatalkan', 298, 1, 0.00, 0),
(299, '2023-05-14', 350000.00, 'Bayar Penuh', NULL, '2023-05-17', '2023-05-17', '2023-08-15', 'Dibatalkan', 299, 84, 0.00, 0),
(300, '2023-05-22', 350000.00, 'Bayar Penuh', NULL, '2023-05-25', '2023-05-23', '2023-06-22', 'Dibatalkan', 300, 42, 0.00, 0),
(301, '2023-05-11', 350000.00, 'Bayar Penuh', NULL, '2023-05-14', '2023-05-12', '2023-06-11', 'Dibatalkan', 301, 95, 0.00, 0),
(302, '2023-05-04', 375000.00, 'Bayar Penuh', NULL, '2023-05-07', '2023-05-07', '2023-10-04', 'Dibatalkan', 302, 18, 0.00, 0),
(303, '2023-05-21', 350000.00, 'Bayar Penuh', NULL, '2023-05-24', '2023-05-24', '2023-10-21', 'Dibatalkan', 303, 51, 0.00, 0),
(304, '2023-05-06', 375000.00, 'Bayar Penuh', NULL, '2023-05-09', '2023-05-09', '2023-10-06', 'Dibatalkan', 304, 55, 0.00, 0),
(305, '2023-05-05', 375000.00, 'Bayar Penuh', NULL, '2023-05-08', '2023-05-07', '2023-06-06', 'Dibatalkan', 305, 62, 0.00, 0),
(306, '2023-05-17', 300000.00, 'Bayar Penuh', NULL, '2023-05-20', '2023-05-19', '2023-06-18', 'Dibatalkan', 306, 60, 0.00, 0),
(307, '2023-05-15', 350000.00, 'Bayar Penuh', NULL, '2023-05-18', '2023-05-18', '2023-08-16', 'Dibatalkan', 307, 85, 0.00, 0),
(308, '2023-05-09', 300000.00, 'Bayar Penuh', NULL, '2023-05-12', '2023-05-10', '2023-06-09', 'Dibatalkan', 308, 105, 0.00, 0),
(309, '2023-05-31', 300000.00, 'Bayar Penuh', NULL, '2023-06-03', '2023-06-02', '2023-08-31', 'Dibatalkan', 309, 14, 0.00, 0),
(310, '2023-06-04', 300000.00, 'Bayar Penuh', NULL, '2023-06-07', '2023-06-07', '2023-09-05', 'Dibatalkan', 310, 4, 0.00, 0),
(311, '2023-06-08', 300000.00, 'Bayar Penuh', NULL, '2023-06-11', '2023-06-11', '2023-07-11', 'Dibatalkan', 311, 105, 0.00, 0),
(312, '2023-06-20', 350000.00, 'Bayar Penuh', NULL, '2023-06-23', '2023-06-23', '2023-11-20', 'Dibatalkan', 312, 6, 0.00, 0),
(313, '2023-06-07', 375000.00, 'Bayar Penuh', NULL, '2023-06-10', '2023-06-10', '2023-07-10', 'Dibatalkan', 313, 43, 0.00, 0),
(314, '2023-06-23', 300000.00, 'Bayar Penuh', NULL, '2023-06-26', '2023-06-25', '2023-09-23', 'Dibatalkan', 314, 100, 0.00, 0),
(315, '2023-06-14', 375000.00, 'Bayar Penuh', NULL, '2023-06-17', '2023-06-16', '2023-07-16', 'Dibatalkan', 315, 74, 0.00, 0),
(316, '2023-06-10', 300000.00, 'Bayar Penuh', NULL, '2023-06-13', '2023-06-12', '2023-11-09', 'Dibatalkan', 316, 89, 0.00, 0),
(317, '2023-06-17', 375000.00, 'Bayar Penuh', NULL, '2023-06-20', '2023-06-19', '2023-11-16', 'Dibatalkan', 317, 75, 0.00, 0),
(318, '2023-06-04', 300000.00, 'Bayar Penuh', NULL, '2023-06-07', '2023-06-07', '2023-11-04', 'Dibatalkan', 318, 97, 0.00, 0),
(319, '2023-06-23', 375000.00, 'Bayar Penuh', NULL, '2023-06-26', '2023-06-25', '2023-11-22', 'Dibatalkan', 319, 29, 0.00, 0),
(320, '2023-06-17', 350000.00, 'Bayar Penuh', NULL, '2023-06-20', '2023-06-18', '2023-07-18', 'Dibatalkan', 320, 96, 0.00, 0),
(321, '2023-06-23', 350000.00, 'Bayar Penuh', NULL, '2023-06-26', '2023-06-24', '2023-09-22', 'Dibatalkan', 321, 91, 0.00, 0),
(322, '2023-06-04', 300000.00, 'Bayar Penuh', NULL, '2023-06-07', '2023-06-06', '2023-09-04', 'Dibatalkan', 322, 93, 0.00, 0),
(323, '2023-06-16', 375000.00, 'Bayar Penuh', NULL, '2023-06-19', '2023-06-18', '2023-09-16', 'Dibatalkan', 323, 21, 0.00, 0),
(324, '2023-06-25', 375000.00, 'Bayar Penuh', NULL, '2023-06-28', '2023-06-26', '2023-07-26', 'Dibatalkan', 324, 98, 0.00, 0),
(325, '2023-06-13', 350000.00, 'Bayar Penuh', NULL, '2023-06-16', '2023-06-15', '2023-07-15', 'Dibatalkan', 325, 69, 0.00, 0),
(326, '2023-06-08', 300000.00, 'Bayar Penuh', NULL, '2023-06-11', '2023-06-11', '2023-07-11', 'Dibatalkan', 326, 73, 0.00, 0),
(327, '2023-06-12', 300000.00, 'Bayar Penuh', NULL, '2023-06-15', '2023-06-13', '2023-09-11', 'Dibatalkan', 327, 1, 0.00, 0),
(328, '2023-05-29', 350000.00, 'Bayar Penuh', NULL, '2023-06-01', '2023-06-01', '2023-07-01', 'Dibatalkan', 328, 36, 0.00, 0),
(329, '2023-06-17', 375000.00, 'Bayar Penuh', NULL, '2023-06-20', '2023-06-18', '2023-07-18', 'Dibatalkan', 329, 20, 0.00, 0),
(330, '2023-07-02', 350000.00, 'Bayar Penuh', NULL, '2023-07-05', '2023-07-04', '2023-12-01', 'Dibatalkan', 330, 28, 0.00, 0),
(331, '2023-07-02', 300000.00, 'Bayar Penuh', NULL, '2023-07-05', '2023-07-03', '2023-11-30', 'Dibatalkan', 331, 56, 0.00, 0),
(332, '2023-07-18', 350000.00, 'Bayar Penuh', NULL, '2023-07-21', '2023-07-20', '2023-10-18', 'Dibatalkan', 332, 19, 0.00, 0),
(333, '2023-07-01', 300000.00, 'Bayar Penuh', NULL, '2023-07-04', '2023-07-04', '2023-12-01', 'Dibatalkan', 333, 66, 0.00, 0),
(334, '2023-07-11', 300000.00, 'Bayar Penuh', NULL, '2023-07-14', '2023-07-12', '2023-08-11', 'Dibatalkan', 334, 23, 0.00, 0),
(335, '2023-07-03', 375000.00, 'Bayar Penuh', NULL, '2023-07-06', '2023-07-04', '2023-10-02', 'Dibatalkan', 335, 47, 0.00, 0),
(336, '2023-07-14', 300000.00, 'Bayar Penuh', NULL, '2023-07-17', '2023-07-17', '2023-10-15', 'Dibatalkan', 336, 81, 0.00, 0),
(337, '2023-07-15', 375000.00, 'Bayar Penuh', NULL, '2023-07-18', '2023-07-17', '2023-08-16', 'Dibatalkan', 337, 30, 0.00, 0),
(338, '2023-07-09', 300000.00, 'Bayar Penuh', NULL, '2023-07-12', '2023-07-11', '2023-08-10', 'Dibatalkan', 338, 26, 0.00, 0),
(339, '2023-07-26', 375000.00, 'Bayar Penuh', NULL, '2023-07-29', '2023-07-27', '2023-08-26', 'Dibatalkan', 339, 49, 0.00, 0),
(340, '2023-07-20', 375000.00, 'Bayar Penuh', NULL, '2023-07-23', '2023-07-23', '2023-08-22', 'Dibatalkan', 340, 54, 0.00, 0),
(341, '2023-07-18', 300000.00, 'Bayar Penuh', NULL, '2023-07-21', '2023-07-21', '2023-08-20', 'Dibatalkan', 341, 101, 0.00, 0),
(342, '2023-07-22', 350000.00, 'Bayar Penuh', NULL, '2023-07-25', '2023-07-24', '2023-12-21', 'Dibatalkan', 342, 17, 0.00, 0),
(343, '2023-07-02', 350000.00, 'Bayar Penuh', NULL, '2023-07-05', '2023-07-03', '2023-10-01', 'Dibatalkan', 343, 88, 0.00, 0),
(344, '2023-06-29', 300000.00, 'Bayar Penuh', NULL, '2023-07-02', '2023-07-02', '2023-09-30', 'Dibatalkan', 344, 72, 0.00, 0),
(345, '2023-08-22', 350000.00, 'Bayar Penuh', NULL, '2023-08-25', '2023-08-24', '2024-01-21', 'Dibatalkan', 345, 59, 0.00, 0),
(346, '2023-08-23', 350000.00, 'Bayar Penuh', NULL, '2023-08-26', '2023-08-26', '2024-01-23', 'Dibatalkan', 346, 13, 0.00, 0),
(347, '2023-08-13', 375000.00, 'Bayar Penuh', NULL, '2023-08-16', '2023-08-16', '2023-11-14', 'Dibatalkan', 347, 73, 0.00, 0),
(348, '2023-08-10', 375000.00, 'Bayar Penuh', NULL, '2023-08-13', '2023-08-13', '2023-09-12', 'Dibatalkan', 348, 64, 0.00, 0),
(349, '2023-08-21', 300000.00, 'Bayar Penuh', NULL, '2023-08-24', '2023-08-22', '2023-11-20', 'Dibatalkan', 349, 101, 0.00, 0),
(350, '2023-08-06', 375000.00, 'Bayar Penuh', NULL, '2023-08-09', '2023-08-08', '2024-01-05', 'Dibatalkan', 350, 38, 0.00, 0),
(351, '2023-08-14', 350000.00, 'Bayar Penuh', NULL, '2023-08-17', '2023-08-16', '2023-11-14', 'Dibatalkan', 351, 84, 0.00, 0),
(352, '2023-08-16', 350000.00, 'Bayar Penuh', NULL, '2023-08-19', '2023-08-17', '2023-09-16', 'Dibatalkan', 352, 65, 0.00, 0),
(353, '2023-08-04', 375000.00, 'Bayar Penuh', NULL, '2023-08-07', '2023-08-06', '2024-01-03', 'Dibatalkan', 353, 25, 0.00, 0),
(354, '2023-08-24', 375000.00, 'Bayar Penuh', NULL, '2023-08-27', '2023-08-25', '2023-11-23', 'Dibatalkan', 354, 71, 0.00, 0),
(355, '2023-08-16', 350000.00, 'Bayar Penuh', NULL, '2023-08-19', '2023-08-19', '2023-11-17', 'Dibatalkan', 355, 69, 0.00, 0),
(356, '2023-08-14', 350000.00, 'Bayar Penuh', NULL, '2023-08-17', '2023-08-16', '2023-09-15', 'Dibatalkan', 356, 87, 0.00, 0),
(357, '2023-07-29', 375000.00, 'Bayar Penuh', NULL, '2023-08-01', '2023-08-01', '2023-10-30', 'Dibatalkan', 357, 52, 0.00, 0),
(358, '2023-08-21', 350000.00, 'Bayar Penuh', NULL, '2023-08-24', '2023-08-22', '2024-01-19', 'Dibatalkan', 358, 32, 0.00, 0),
(359, '2023-08-10', 300000.00, 'Bayar Penuh', NULL, '2023-08-13', '2023-08-12', '2023-11-10', 'Dibatalkan', 359, 44, 0.00, 0),
(360, '2023-09-19', 300000.00, 'Bayar Penuh', NULL, '2023-09-22', '2023-09-20', '2024-02-17', 'Dibatalkan', 360, 65, 0.00, 0),
(361, '2023-09-22', 350000.00, 'Bayar Penuh', NULL, '2023-09-25', '2023-09-24', '2023-12-23', 'Dibatalkan', 361, 95, 0.00, 0),
(362, '2023-09-15', 300000.00, 'Bayar Penuh', NULL, '2023-09-18', '2023-09-16', '2024-02-13', 'Dibatalkan', 362, 37, 0.00, 0),
(363, '2023-09-17', 300000.00, 'Bayar Penuh', NULL, '2023-09-20', '2023-09-20', '2024-02-17', 'Dibatalkan', 363, 22, 0.00, 0),
(364, '2023-09-25', 375000.00, 'Bayar Penuh', NULL, '2023-09-28', '2023-09-26', '2023-12-25', 'Dibatalkan', 364, 45, 0.00, 0),
(365, '2023-09-02', 300000.00, 'Bayar Penuh', NULL, '2023-09-05', '2023-09-03', '2023-10-03', 'Dibatalkan', 365, 30, 0.00, 0),
(366, '2023-09-26', 350000.00, 'Bayar Penuh', NULL, '2023-09-29', '2023-09-27', '2024-02-24', 'Dibatalkan', 366, 61, 0.00, 0),
(367, '2023-09-07', 350000.00, 'Bayar Penuh', NULL, '2023-09-10', '2023-09-09', '2024-02-06', 'Dibatalkan', 367, 31, 0.00, 0),
(368, '2023-09-19', 350000.00, 'Bayar Penuh', NULL, '2023-09-22', '2023-09-20', '2023-12-19', 'Dibatalkan', 368, 57, 0.00, 0),
(369, '2023-09-24', 375000.00, 'Bayar Penuh', NULL, '2023-09-27', '2023-09-25', '2024-02-22', 'Dibatalkan', 369, 104, 0.00, 0),
(370, '2023-09-09', 300000.00, 'Bayar Penuh', NULL, '2023-09-12', '2023-09-11', '2023-12-10', 'Dibatalkan', 370, 34, 0.00, 0),
(371, '2023-09-08', 350000.00, 'Bayar Penuh', NULL, '2023-09-11', '2023-09-10', '2023-10-10', 'Dibatalkan', 371, 41, 0.00, 0),
(372, '2023-09-04', 350000.00, 'Bayar Penuh', NULL, '2023-09-07', '2023-09-05', '2024-02-02', 'Dibatalkan', 372, 9, 0.00, 0),
(373, '2023-09-10', 375000.00, 'Bayar Penuh', NULL, '2023-09-13', '2023-09-12', '2023-12-11', 'Dibatalkan', 373, 93, 0.00, 0),
(374, '2023-09-07', 300000.00, 'Bayar Penuh', NULL, '2023-09-10', '2023-09-08', '2023-10-08', 'Dibatalkan', 374, 14, 0.00, 0),
(375, '2023-09-19', 350000.00, 'Bayar Penuh', NULL, '2023-09-22', '2023-09-20', '2024-02-17', 'Dibatalkan', 375, 77, 0.00, 0),
(376, '2023-09-17', 350000.00, 'Bayar Penuh', NULL, '2023-09-20', '2023-09-20', '2023-10-20', 'Dibatalkan', 376, 90, 0.00, 0),
(377, '2023-09-19', 375000.00, 'Bayar Penuh', NULL, '2023-09-22', '2023-09-22', '2024-02-19', 'Dibatalkan', 377, 4, 0.00, 0),
(378, '2023-09-17', 375000.00, 'Bayar Penuh', NULL, '2023-09-20', '2023-09-20', '2023-10-20', 'Dibatalkan', 378, 54, 0.00, 0),
(379, '2023-09-20', 375000.00, 'Bayar Penuh', NULL, '2023-09-23', '2023-09-21', '2024-02-18', 'Dibatalkan', 379, 98, 0.00, 0),
(380, '2023-08-29', 350000.00, 'Bayar Penuh', NULL, '2023-09-01', '2023-09-01', '2024-01-29', 'Dibatalkan', 380, 33, 0.00, 0),
(381, '2023-09-18', 350000.00, 'Bayar Penuh', NULL, '2023-09-21', '2023-09-21', '2023-10-21', 'Dibatalkan', 381, 46, 0.00, 0),
(382, '2023-09-03', 350000.00, 'Bayar Penuh', NULL, '2023-09-06', '2023-09-06', '2023-12-05', 'Dibatalkan', 382, 67, 0.00, 0),
(383, '2023-09-14', 350000.00, 'Bayar Penuh', NULL, '2023-09-17', '2023-09-17', '2023-12-16', 'Dibatalkan', 383, 96, 0.00, 0),
(384, '2023-09-18', 375000.00, 'Bayar Penuh', NULL, '2023-09-21', '2023-09-21', '2024-02-18', 'Dibatalkan', 384, 62, 0.00, 0),
(385, '2023-09-04', 375000.00, 'Bayar Penuh', NULL, '2023-09-07', '2023-09-06', '2024-02-03', 'Dibatalkan', 385, 76, 0.00, 0),
(386, '2023-09-15', 375000.00, 'Bayar Penuh', NULL, '2023-09-18', '2023-09-18', '2023-12-17', 'Dibatalkan', 386, 27, 0.00, 0),
(387, '2023-09-10', 350000.00, 'Bayar Penuh', NULL, '2023-09-13', '2023-09-12', '2024-02-09', 'Dibatalkan', 387, 58, 0.00, 0),
(388, '2023-09-13', 300000.00, 'Bayar Penuh', NULL, '2023-09-16', '2023-09-14', '2023-12-13', 'Dibatalkan', 388, 53, 0.00, 0),
(389, '2023-09-05', 300000.00, 'Bayar Penuh', NULL, '2023-09-08', '2023-09-08', '2023-12-07', 'Dibatalkan', 389, 70, 0.00, 0),
(390, '2023-10-04', 300000.00, 'Bayar Penuh', NULL, '2023-10-07', '2023-10-07', '2024-01-05', 'Dibatalkan', 390, 105, 0.00, 0),
(391, '2023-10-23', 350000.00, 'Bayar Penuh', NULL, '2023-10-26', '2023-10-25', '2024-01-23', 'Dibatalkan', 391, 86, 0.00, 0),
(392, '2023-10-24', 300000.00, 'Bayar Penuh', NULL, '2023-10-27', '2023-10-26', '2023-11-25', 'Dibatalkan', 392, 55, 0.00, 0),
(393, '2023-10-01', 375000.00, 'Bayar Penuh', NULL, '2023-10-04', '2023-10-03', '2024-03-01', 'Dibatalkan', 393, 3, 0.00, 0),
(394, '2023-10-09', 350000.00, 'Bayar Penuh', NULL, '2023-10-12', '2023-10-11', '2023-11-10', 'Dibatalkan', 394, 7, 0.00, 0),
(395, '2023-10-24', 350000.00, 'Bayar Penuh', NULL, '2023-10-27', '2023-10-25', '2024-03-23', 'Dibatalkan', 395, 63, 0.00, 0),
(396, '2023-10-10', 375000.00, 'Bayar Penuh', NULL, '2023-10-13', '2023-10-12', '2024-03-10', 'Dibatalkan', 396, 82, 0.00, 0),
(397, '2023-09-29', 375000.00, 'Bayar Penuh', NULL, '2023-10-02', '2023-10-01', '2023-10-31', 'Dibatalkan', 397, 94, 0.00, 0),
(398, '2023-10-09', 375000.00, 'Bayar Penuh', NULL, '2023-10-12', '2023-10-10', '2024-01-08', 'Dibatalkan', 398, 12, 0.00, 0),
(399, '2023-10-13', 350000.00, 'Bayar Penuh', NULL, '2023-10-16', '2023-10-15', '2023-11-14', 'Dibatalkan', 399, 2, 0.00, 0);
INSERT INTO `pemesanan` (`id_pemesanan`, `pemesanan_kamar`, `uang_muka`, `status_uang_muka`, `bukti_transfer`, `tenggat_uang_muka`, `mulai_menempati_kos`, `batas_menempati_kos`, `status`, `id_penyewa`, `idKamar`, `sisa_pembayaran`, `is_hidden`) VALUES
(400, '2023-10-04', 375000.00, 'Bayar Penuh', NULL, '2023-10-07', '2023-10-05', '2023-11-04', 'Dibatalkan', 400, 8, 0.00, 0),
(401, '2023-10-13', 375000.00, 'Bayar Penuh', NULL, '2023-10-16', '2023-10-15', '2024-01-13', 'Dibatalkan', 401, 103, 0.00, 0),
(402, '2023-10-19', 375000.00, 'Bayar Penuh', NULL, '2023-10-22', '2023-10-21', '2024-01-19', 'Dibatalkan', 402, 40, 0.00, 0),
(403, '2023-09-29', 300000.00, 'Bayar Penuh', NULL, '2023-10-02', '2023-10-01', '2023-12-30', 'Dibatalkan', 403, 68, 0.00, 0),
(404, '2023-09-28', 300000.00, 'Bayar Penuh', NULL, '2023-10-01', '2023-10-01', '2024-02-28', 'Dibatalkan', 404, 11, 0.00, 0),
(405, '2023-09-30', 350000.00, 'Bayar Penuh', NULL, '2023-10-03', '2023-10-03', '2024-01-01', 'Dibatalkan', 405, 48, 0.00, 0),
(406, '2023-10-25', 350000.00, 'Bayar Penuh', NULL, '2023-10-28', '2023-10-27', '2024-03-25', 'Dibatalkan', 406, 91, 0.00, 0),
(407, '2023-10-21', 300000.00, 'Bayar Penuh', NULL, '2023-10-24', '2023-10-23', '2023-11-22', 'Dibatalkan', 407, 1, 0.00, 0),
(408, '2023-10-19', 375000.00, 'Bayar Penuh', NULL, '2023-10-22', '2023-10-22', '2024-01-20', 'Dibatalkan', 408, 78, 0.00, 0),
(409, '2023-10-19', 300000.00, 'Bayar Penuh', NULL, '2023-10-22', '2023-10-22', '2024-03-20', 'Dibatalkan', 409, 43, 0.00, 0),
(410, '2023-10-06', 375000.00, 'Bayar Penuh', NULL, '2023-10-09', '2023-10-08', '2024-03-06', 'Dibatalkan', 410, 30, 0.00, 0),
(411, '2023-10-06', 300000.00, 'Bayar Penuh', NULL, '2023-10-09', '2023-10-07', '2024-03-05', 'Dibatalkan', 411, 23, 0.00, 0),
(412, '2023-10-22', 300000.00, 'Bayar Penuh', NULL, '2023-10-25', '2023-10-24', '2024-01-22', 'Dibatalkan', 412, 54, 0.00, 0),
(413, '2023-10-09', 375000.00, 'Bayar Penuh', NULL, '2023-10-12', '2023-10-11', '2024-03-09', 'Dibatalkan', 413, 99, 0.00, 0),
(414, '2023-09-29', 300000.00, 'Bayar Penuh', NULL, '2023-10-02', '2023-10-02', '2023-11-01', 'Dibatalkan', 414, 42, 0.00, 0),
(415, '2023-10-09', 350000.00, 'Bayar Penuh', NULL, '2023-10-12', '2023-10-10', '2023-11-09', 'Dibatalkan', 415, 64, 0.00, 0),
(416, '2023-10-17', 350000.00, 'Bayar Penuh', NULL, '2023-10-20', '2023-10-20', '2024-01-18', 'Dibatalkan', 416, 80, 0.00, 0),
(417, '2023-10-02', 375000.00, 'Bayar Penuh', NULL, '2023-10-05', '2023-10-03', '2024-01-01', 'Dibatalkan', 417, 92, 0.00, 0),
(418, '2023-10-09', 375000.00, 'Bayar Penuh', NULL, '2023-10-12', '2023-10-10', '2023-11-09', 'Dibatalkan', 418, 100, 0.00, 0),
(419, '2023-10-12', 350000.00, 'Bayar Penuh', NULL, '2023-10-15', '2023-10-15', '2023-11-14', 'Dibatalkan', 419, 18, 0.00, 0),
(420, '2023-11-23', 350000.00, 'Bayar Penuh', NULL, '2023-11-26', '2023-11-24', '2024-04-22', 'Dibatalkan', 420, 64, 0.00, 0),
(421, '2023-11-06', 375000.00, 'Bayar Penuh', NULL, '2023-11-09', '2023-11-07', '2023-12-07', 'Dibatalkan', 421, 51, 0.00, 0),
(422, '2023-11-25', 350000.00, 'Bayar Penuh', NULL, '2023-11-28', '2023-11-27', '2024-02-25', 'Dibatalkan', 422, 81, 0.00, 0),
(423, '2023-11-03', 375000.00, 'Bayar Penuh', NULL, '2023-11-06', '2023-11-06', '2023-12-06', 'Dibatalkan', 423, 39, 0.00, 0),
(424, '2023-11-22', 350000.00, 'Bayar Penuh', NULL, '2023-11-25', '2023-11-25', '2023-12-25', 'Dibatalkan', 424, 6, 0.00, 0),
(425, '2023-11-08', 300000.00, 'Bayar Penuh', NULL, '2023-11-11', '2023-11-10', '2024-04-08', 'Dibatalkan', 425, 100, 0.00, 0),
(426, '2023-11-11', 350000.00, 'Bayar Penuh', NULL, '2023-11-14', '2023-11-13', '2024-02-11', 'Dibatalkan', 426, 97, 0.00, 0),
(427, '2023-11-10', 375000.00, 'Bayar Penuh', NULL, '2023-11-13', '2023-11-12', '2024-04-10', 'Dibatalkan', 427, 52, 0.00, 0),
(428, '2023-11-28', 375000.00, 'Bayar Penuh', NULL, '2023-12-01', '2023-12-01', '2023-12-31', 'Dibatalkan', 428, 1, 0.00, 0),
(429, '2023-12-01', 350000.00, 'Bayar Penuh', NULL, '2023-12-04', '2023-12-03', '2024-03-02', 'Dibatalkan', 429, 71, 0.00, 0),
(430, '2023-12-11', 375000.00, 'Bayar Penuh', NULL, '2023-12-14', '2023-12-12', '2024-03-11', 'Dibatalkan', 430, 8, 0.00, 0),
(431, '2023-12-13', 375000.00, 'Bayar Penuh', NULL, '2023-12-16', '2023-12-14', '2024-05-12', 'Dibatalkan', 431, 36, 0.00, 0),
(432, '2023-12-19', 375000.00, 'Bayar Penuh', NULL, '2023-12-22', '2023-12-22', '2024-05-20', 'Dibatalkan', 432, 7, 0.00, 0),
(433, '2023-12-09', 300000.00, 'Bayar Penuh', NULL, '2023-12-12', '2023-12-12', '2024-05-10', 'Dibatalkan', 433, 10, 0.00, 0),
(434, '2023-12-19', 350000.00, 'Bayar Penuh', NULL, '2023-12-22', '2023-12-21', '2024-03-20', 'Dibatalkan', 434, 102, 0.00, 0),
(435, '2023-12-13', 375000.00, 'Bayar Penuh', NULL, '2023-12-16', '2023-12-15', '2024-05-13', 'Dibatalkan', 435, 72, 0.00, 0),
(436, '2023-11-28', 375000.00, 'Bayar Penuh', NULL, '2023-12-01', '2023-12-01', '2024-02-29', 'Dibatalkan', 436, 20, 0.00, 0),
(437, '2023-12-17', 350000.00, 'Bayar Penuh', NULL, '2023-12-20', '2023-12-19', '2024-03-18', 'Dibatalkan', 437, 18, 0.00, 0),
(438, '2023-12-06', 300000.00, 'Bayar Penuh', NULL, '2023-12-09', '2023-12-09', '2024-01-08', 'Dibatalkan', 438, 79, 0.00, 0),
(439, '2023-12-16', 350000.00, 'Bayar Penuh', NULL, '2023-12-19', '2023-12-18', '2024-05-16', 'Dibatalkan', 439, 21, 0.00, 0),
(440, '2023-12-19', 350000.00, 'Bayar Penuh', NULL, '2023-12-22', '2023-12-22', '2024-05-20', 'Dibatalkan', 440, 51, 0.00, 0),
(441, '2023-12-20', 350000.00, 'Bayar Penuh', NULL, '2023-12-23', '2023-12-23', '2024-03-22', 'Dibatalkan', 441, 87, 0.00, 0),
(442, '2023-12-11', 375000.00, 'Bayar Penuh', NULL, '2023-12-14', '2023-12-13', '2024-01-12', 'Dibatalkan', 442, 47, 0.00, 0),
(443, '2023-12-17', 300000.00, 'Bayar Penuh', NULL, '2023-12-20', '2023-12-19', '2024-03-18', 'Dibatalkan', 443, 75, 0.00, 0),
(444, '2023-12-16', 350000.00, 'Bayar Penuh', NULL, '2023-12-19', '2023-12-19', '2024-03-18', 'Dibatalkan', 444, 94, 0.00, 0),
(445, '2023-12-19', 375000.00, 'Bayar Penuh', NULL, '2023-12-22', '2023-12-21', '2024-01-20', 'Dibatalkan', 445, 26, 0.00, 0),
(446, '2023-12-04', 350000.00, 'Bayar Penuh', NULL, '2023-12-07', '2023-12-06', '2024-05-04', 'Dibatalkan', 446, 44, 0.00, 0),
(447, '2023-12-22', 350000.00, 'Bayar Penuh', NULL, '2023-12-25', '2023-12-24', '2024-01-23', 'Dibatalkan', 447, 106, 0.00, 0),
(448, '2023-12-10', 350000.00, 'Bayar Penuh', NULL, '2023-12-13', '2023-12-12', '2024-03-11', 'Dibatalkan', 448, 49, 0.00, 0),
(449, '2023-11-29', 300000.00, 'Bayar Penuh', NULL, '2023-12-02', '2023-12-02', '2024-04-30', 'Dibatalkan', 449, 28, 0.00, 0),
(450, '2023-12-13', 375000.00, 'Bayar Penuh', NULL, '2023-12-16', '2023-12-14', '2024-01-13', 'Dibatalkan', 450, 39, 0.00, 0),
(451, '2023-12-16', 375000.00, 'Bayar Penuh', NULL, '2023-12-19', '2023-12-19', '2024-01-18', 'Dibatalkan', 451, 41, 0.00, 0),
(452, '2023-12-05', 350000.00, 'Bayar Penuh', NULL, '2023-12-08', '2023-12-06', '2024-01-05', 'Dibatalkan', 452, 69, 0.00, 0),
(453, '2022-01-06', 300000.00, 'Bayar Penuh', NULL, '2022-01-09', '2022-01-07', '2022-06-06', 'Dibatalkan', 453, 4, 0.00, 0),
(454, '2021-12-31', 375000.00, 'Bayar Penuh', NULL, '2022-01-03', '2022-01-01', '2022-05-31', 'Dibatalkan', 454, 106, 0.00, 0),
(455, '2022-01-03', 300000.00, 'Bayar Penuh', NULL, '2022-01-06', '2022-01-06', '2022-04-06', 'Dibatalkan', 455, 95, 0.00, 0),
(456, '2022-01-20', 375000.00, 'Bayar Penuh', NULL, '2022-01-23', '2022-01-23', '2022-06-22', 'Dibatalkan', 456, 18, 0.00, 0),
(457, '2022-01-19', 350000.00, 'Bayar Penuh', NULL, '2022-01-22', '2022-01-22', '2022-06-21', 'Dibatalkan', 457, 29, 0.00, 0),
(458, '2022-01-19', 375000.00, 'Bayar Penuh', NULL, '2022-01-22', '2022-01-20', '2022-04-20', 'Dibatalkan', 458, 105, 0.00, 0),
(459, '2022-01-10', 350000.00, 'Bayar Penuh', NULL, '2022-01-13', '2022-01-12', '2022-02-11', 'Dibatalkan', 459, 56, 0.00, 0),
(460, '2022-01-15', 300000.00, 'Bayar Penuh', NULL, '2022-01-18', '2022-01-17', '2022-04-17', 'Dibatalkan', 460, 58, 0.00, 0),
(461, '2022-01-24', 375000.00, 'Bayar Penuh', NULL, '2022-01-27', '2022-01-27', '2022-02-26', 'Dibatalkan', 461, 1, 0.00, 0),
(462, '2022-01-10', 375000.00, 'Bayar Penuh', NULL, '2022-01-13', '2022-01-13', '2022-02-12', 'Dibatalkan', 462, 61, 0.00, 0),
(463, '2022-01-12', 375000.00, 'Bayar Penuh', NULL, '2022-01-15', '2022-01-14', '2022-04-14', 'Dibatalkan', 463, 21, 0.00, 0),
(464, '2021-12-31', 375000.00, 'Bayar Penuh', NULL, '2022-01-03', '2022-01-02', '2022-06-01', 'Dibatalkan', 464, 85, 0.00, 0),
(465, '2021-12-29', 375000.00, 'Bayar Penuh', NULL, '2022-01-01', '2022-01-01', '2022-05-31', 'Dibatalkan', 465, 46, 0.00, 0),
(466, '2022-01-04', 375000.00, 'Bayar Penuh', NULL, '2022-01-07', '2022-01-07', '2022-02-06', 'Dibatalkan', 466, 53, 0.00, 0),
(467, '2022-01-05', 300000.00, 'Bayar Penuh', NULL, '2022-01-08', '2022-01-07', '2022-04-07', 'Dibatalkan', 467, 39, 0.00, 0),
(468, '2022-01-16', 350000.00, 'Bayar Penuh', NULL, '2022-01-19', '2022-01-18', '2022-04-18', 'Dibatalkan', 468, 82, 0.00, 0),
(469, '2022-01-22', 300000.00, 'Bayar Penuh', NULL, '2022-01-25', '2022-01-23', '2022-02-22', 'Dibatalkan', 469, 64, 0.00, 0),
(470, '2022-01-22', 375000.00, 'Bayar Penuh', NULL, '2022-01-25', '2022-01-23', '2022-02-22', 'Dibatalkan', 470, 57, 0.00, 0),
(471, '2022-01-05', 350000.00, 'Bayar Penuh', NULL, '2022-01-08', '2022-01-08', '2022-06-07', 'Dibatalkan', 471, 59, 0.00, 0),
(472, '2022-01-08', 350000.00, 'Bayar Penuh', NULL, '2022-01-11', '2022-01-11', '2022-02-10', 'Dibatalkan', 472, 97, 0.00, 0),
(473, '2022-01-21', 375000.00, 'Bayar Penuh', NULL, '2022-01-24', '2022-01-22', '2022-06-21', 'Dibatalkan', 473, 70, 0.00, 0),
(474, '2022-01-03', 350000.00, 'Bayar Penuh', NULL, '2022-01-06', '2022-01-04', '2022-04-04', 'Dibatalkan', 474, 83, 0.00, 0),
(475, '2022-01-09', 375000.00, 'Bayar Penuh', NULL, '2022-01-12', '2022-01-11', '2022-02-10', 'Dibatalkan', 475, 44, 0.00, 0),
(476, '2022-01-03', 300000.00, 'Bayar Penuh', NULL, '2022-01-06', '2022-01-06', '2022-06-05', 'Dibatalkan', 476, 54, 0.00, 0),
(477, '2022-01-10', 350000.00, 'Bayar Penuh', NULL, '2022-01-13', '2022-01-12', '2022-06-11', 'Dibatalkan', 477, 102, 0.00, 0),
(478, '2022-01-05', 300000.00, 'Bayar Penuh', NULL, '2022-01-08', '2022-01-08', '2022-02-07', 'Dibatalkan', 478, 84, 0.00, 0),
(479, '2022-01-21', 375000.00, 'Bayar Penuh', NULL, '2022-01-24', '2022-01-23', '2022-02-22', 'Dibatalkan', 479, 6, 0.00, 0),
(480, '2022-01-02', 375000.00, 'Bayar Penuh', NULL, '2022-01-05', '2022-01-04', '2022-04-04', 'Dibatalkan', 480, 50, 0.00, 0),
(481, '2022-01-20', 350000.00, 'Bayar Penuh', NULL, '2022-01-23', '2022-01-21', '2022-06-20', 'Dibatalkan', 481, 100, 0.00, 0),
(482, '2022-01-05', 375000.00, 'Bayar Penuh', NULL, '2022-01-08', '2022-01-08', '2022-06-07', 'Dibatalkan', 482, 101, 0.00, 0),
(483, '2022-02-18', 300000.00, 'Bayar Penuh', NULL, '2022-02-21', '2022-02-21', '2022-05-22', 'Dibatalkan', 483, 45, 0.00, 0),
(484, '2022-02-15', 300000.00, 'Bayar Penuh', NULL, '2022-02-18', '2022-02-16', '2022-05-17', 'Dibatalkan', 484, 61, 0.00, 0),
(485, '2022-02-20', 375000.00, 'Bayar Penuh', NULL, '2022-02-23', '2022-02-23', '2022-07-23', 'Dibatalkan', 485, 14, 0.00, 0),
(486, '2022-02-22', 300000.00, 'Bayar Penuh', NULL, '2022-02-25', '2022-02-25', '2022-03-27', 'Dibatalkan', 486, 49, 0.00, 0),
(487, '2022-02-20', 300000.00, 'Bayar Penuh', NULL, '2022-02-23', '2022-02-23', '2022-05-24', 'Dibatalkan', 487, 7, 0.00, 0),
(488, '2022-02-17', 300000.00, 'Bayar Penuh', NULL, '2022-02-20', '2022-02-20', '2022-07-20', 'Dibatalkan', 488, 63, 0.00, 0),
(489, '2022-02-07', 375000.00, 'Bayar Penuh', NULL, '2022-02-10', '2022-02-09', '2022-03-11', 'Dibatalkan', 489, 86, 0.00, 0),
(490, '2022-02-10', 350000.00, 'Bayar Penuh', NULL, '2022-02-13', '2022-02-13', '2022-07-13', 'Dibatalkan', 490, 78, 0.00, 0),
(491, '2022-02-27', 350000.00, 'Bayar Penuh', NULL, '2022-03-02', '2022-03-01', '2022-03-31', 'Dibatalkan', 491, 88, 0.00, 0),
(492, '2022-03-18', 375000.00, 'Bayar Penuh', NULL, '2022-03-21', '2022-03-19', '2022-04-18', 'Dibatalkan', 492, 72, 0.00, 0),
(493, '2022-03-16', 375000.00, 'Bayar Penuh', NULL, '2022-03-19', '2022-03-17', '2022-04-16', 'Dibatalkan', 493, 65, 0.00, 0),
(494, '2022-03-10', 300000.00, 'Bayar Penuh', NULL, '2022-03-13', '2022-03-11', '2022-08-08', 'Dibatalkan', 494, 64, 0.00, 0),
(495, '2022-03-06', 350000.00, 'Bayar Penuh', NULL, '2022-03-09', '2022-03-07', '2022-08-04', 'Dibatalkan', 495, 40, 0.00, 0),
(496, '2022-03-07', 350000.00, 'Bayar Penuh', NULL, '2022-03-10', '2022-03-09', '2022-08-06', 'Dibatalkan', 496, 60, 0.00, 0),
(497, '2022-02-26', 300000.00, 'Bayar Penuh', NULL, '2022-03-01', '2022-03-01', '2022-05-30', 'Dibatalkan', 497, 87, 0.00, 0),
(498, '2022-03-16', 350000.00, 'Bayar Penuh', NULL, '2022-03-19', '2022-03-19', '2022-04-18', 'Dibatalkan', 498, 93, 0.00, 0),
(499, '2022-03-17', 350000.00, 'Bayar Penuh', NULL, '2022-03-20', '2022-03-20', '2022-08-17', 'Dibatalkan', 499, 34, 0.00, 0),
(500, '2022-03-01', 300000.00, 'Bayar Penuh', NULL, '2022-03-04', '2022-03-02', '2022-07-30', 'Dibatalkan', 500, 69, 0.00, 0),
(501, '2022-03-22', 300000.00, 'Bayar Penuh', NULL, '2022-03-25', '2022-03-23', '2022-04-22', 'Dibatalkan', 501, 24, 0.00, 0),
(502, '2022-03-23', 300000.00, 'Bayar Penuh', NULL, '2022-03-26', '2022-03-24', '2022-08-21', 'Dibatalkan', 502, 31, 0.00, 0),
(503, '2022-03-23', 300000.00, 'Bayar Penuh', NULL, '2022-03-26', '2022-03-25', '2022-06-23', 'Dibatalkan', 503, 74, 0.00, 0),
(504, '2022-03-25', 350000.00, 'Bayar Penuh', NULL, '2022-03-28', '2022-03-27', '2022-06-25', 'Dibatalkan', 504, 91, 0.00, 0),
(505, '2022-03-19', 350000.00, 'Bayar Penuh', NULL, '2022-03-22', '2022-03-22', '2022-04-21', 'Dibatalkan', 505, 19, 0.00, 0),
(506, '2022-03-18', 300000.00, 'Bayar Penuh', NULL, '2022-03-21', '2022-03-21', '2022-06-19', 'Dibatalkan', 506, 27, 0.00, 0),
(507, '2022-03-09', 300000.00, 'Bayar Penuh', NULL, '2022-03-12', '2022-03-12', '2022-04-11', 'Dibatalkan', 507, 36, 0.00, 0),
(508, '2022-03-18', 300000.00, 'Bayar Penuh', NULL, '2022-03-21', '2022-03-20', '2022-04-19', 'Dibatalkan', 508, 8, 0.00, 0),
(509, '2022-03-17', 300000.00, 'Bayar Penuh', NULL, '2022-03-20', '2022-03-18', '2022-04-17', 'Dibatalkan', 509, 17, 0.00, 0),
(510, '2022-03-20', 375000.00, 'Bayar Penuh', NULL, '2022-03-23', '2022-03-21', '2022-08-18', 'Dibatalkan', 510, 10, 0.00, 0),
(511, '2022-03-14', 300000.00, 'Bayar Penuh', NULL, '2022-03-17', '2022-03-17', '2022-08-14', 'Dibatalkan', 511, 6, 0.00, 0),
(512, '2022-03-30', 375000.00, 'Bayar Penuh', NULL, '2022-04-02', '2022-04-01', '2022-08-29', 'Dibatalkan', 512, 89, 0.00, 0),
(513, '2022-04-14', 300000.00, 'Bayar Penuh', NULL, '2022-04-17', '2022-04-15', '2022-07-14', 'Dibatalkan', 513, 62, 0.00, 0),
(514, '2022-03-29', 300000.00, 'Bayar Penuh', NULL, '2022-04-01', '2022-04-01', '2022-06-30', 'Dibatalkan', 514, 20, 0.00, 0),
(515, '2022-04-11', 350000.00, 'Bayar Penuh', NULL, '2022-04-14', '2022-04-14', '2022-07-13', 'Dibatalkan', 515, 50, 0.00, 0),
(516, '2022-04-19', 300000.00, 'Bayar Penuh', NULL, '2022-04-22', '2022-04-21', '2022-07-20', 'Dibatalkan', 516, 71, 0.00, 0),
(517, '2022-04-16', 350000.00, 'Bayar Penuh', NULL, '2022-04-19', '2022-04-19', '2022-05-19', 'Dibatalkan', 517, 94, 0.00, 0),
(518, '2022-04-05', 300000.00, 'Bayar Penuh', NULL, '2022-04-08', '2022-04-07', '2022-09-04', 'Dibatalkan', 518, 16, 0.00, 0),
(519, '2022-04-19', 300000.00, 'Bayar Penuh', NULL, '2022-04-22', '2022-04-21', '2022-05-21', 'Dibatalkan', 519, 22, 0.00, 0),
(520, '2022-04-05', 300000.00, 'Bayar Penuh', NULL, '2022-04-08', '2022-04-07', '2022-07-06', 'Dibatalkan', 520, 53, 0.00, 0),
(521, '2022-04-20', 350000.00, 'Bayar Penuh', NULL, '2022-04-23', '2022-04-22', '2022-05-22', 'Dibatalkan', 521, 41, 0.00, 0),
(522, '2022-04-24', 375000.00, 'Bayar Penuh', NULL, '2022-04-27', '2022-04-25', '2022-09-22', 'Dibatalkan', 522, 96, 0.00, 0),
(523, '2022-04-05', 300000.00, 'Bayar Penuh', NULL, '2022-04-08', '2022-04-08', '2022-09-05', 'Dibatalkan', 523, 81, 0.00, 0),
(524, '2022-04-05', 350000.00, 'Bayar Penuh', NULL, '2022-04-08', '2022-04-06', '2022-07-05', 'Dibatalkan', 524, 38, 0.00, 0),
(525, '2022-04-12', 350000.00, 'Bayar Penuh', NULL, '2022-04-15', '2022-04-15', '2022-09-12', 'Dibatalkan', 525, 32, 0.00, 0),
(526, '2022-04-24', 300000.00, 'Bayar Penuh', NULL, '2022-04-27', '2022-04-25', '2022-09-22', 'Dibatalkan', 526, 72, 0.00, 0),
(527, '2022-04-15', 375000.00, 'Bayar Penuh', NULL, '2022-04-18', '2022-04-17', '2022-05-17', 'Dibatalkan', 527, 43, 0.00, 0),
(528, '2022-04-13', 300000.00, 'Bayar Penuh', NULL, '2022-04-16', '2022-04-16', '2022-09-13', 'Dibatalkan', 528, 21, 0.00, 0),
(529, '2022-04-02', 350000.00, 'Bayar Penuh', NULL, '2022-04-05', '2022-04-04', '2022-05-04', 'Dibatalkan', 529, 15, 0.00, 0),
(530, '2022-04-21', 375000.00, 'Bayar Penuh', NULL, '2022-04-24', '2022-04-24', '2022-05-24', 'Dibatalkan', 530, 30, 0.00, 0),
(531, '2022-04-07', 375000.00, 'Bayar Penuh', NULL, '2022-04-10', '2022-04-09', '2022-09-06', 'Dibatalkan', 531, 86, 0.00, 0),
(532, '2022-04-08', 375000.00, 'Bayar Penuh', NULL, '2022-04-11', '2022-04-10', '2022-05-10', 'Dibatalkan', 532, 103, 0.00, 0),
(533, '2022-04-24', 350000.00, 'Bayar Penuh', NULL, '2022-04-27', '2022-04-27', '2022-07-26', 'Dibatalkan', 533, 68, 0.00, 0),
(534, '2022-04-01', 300000.00, 'Bayar Penuh', NULL, '2022-04-04', '2022-04-02', '2022-05-02', 'Dibatalkan', 534, 25, 0.00, 0),
(535, '2022-04-12', 350000.00, 'Bayar Penuh', NULL, '2022-04-15', '2022-04-15', '2022-07-14', 'Dibatalkan', 535, 79, 0.00, 0),
(536, '2022-04-02', 300000.00, 'Bayar Penuh', NULL, '2022-04-05', '2022-04-04', '2022-05-04', 'Dibatalkan', 536, 56, 0.00, 0),
(537, '2022-04-10', 375000.00, 'Bayar Penuh', NULL, '2022-04-13', '2022-04-13', '2022-05-13', 'Dibatalkan', 537, 95, 0.00, 0),
(538, '2022-04-18', 300000.00, 'Bayar Penuh', NULL, '2022-04-21', '2022-04-21', '2022-09-18', 'Dibatalkan', 538, 48, 0.00, 0),
(539, '2022-04-12', 300000.00, 'Bayar Penuh', NULL, '2022-04-15', '2022-04-13', '2022-07-12', 'Dibatalkan', 539, 33, 0.00, 0),
(540, '2022-04-10', 300000.00, 'Bayar Penuh', NULL, '2022-04-13', '2022-04-13', '2022-07-12', 'Dibatalkan', 540, 5, 0.00, 0),
(541, '2022-04-12', 375000.00, 'Bayar Penuh', NULL, '2022-04-15', '2022-04-15', '2022-09-12', 'Dibatalkan', 541, 26, 0.00, 0),
(542, '2022-04-29', 300000.00, 'Bayar Penuh', NULL, '2022-05-02', '2022-05-01', '2022-09-28', 'Dibatalkan', 542, 2, 0.00, 0),
(543, '2022-05-19', 350000.00, 'Bayar Penuh', NULL, '2022-05-22', '2022-05-20', '2022-10-17', 'Dibatalkan', 543, 13, 0.00, 0),
(544, '2022-05-03', 375000.00, 'Bayar Penuh', NULL, '2022-05-06', '2022-05-05', '2022-10-02', 'Dibatalkan', 544, 92, 0.00, 0),
(545, '2022-05-10', 375000.00, 'Bayar Penuh', NULL, '2022-05-13', '2022-05-12', '2022-08-10', 'Dibatalkan', 545, 36, 0.00, 0),
(546, '2022-04-30', 375000.00, 'Bayar Penuh', NULL, '2022-05-03', '2022-05-01', '2022-05-31', 'Dibatalkan', 546, 55, 0.00, 0),
(547, '2022-05-14', 350000.00, 'Bayar Penuh', NULL, '2022-05-17', '2022-05-15', '2022-08-13', 'Dibatalkan', 547, 103, 0.00, 0),
(548, '2022-05-07', 350000.00, 'Bayar Penuh', NULL, '2022-05-10', '2022-05-10', '2022-10-07', 'Dibatalkan', 548, 51, 0.00, 0),
(549, '2022-05-17', 350000.00, 'Bayar Penuh', NULL, '2022-05-20', '2022-05-19', '2022-08-17', 'Dibatalkan', 549, 43, 0.00, 0),
(550, '2022-05-07', 300000.00, 'Bayar Penuh', NULL, '2022-05-10', '2022-05-09', '2022-08-07', 'Dibatalkan', 550, 28, 0.00, 0),
(551, '2022-05-26', 375000.00, 'Bayar Penuh', NULL, '2022-05-29', '2022-05-27', '2022-06-26', 'Dibatalkan', 551, 37, 0.00, 0),
(552, '2022-05-11', 350000.00, 'Bayar Penuh', NULL, '2022-05-14', '2022-05-14', '2022-08-12', 'Dibatalkan', 552, 44, 0.00, 0),
(553, '2022-05-17', 350000.00, 'Bayar Penuh', NULL, '2022-05-20', '2022-05-19', '2022-06-18', 'Dibatalkan', 553, 58, 0.00, 0),
(554, '2022-04-30', 375000.00, 'Bayar Penuh', NULL, '2022-05-03', '2022-05-01', '2022-07-30', 'Dibatalkan', 554, 67, 0.00, 0),
(555, '2022-05-10', 350000.00, 'Bayar Penuh', NULL, '2022-05-13', '2022-05-13', '2022-06-12', 'Dibatalkan', 555, 84, 0.00, 0),
(556, '2022-05-13', 300000.00, 'Bayar Penuh', NULL, '2022-05-16', '2022-05-16', '2022-08-14', 'Dibatalkan', 556, 93, 0.00, 0),
(557, '2022-05-14', 375000.00, 'Bayar Penuh', NULL, '2022-05-17', '2022-05-15', '2022-10-12', 'Dibatalkan', 557, 1, 0.00, 0),
(558, '2022-05-08', 375000.00, 'Bayar Penuh', NULL, '2022-05-11', '2022-05-09', '2022-08-07', 'Dibatalkan', 558, 75, 0.00, 0),
(559, '2022-05-20', 350000.00, 'Bayar Penuh', NULL, '2022-05-23', '2022-05-21', '2022-10-18', 'Dibatalkan', 559, 15, 0.00, 0),
(560, '2022-05-07', 350000.00, 'Bayar Penuh', NULL, '2022-05-10', '2022-05-08', '2022-10-05', 'Dibatalkan', 560, 99, 0.00, 0),
(561, '2022-05-07', 300000.00, 'Bayar Penuh', NULL, '2022-05-10', '2022-05-08', '2022-08-06', 'Dibatalkan', 561, 25, 0.00, 0),
(562, '2022-05-21', 375000.00, 'Bayar Penuh', NULL, '2022-05-24', '2022-05-23', '2022-06-22', 'Dibatalkan', 562, 73, 0.00, 0),
(563, '2022-06-15', 300000.00, 'Bayar Penuh', NULL, '2022-06-18', '2022-06-16', '2022-07-16', 'Dibatalkan', 563, 22, 0.00, 0),
(564, '2022-06-16', 375000.00, 'Bayar Penuh', NULL, '2022-06-19', '2022-06-17', '2022-07-17', 'Dibatalkan', 564, 90, 0.00, 0),
(565, '2022-06-17', 375000.00, 'Bayar Penuh', NULL, '2022-06-20', '2022-06-18', '2022-09-16', 'Dibatalkan', 565, 7, 0.00, 0),
(566, '2022-06-25', 350000.00, 'Bayar Penuh', NULL, '2022-06-28', '2022-06-26', '2022-11-23', 'Dibatalkan', 566, 35, 0.00, 0),
(567, '2022-06-26', 375000.00, 'Bayar Penuh', NULL, '2022-06-29', '2022-06-27', '2022-11-24', 'Dibatalkan', 567, 12, 0.00, 0),
(568, '2022-06-11', 350000.00, 'Bayar Penuh', NULL, '2022-06-14', '2022-06-14', '2022-11-11', 'Dibatalkan', 568, 101, 0.00, 0),
(569, '2022-06-10', 350000.00, 'Bayar Penuh', NULL, '2022-06-13', '2022-06-11', '2022-11-08', 'Dibatalkan', 569, 88, 0.00, 0),
(570, '2022-06-04', 375000.00, 'Bayar Penuh', NULL, '2022-06-07', '2022-06-06', '2022-11-03', 'Dibatalkan', 570, 24, 0.00, 0),
(571, '2022-06-12', 350000.00, 'Bayar Penuh', NULL, '2022-06-15', '2022-06-15', '2022-07-15', 'Dibatalkan', 571, 19, 0.00, 0),
(572, '2022-06-17', 350000.00, 'Bayar Penuh', NULL, '2022-06-20', '2022-06-18', '2022-09-16', 'Dibatalkan', 572, 3, 0.00, 0),
(573, '2022-05-29', 350000.00, 'Bayar Penuh', NULL, '2022-06-01', '2022-06-01', '2022-10-29', 'Dibatalkan', 573, 8, 0.00, 0),
(574, '2022-06-05', 350000.00, 'Bayar Penuh', NULL, '2022-06-08', '2022-06-07', '2022-11-04', 'Dibatalkan', 574, 57, 0.00, 0),
(575, '2022-06-02', 300000.00, 'Bayar Penuh', NULL, '2022-06-05', '2022-06-03', '2022-09-01', 'Dibatalkan', 575, 61, 0.00, 0),
(576, '2022-06-19', 300000.00, 'Bayar Penuh', NULL, '2022-06-22', '2022-06-20', '2022-09-18', 'Dibatalkan', 576, 84, 0.00, 0),
(577, '2022-06-21', 375000.00, 'Bayar Penuh', NULL, '2022-06-24', '2022-06-23', '2022-09-21', 'Dibatalkan', 577, 83, 0.00, 0),
(578, '2022-06-23', 300000.00, 'Bayar Penuh', NULL, '2022-06-26', '2022-06-24', '2022-07-24', 'Dibatalkan', 578, 98, 0.00, 0),
(579, '2022-06-09', 375000.00, 'Bayar Penuh', NULL, '2022-06-12', '2022-06-12', '2022-11-09', 'Dibatalkan', 579, 105, 0.00, 0),
(580, '2022-06-08', 300000.00, 'Bayar Penuh', NULL, '2022-06-11', '2022-06-11', '2022-07-11', 'Dibatalkan', 580, 45, 0.00, 0),
(581, '2022-06-11', 300000.00, 'Bayar Penuh', NULL, '2022-06-14', '2022-06-13', '2022-09-11', 'Dibatalkan', 581, 52, 0.00, 0),
(582, '2022-06-17', 375000.00, 'Bayar Penuh', NULL, '2022-06-20', '2022-06-19', '2022-11-16', 'Dibatalkan', 582, 87, 0.00, 0),
(583, '2022-06-23', 350000.00, 'Bayar Penuh', NULL, '2022-06-26', '2022-06-25', '2022-11-22', 'Dibatalkan', 583, 39, 0.00, 0),
(584, '2022-07-02', 375000.00, 'Bayar Penuh', NULL, '2022-07-05', '2022-07-04', '2022-08-03', 'Dibatalkan', 584, 91, 0.00, 0),
(585, '2022-07-06', 350000.00, 'Bayar Penuh', NULL, '2022-07-09', '2022-07-09', '2022-12-06', 'Dibatalkan', 585, 27, 0.00, 0),
(586, '2022-07-11', 300000.00, 'Bayar Penuh', NULL, '2022-07-14', '2022-07-13', '2022-08-12', 'Dibatalkan', 586, 47, 0.00, 0),
(587, '2022-07-02', 350000.00, 'Bayar Penuh', NULL, '2022-07-05', '2022-07-05', '2022-12-02', 'Dibatalkan', 587, 70, 0.00, 0),
(588, '2022-07-17', 350000.00, 'Bayar Penuh', NULL, '2022-07-20', '2022-07-20', '2022-12-17', 'Dibatalkan', 588, 5, 0.00, 0),
(589, '2022-07-01', 300000.00, 'Bayar Penuh', NULL, '2022-07-04', '2022-07-04', '2022-08-03', 'Dibatalkan', 589, 46, 0.00, 0),
(590, '2022-07-17', 300000.00, 'Bayar Penuh', NULL, '2022-07-20', '2022-07-19', '2022-12-16', 'Dibatalkan', 590, 23, 0.00, 0),
(591, '2022-07-07', 300000.00, 'Bayar Penuh', NULL, '2022-07-10', '2022-07-09', '2022-12-06', 'Dibatalkan', 591, 29, 0.00, 0),
(592, '2022-06-28', 300000.00, 'Bayar Penuh', NULL, '2022-07-01', '2022-07-01', '2022-09-29', 'Dibatalkan', 592, 11, 0.00, 0),
(593, '2022-07-05', 350000.00, 'Bayar Penuh', NULL, '2022-07-08', '2022-07-06', '2022-12-03', 'Dibatalkan', 593, 65, 0.00, 0),
(594, '2022-07-11', 350000.00, 'Bayar Penuh', NULL, '2022-07-14', '2022-07-13', '2022-08-12', 'Dibatalkan', 594, 9, 0.00, 0),
(595, '2022-07-02', 350000.00, 'Bayar Penuh', NULL, '2022-07-05', '2022-07-05', '2022-08-04', 'Dibatalkan', 595, 104, 0.00, 0),
(596, '2022-07-22', 375000.00, 'Bayar Penuh', NULL, '2022-07-25', '2022-07-24', '2022-08-23', 'Dibatalkan', 596, 85, 0.00, 0),
(597, '2022-07-21', 375000.00, 'Bayar Penuh', NULL, '2022-07-24', '2022-07-24', '2022-10-22', 'Dibatalkan', 597, 53, 0.00, 0),
(598, '2022-07-15', 375000.00, 'Bayar Penuh', NULL, '2022-07-18', '2022-07-18', '2022-10-16', 'Dibatalkan', 598, 56, 0.00, 0),
(599, '2022-08-17', 375000.00, 'Bayar Penuh', NULL, '2022-08-20', '2022-08-18', '2023-01-15', 'Dibatalkan', 599, 43, 0.00, 0),
(600, '2022-08-08', 300000.00, 'Bayar Penuh', NULL, '2022-08-11', '2022-08-10', '2022-09-09', 'Dibatalkan', 600, 37, 0.00, 0),
(601, '2022-08-16', 350000.00, 'Bayar Penuh', NULL, '2022-08-19', '2022-08-17', '2022-09-16', 'Dibatalkan', 601, 41, 0.00, 0),
(602, '2022-08-23', 350000.00, 'Bayar Penuh', NULL, '2022-08-26', '2022-08-26', '2023-01-23', 'Dibatalkan', 602, 95, 0.00, 0),
(603, '2022-08-21', 350000.00, 'Bayar Penuh', NULL, '2022-08-24', '2022-08-24', '2022-11-22', 'Dibatalkan', 603, 94, 0.00, 0),
(604, '2022-08-24', 300000.00, 'Bayar Penuh', NULL, '2022-08-27', '2022-08-26', '2022-11-24', 'Dibatalkan', 604, 79, 0.00, 0),
(605, '2022-08-09', 375000.00, 'Bayar Penuh', NULL, '2022-08-12', '2022-08-12', '2022-11-10', 'Dibatalkan', 605, 60, 0.00, 0),
(606, '2022-08-06', 300000.00, 'Bayar Penuh', NULL, '2022-08-09', '2022-08-09', '2022-09-08', 'Dibatalkan', 606, 68, 0.00, 0),
(607, '2022-09-21', 375000.00, 'Bayar Penuh', NULL, '2022-09-24', '2022-09-22', '2022-10-22', 'Dibatalkan', 607, 6, 0.00, 0),
(608, '2022-09-05', 300000.00, 'Bayar Penuh', NULL, '2022-09-08', '2022-09-08', '2022-10-08', 'Dibatalkan', 608, 73, 0.00, 0),
(609, '2022-09-20', 350000.00, 'Bayar Penuh', NULL, '2022-09-23', '2022-09-21', '2022-12-20', 'Dibatalkan', 609, 26, 0.00, 0),
(610, '2022-09-26', 300000.00, 'Bayar Penuh', NULL, '2022-09-29', '2022-09-27', '2022-12-26', 'Dibatalkan', 610, 55, 0.00, 0),
(611, '2022-09-03', 350000.00, 'Bayar Penuh', NULL, '2022-09-06', '2022-09-05', '2023-02-02', 'Dibatalkan', 611, 44, 0.00, 0),
(612, '2022-09-10', 350000.00, 'Bayar Penuh', NULL, '2022-09-13', '2022-09-11', '2022-12-10', 'Dibatalkan', 612, 20, 0.00, 0),
(613, '2022-09-21', 300000.00, 'Bayar Penuh', NULL, '2022-09-24', '2022-09-22', '2022-10-22', 'Dibatalkan', 613, 54, 0.00, 0),
(614, '2022-09-09', 375000.00, 'Bayar Penuh', NULL, '2022-09-12', '2022-09-11', '2022-10-11', 'Dibatalkan', 614, 106, 0.00, 0),
(615, '2022-09-04', 300000.00, 'Bayar Penuh', NULL, '2022-09-07', '2022-09-07', '2022-12-06', 'Dibatalkan', 615, 25, 0.00, 0),
(616, '2022-08-31', 350000.00, 'Bayar Penuh', NULL, '2022-09-03', '2022-09-01', '2022-11-30', 'Dibatalkan', 616, 64, 0.00, 0),
(617, '2022-09-07', 350000.00, 'Bayar Penuh', NULL, '2022-09-10', '2022-09-08', '2023-02-05', 'Dibatalkan', 617, 17, 0.00, 0),
(618, '2022-08-31', 375000.00, 'Bayar Penuh', NULL, '2022-09-03', '2022-09-01', '2022-10-01', 'Dibatalkan', 618, 50, 0.00, 0),
(619, '2022-09-22', 300000.00, 'Bayar Penuh', NULL, '2022-09-25', '2022-09-25', '2023-02-22', 'Dibatalkan', 619, 72, 0.00, 0),
(620, '2022-09-21', 300000.00, 'Bayar Penuh', NULL, '2022-09-24', '2022-09-24', '2022-10-24', 'Dibatalkan', 620, 49, 0.00, 0),
(621, '2022-09-16', 375000.00, 'Bayar Penuh', NULL, '2022-09-19', '2022-09-19', '2022-12-18', 'Dibatalkan', 621, 18, 0.00, 0),
(622, '2022-09-11', 350000.00, 'Bayar Penuh', NULL, '2022-09-14', '2022-09-14', '2023-02-11', 'Dibatalkan', 622, 71, 0.00, 0),
(623, '2022-09-25', 300000.00, 'Bayar Penuh', NULL, '2022-09-28', '2022-09-26', '2023-02-23', 'Dibatalkan', 623, 4, 0.00, 0),
(624, '2022-09-09', 375000.00, 'Bayar Penuh', NULL, '2022-09-12', '2022-09-12', '2022-12-11', 'Dibatalkan', 624, 93, 0.00, 0),
(625, '2022-09-13', 375000.00, 'Bayar Penuh', NULL, '2022-09-16', '2022-09-14', '2023-02-11', 'Dibatalkan', 625, 47, 0.00, 0),
(626, '2022-09-05', 375000.00, 'Bayar Penuh', NULL, '2022-09-08', '2022-09-08', '2023-02-05', 'Dibatalkan', 626, 104, 0.00, 0),
(627, '2022-09-03', 300000.00, 'Bayar Penuh', NULL, '2022-09-06', '2022-09-04', '2022-12-03', 'Dibatalkan', 627, 10, 0.00, 0),
(628, '2022-09-01', 300000.00, 'Bayar Penuh', NULL, '2022-09-04', '2022-09-04', '2023-02-01', 'Dibatalkan', 628, 28, 0.00, 0),
(629, '2022-09-11', 300000.00, 'Bayar Penuh', NULL, '2022-09-14', '2022-09-13', '2022-12-12', 'Dibatalkan', 629, 90, 0.00, 0),
(630, '2022-09-05', 300000.00, 'Bayar Penuh', NULL, '2022-09-08', '2022-09-08', '2022-10-08', 'Dibatalkan', 630, 33, 0.00, 0),
(631, '2022-09-06', 300000.00, 'Bayar Penuh', NULL, '2022-09-09', '2022-09-08', '2022-12-07', 'Dibatalkan', 631, 74, 0.00, 0),
(632, '2022-09-08', 300000.00, 'Bayar Penuh', NULL, '2022-09-11', '2022-09-10', '2022-12-09', 'Dibatalkan', 632, 16, 0.00, 0),
(633, '2022-09-03', 375000.00, 'Bayar Penuh', NULL, '2022-09-06', '2022-09-06', '2022-10-06', 'Dibatalkan', 633, 63, 0.00, 0),
(634, '2022-09-12', 300000.00, 'Bayar Penuh', NULL, '2022-09-15', '2022-09-13', '2023-02-10', 'Dibatalkan', 634, 59, 0.00, 0),
(635, '2022-09-21', 375000.00, 'Bayar Penuh', NULL, '2022-09-24', '2022-09-24', '2022-12-23', 'Dibatalkan', 635, 58, 0.00, 0),
(636, '2022-09-18', 350000.00, 'Bayar Penuh', NULL, '2022-09-21', '2022-09-21', '2023-02-18', 'Dibatalkan', 636, 38, 0.00, 0),
(637, '2022-10-07', 350000.00, 'Bayar Penuh', NULL, '2022-10-10', '2022-10-10', '2023-03-09', 'Dibatalkan', 637, 40, 0.00, 0),
(638, '2022-10-22', 375000.00, 'Bayar Penuh', NULL, '2022-10-25', '2022-10-25', '2023-01-23', 'Dibatalkan', 638, 7, 0.00, 0),
(639, '2022-10-15', 375000.00, 'Bayar Penuh', NULL, '2022-10-18', '2022-10-18', '2022-11-17', 'Dibatalkan', 639, 85, 0.00, 0),
(640, '2022-09-30', 375000.00, 'Bayar Penuh', NULL, '2022-10-03', '2022-10-03', '2023-03-02', 'Dibatalkan', 640, 52, 0.00, 0),
(641, '2022-10-14', 350000.00, 'Bayar Penuh', NULL, '2022-10-17', '2022-10-16', '2023-03-15', 'Dibatalkan', 641, 32, 0.00, 0),
(642, '2022-10-12', 350000.00, 'Bayar Penuh', NULL, '2022-10-15', '2022-10-14', '2023-01-12', 'Dibatalkan', 642, 30, 0.00, 0),
(643, '2022-10-09', 350000.00, 'Bayar Penuh', NULL, '2022-10-12', '2022-10-10', '2023-03-09', 'Dibatalkan', 643, 36, 0.00, 0),
(644, '2022-10-07', 375000.00, 'Bayar Penuh', NULL, '2022-10-10', '2022-10-10', '2023-01-08', 'Dibatalkan', 644, 83, 0.00, 0),
(645, '2022-10-21', 300000.00, 'Bayar Penuh', NULL, '2022-10-24', '2022-10-22', '2023-01-20', 'Dibatalkan', 645, 45, 0.00, 0),
(646, '2022-10-15', 375000.00, 'Bayar Penuh', NULL, '2022-10-18', '2022-10-16', '2023-03-15', 'Dibatalkan', 646, 80, 0.00, 0),
(647, '2022-10-22', 350000.00, 'Bayar Penuh', NULL, '2022-10-25', '2022-10-24', '2022-11-23', 'Dibatalkan', 647, 63, 0.00, 0),
(648, '2022-10-04', 375000.00, 'Bayar Penuh', NULL, '2022-10-07', '2022-10-07', '2023-03-06', 'Dibatalkan', 648, 75, 0.00, 0),
(649, '2022-10-06', 300000.00, 'Bayar Penuh', NULL, '2022-10-09', '2022-10-09', '2023-03-08', 'Dibatalkan', 649, 102, 0.00, 0),
(650, '2022-10-20', 350000.00, 'Bayar Penuh', NULL, '2022-10-23', '2022-10-21', '2023-01-19', 'Dibatalkan', 650, 3, 0.00, 0),
(651, '2022-10-12', 300000.00, 'Bayar Penuh', NULL, '2022-10-15', '2022-10-14', '2023-03-13', 'Dibatalkan', 651, 91, 0.00, 0),
(652, '2022-10-23', 300000.00, 'Bayar Penuh', NULL, '2022-10-26', '2022-10-25', '2022-11-24', 'Dibatalkan', 652, 19, 0.00, 0),
(653, '2022-10-08', 375000.00, 'Bayar Penuh', NULL, '2022-10-11', '2022-10-10', '2023-01-08', 'Dibatalkan', 653, 31, 0.00, 0),
(654, '2022-10-23', 375000.00, 'Bayar Penuh', NULL, '2022-10-26', '2022-10-25', '2022-11-24', 'Dibatalkan', 654, 53, 0.00, 0),
(655, '2022-10-16', 375000.00, 'Bayar Penuh', NULL, '2022-10-19', '2022-10-17', '2022-11-16', 'Dibatalkan', 655, 86, 0.00, 0),
(656, '2022-10-06', 300000.00, 'Bayar Penuh', NULL, '2022-10-09', '2022-10-07', '2023-01-05', 'Dibatalkan', 656, 92, 0.00, 0),
(657, '2022-10-07', 375000.00, 'Bayar Penuh', NULL, '2022-10-10', '2022-10-08', '2022-11-07', 'Dibatalkan', 657, 69, 0.00, 0),
(658, '2022-09-30', 350000.00, 'Bayar Penuh', NULL, '2022-10-03', '2022-10-03', '2022-11-02', 'Dibatalkan', 658, 41, 0.00, 0),
(659, '2022-10-26', 375000.00, 'Bayar Penuh', NULL, '2022-10-29', '2022-10-27', '2023-01-25', 'Dibatalkan', 659, 106, 0.00, 0),
(660, '2022-10-22', 375000.00, 'Bayar Penuh', NULL, '2022-10-25', '2022-10-23', '2022-11-22', 'Dibatalkan', 660, 62, 0.00, 0),
(661, '2022-10-09', 350000.00, 'Bayar Penuh', NULL, '2022-10-12', '2022-10-10', '2023-01-08', 'Dibatalkan', 661, 81, 0.00, 0),
(662, '2022-11-06', 300000.00, 'Bayar Penuh', NULL, '2022-11-09', '2022-11-07', '2023-02-05', 'Dibatalkan', 662, 66, 0.00, 0),
(663, '2022-10-29', 350000.00, 'Bayar Penuh', NULL, '2022-11-01', '2022-11-01', '2023-01-30', 'Dibatalkan', 663, 77, 0.00, 0),
(664, '2022-11-16', 375000.00, 'Bayar Penuh', NULL, '2022-11-19', '2022-11-19', '2022-12-19', 'Dibatalkan', 664, 14, 0.00, 0),
(665, '2022-11-18', 350000.00, 'Bayar Penuh', NULL, '2022-11-21', '2022-11-20', '2023-02-18', 'Dibatalkan', 665, 69, 0.00, 0),
(666, '2022-11-24', 300000.00, 'Bayar Penuh', NULL, '2022-11-27', '2022-11-26', '2023-04-25', 'Dibatalkan', 666, 84, 0.00, 0),
(667, '2022-11-16', 350000.00, 'Bayar Penuh', NULL, '2022-11-19', '2022-11-19', '2023-02-17', 'Dibatalkan', 667, 21, 0.00, 0),
(668, '2022-11-23', 350000.00, 'Bayar Penuh', NULL, '2022-11-26', '2022-11-25', '2023-02-23', 'Dibatalkan', 668, 76, 0.00, 0),
(669, '2022-11-10', 300000.00, 'Bayar Penuh', NULL, '2022-11-13', '2022-11-11', '2023-04-10', 'Dibatalkan', 669, 105, 0.00, 0),
(670, '2022-11-10', 350000.00, 'Bayar Penuh', NULL, '2022-11-13', '2022-11-12', '2023-02-10', 'Dibatalkan', 670, 48, 0.00, 0),
(671, '2022-11-04', 375000.00, 'Bayar Penuh', NULL, '2022-11-07', '2022-11-06', '2022-12-06', 'Dibatalkan', 671, 37, 0.00, 0),
(672, '2022-11-06', 375000.00, 'Bayar Penuh', NULL, '2022-11-09', '2022-11-08', '2023-02-06', 'Dibatalkan', 672, 82, 0.00, 0),
(673, '2022-11-08', 300000.00, 'Bayar Penuh', NULL, '2022-11-11', '2022-11-09', '2023-04-08', 'Dibatalkan', 673, 24, 0.00, 0),
(674, '2022-11-17', 375000.00, 'Bayar Penuh', NULL, '2022-11-20', '2022-11-20', '2023-02-18', 'Dibatalkan', 674, 33, 0.00, 0),
(675, '2022-11-02', 350000.00, 'Bayar Penuh', NULL, '2022-11-05', '2022-11-03', '2022-12-03', 'Dibatalkan', 675, 100, 0.00, 0),
(676, '2022-11-13', 350000.00, 'Bayar Penuh', NULL, '2022-11-16', '2022-11-15', '2023-02-13', 'Dibatalkan', 676, 56, 0.00, 0),
(677, '2022-12-08', 300000.00, 'Bayar Penuh', NULL, '2022-12-11', '2022-12-10', '2023-03-10', 'Dibatalkan', 677, 6, 0.00, 0),
(678, '2022-12-19', 300000.00, 'Bayar Penuh', NULL, '2022-12-22', '2022-12-20', '2023-03-20', 'Dibatalkan', 678, 34, 0.00, 0),
(679, '2022-11-29', 350000.00, 'Bayar Penuh', NULL, '2022-12-02', '2022-12-01', '2023-04-30', 'Dibatalkan', 679, 63, 0.00, 0),
(680, '2022-12-10', 375000.00, 'Bayar Penuh', NULL, '2022-12-13', '2022-12-11', '2023-05-10', 'Dibatalkan', 680, 12, 0.00, 0),
(681, '2022-12-09', 350000.00, 'Bayar Penuh', NULL, '2022-12-12', '2022-12-12', '2023-01-11', 'Dibatalkan', 681, 53, 0.00, 0),
(682, '2022-12-06', 375000.00, 'Bayar Penuh', NULL, '2022-12-09', '2022-12-09', '2023-05-08', 'Dibatalkan', 682, 64, 0.00, 0),
(683, '2022-12-15', 350000.00, 'Bayar Penuh', NULL, '2022-12-18', '2022-12-16', '2023-03-16', 'Dibatalkan', 683, 54, 0.00, 0),
(684, '2022-12-04', 375000.00, 'Bayar Penuh', NULL, '2022-12-07', '2022-12-06', '2023-01-05', 'Dibatalkan', 684, 60, 0.00, 0),
(685, '2022-12-23', 375000.00, 'Bayar Penuh', NULL, '2022-12-26', '2022-12-24', '2023-01-23', 'Dibatalkan', 685, 57, 0.00, 0),
(686, '2022-12-15', 300000.00, 'Bayar Penuh', NULL, '2022-12-18', '2022-12-17', '2023-01-16', 'Dibatalkan', 686, 10, 0.00, 0),
(687, '2022-12-18', 350000.00, 'Bayar Penuh', NULL, '2022-12-21', '2022-12-19', '2023-01-18', 'Dibatalkan', 687, 23, 0.00, 0),
(688, '2022-12-22', 375000.00, 'Bayar Penuh', NULL, '2022-12-25', '2022-12-24', '2023-01-23', 'Dibatalkan', 688, 13, 0.00, 0),
(689, '2022-12-11', 350000.00, 'Bayar Penuh', NULL, '2022-12-14', '2022-12-14', '2023-05-13', 'Dibatalkan', 689, 29, 0.00, 0),
(690, '2022-12-14', 375000.00, 'Bayar Penuh', NULL, '2022-12-17', '2022-12-17', '2023-03-17', 'Dibatalkan', 690, 16, 0.00, 0),
(691, '2022-12-06', 375000.00, 'Bayar Penuh', NULL, '2022-12-09', '2022-12-07', '2023-05-06', 'Dibatalkan', 691, 25, 0.00, 0),
(692, '2022-12-23', 350000.00, 'Bayar Penuh', NULL, '2022-12-26', '2022-12-26', '2023-01-25', 'Dibatalkan', 692, 11, 0.00, 0),
(693, '2022-12-17', 300000.00, 'Bayar Penuh', NULL, '2022-12-20', '2022-12-18', '2023-03-18', 'Dibatalkan', 693, 96, 0.00, 0),
(694, '2022-12-23', 375000.00, 'Bayar Penuh', NULL, '2022-12-26', '2022-12-26', '2023-03-26', 'Dibatalkan', 694, 101, 0.00, 0),
(695, '2022-12-24', 350000.00, 'Bayar Penuh', NULL, '2022-12-27', '2022-12-25', '2023-01-24', 'Dibatalkan', 695, 58, 0.00, 0),
(696, '2022-11-30', 350000.00, 'Bayar Penuh', NULL, '2022-12-03', '2022-12-03', '2023-01-02', 'Dibatalkan', 696, 49, 0.00, 0),
(697, '2022-12-02', 350000.00, 'Bayar Penuh', NULL, '2022-12-05', '2022-12-03', '2023-01-02', 'Dibatalkan', 697, 35, 0.00, 0),
(698, '2022-12-21', 300000.00, 'Bayar Penuh', NULL, '2022-12-24', '2022-12-23', '2023-03-23', 'Dibatalkan', 698, 18, 0.00, 0),
(699, '2022-12-10', 375000.00, 'Bayar Penuh', NULL, '2022-12-13', '2022-12-11', '2023-01-10', 'Dibatalkan', 699, 97, 0.00, 0),
(700, '2022-12-08', 375000.00, 'Bayar Penuh', NULL, '2022-12-11', '2022-12-11', '2023-03-11', 'Dibatalkan', 700, 27, 0.00, 0),
(701, '2022-12-22', 375000.00, 'Bayar Penuh', NULL, '2022-12-25', '2022-12-25', '2023-01-24', 'Dibatalkan', 701, 98, 0.00, 0),
(702, '2021-01-14', 375000.00, 'Bayar Penuh', NULL, '2021-01-17', '2021-01-17', '2021-06-16', 'Dibatalkan', 702, 53, 0.00, 0),
(703, '2021-01-09', 300000.00, 'Bayar Penuh', NULL, '2021-01-12', '2021-01-11', '2021-04-11', 'Dibatalkan', 703, 88, 0.00, 0),
(704, '2021-01-04', 350000.00, 'Bayar Penuh', NULL, '2021-01-07', '2021-01-07', '2021-06-06', 'Dibatalkan', 704, 43, 0.00, 0),
(705, '2021-01-05', 375000.00, 'Bayar Penuh', NULL, '2021-01-08', '2021-01-07', '2021-02-06', 'Dibatalkan', 705, 29, 0.00, 0),
(706, '2020-12-31', 350000.00, 'Bayar Penuh', NULL, '2021-01-03', '2021-01-02', '2021-02-01', 'Dibatalkan', 706, 18, 0.00, 0),
(707, '2020-12-30', 350000.00, 'Bayar Penuh', NULL, '2021-01-02', '2021-01-01', '2021-05-31', 'Dibatalkan', 707, 82, 0.00, 0),
(708, '2021-01-03', 300000.00, 'Bayar Penuh', NULL, '2021-01-06', '2021-01-05', '2021-04-05', 'Dibatalkan', 708, 105, 0.00, 0),
(709, '2021-01-12', 300000.00, 'Bayar Penuh', NULL, '2021-01-15', '2021-01-14', '2021-04-14', 'Dibatalkan', 709, 81, 0.00, 0),
(710, '2021-01-01', 375000.00, 'Bayar Penuh', NULL, '2021-01-04', '2021-01-04', '2021-02-03', 'Dibatalkan', 710, 98, 0.00, 0),
(711, '2021-01-21', 300000.00, 'Bayar Penuh', NULL, '2021-01-24', '2021-01-23', '2021-04-23', 'Dibatalkan', 711, 66, 0.00, 0),
(712, '2021-01-17', 375000.00, 'Bayar Penuh', NULL, '2021-01-20', '2021-01-20', '2021-02-19', 'Dibatalkan', 712, 99, 0.00, 0),
(713, '2021-01-10', 375000.00, 'Bayar Penuh', NULL, '2021-01-13', '2021-01-12', '2021-06-11', 'Dibatalkan', 713, 70, 0.00, 0),
(714, '2021-01-06', 350000.00, 'Bayar Penuh', NULL, '2021-01-09', '2021-01-09', '2021-04-09', 'Dibatalkan', 714, 48, 0.00, 0),
(715, '2021-01-18', 350000.00, 'Bayar Penuh', NULL, '2021-01-21', '2021-01-19', '2021-04-19', 'Dibatalkan', 715, 90, 0.00, 0),
(716, '2021-01-17', 300000.00, 'Bayar Penuh', NULL, '2021-01-20', '2021-01-18', '2021-06-17', 'Dibatalkan', 716, 77, 0.00, 0),
(717, '2021-01-22', 350000.00, 'Bayar Penuh', NULL, '2021-01-25', '2021-01-25', '2021-02-24', 'Dibatalkan', 717, 56, 0.00, 0),
(718, '2021-01-02', 375000.00, 'Bayar Penuh', NULL, '2021-01-05', '2021-01-04', '2021-06-03', 'Dibatalkan', 718, 106, 0.00, 0),
(719, '2021-01-02', 300000.00, 'Bayar Penuh', NULL, '2021-01-05', '2021-01-04', '2021-02-03', 'Dibatalkan', 719, 103, 0.00, 0),
(720, '2021-01-11', 350000.00, 'Bayar Penuh', NULL, '2021-01-14', '2021-01-13', '2021-02-12', 'Dibatalkan', 720, 50, 0.00, 0),
(721, '2021-01-08', 350000.00, 'Bayar Penuh', NULL, '2021-01-11', '2021-01-09', '2021-06-08', 'Dibatalkan', 721, 94, 0.00, 0),
(722, '2021-01-23', 300000.00, 'Bayar Penuh', NULL, '2021-01-26', '2021-01-25', '2021-06-24', 'Dibatalkan', 722, 4, 0.00, 0),
(723, '2021-01-19', 350000.00, 'Bayar Penuh', NULL, '2021-01-22', '2021-01-20', '2021-02-19', 'Dibatalkan', 723, 47, 0.00, 0),
(724, '2021-01-03', 375000.00, 'Bayar Penuh', NULL, '2021-01-06', '2021-01-04', '2021-06-03', 'Dibatalkan', 724, 55, 0.00, 0),
(725, '2021-01-11', 350000.00, 'Bayar Penuh', NULL, '2021-01-14', '2021-01-14', '2021-04-14', 'Dibatalkan', 725, 7, 0.00, 0),
(726, '2020-12-31', 375000.00, 'Bayar Penuh', NULL, '2021-01-03', '2021-01-03', '2021-06-02', 'Dibatalkan', 726, 71, 0.00, 0),
(727, '2021-02-03', 300000.00, 'Bayar Penuh', NULL, '2021-02-06', '2021-02-04', '2021-05-05', 'Dibatalkan', 727, 57, 0.00, 0),
(728, '2021-02-07', 300000.00, 'Bayar Penuh', NULL, '2021-02-10', '2021-02-09', '2021-05-10', 'Dibatalkan', 728, 37, 0.00, 0),
(729, '2021-02-11', 350000.00, 'Bayar Penuh', NULL, '2021-02-14', '2021-02-12', '2021-07-12', 'Dibatalkan', 729, 74, 0.00, 0),
(730, '2021-02-01', 300000.00, 'Bayar Penuh', NULL, '2021-02-04', '2021-02-03', '2021-05-04', 'Dibatalkan', 730, 101, 0.00, 0),
(731, '2021-02-13', 375000.00, 'Bayar Penuh', NULL, '2021-02-16', '2021-02-14', '2021-05-15', 'Dibatalkan', 731, 67, 0.00, 0),
(732, '2021-02-01', 375000.00, 'Bayar Penuh', NULL, '2021-02-04', '2021-02-03', '2021-05-04', 'Dibatalkan', 732, 38, 0.00, 0),
(733, '2021-02-15', 350000.00, 'Bayar Penuh', NULL, '2021-02-18', '2021-02-17', '2021-07-17', 'Dibatalkan', 733, 12, 0.00, 0),
(734, '2021-01-30', 350000.00, 'Bayar Penuh', NULL, '2021-02-02', '2021-02-01', '2021-05-02', 'Dibatalkan', 734, 45, 0.00, 0),
(735, '2021-02-11', 300000.00, 'Bayar Penuh', NULL, '2021-02-14', '2021-02-12', '2021-03-14', 'Dibatalkan', 735, 41, 0.00, 0),
(736, '2021-02-17', 350000.00, 'Bayar Penuh', NULL, '2021-02-20', '2021-02-19', '2021-03-21', 'Dibatalkan', 736, 96, 0.00, 0),
(737, '2021-02-04', 375000.00, 'Bayar Penuh', NULL, '2021-02-07', '2021-02-05', '2021-03-07', 'Dibatalkan', 737, 6, 0.00, 0),
(738, '2021-02-22', 350000.00, 'Bayar Penuh', NULL, '2021-02-25', '2021-02-25', '2021-07-25', 'Dibatalkan', 738, 28, 0.00, 0),
(739, '2021-02-10', 375000.00, 'Bayar Penuh', NULL, '2021-02-13', '2021-02-11', '2021-07-11', 'Dibatalkan', 739, 29, 0.00, 0),
(740, '2021-02-03', 300000.00, 'Bayar Penuh', NULL, '2021-02-06', '2021-02-04', '2021-07-04', 'Dibatalkan', 740, 62, 0.00, 0),
(741, '2021-02-20', 375000.00, 'Bayar Penuh', NULL, '2021-02-23', '2021-02-23', '2021-05-24', 'Dibatalkan', 741, 33, 0.00, 0),
(742, '2021-02-24', 300000.00, 'Bayar Penuh', NULL, '2021-02-27', '2021-02-25', '2021-05-26', 'Dibatalkan', 742, 64, 0.00, 0),
(743, '2021-02-01', 300000.00, 'Bayar Penuh', NULL, '2021-02-04', '2021-02-04', '2021-05-05', 'Dibatalkan', 743, 83, 0.00, 0),
(744, '2021-02-06', 350000.00, 'Bayar Penuh', NULL, '2021-02-09', '2021-02-07', '2021-05-08', 'Dibatalkan', 744, 72, 0.00, 0),
(745, '2021-02-24', 350000.00, 'Bayar Penuh', NULL, '2021-02-27', '2021-02-27', '2021-03-29', 'Dibatalkan', 745, 11, 0.00, 0),
(746, '2021-02-18', 300000.00, 'Bayar Penuh', NULL, '2021-02-21', '2021-02-21', '2021-03-23', 'Dibatalkan', 746, 54, 0.00, 0),
(747, '2021-02-02', 300000.00, 'Bayar Penuh', NULL, '2021-02-05', '2021-02-04', '2021-03-06', 'Dibatalkan', 747, 27, 0.00, 0),
(748, '2021-02-16', 300000.00, 'Bayar Penuh', NULL, '2021-02-19', '2021-02-19', '2021-03-21', 'Dibatalkan', 748, 24, 0.00, 0),
(749, '2021-02-06', 300000.00, 'Bayar Penuh', NULL, '2021-02-09', '2021-02-09', '2021-05-10', 'Dibatalkan', 749, 32, 0.00, 0),
(750, '2021-02-24', 350000.00, 'Bayar Penuh', NULL, '2021-02-27', '2021-02-25', '2021-05-26', 'Dibatalkan', 750, 13, 0.00, 0),
(751, '2021-02-01', 375000.00, 'Bayar Penuh', NULL, '2021-02-04', '2021-02-04', '2021-03-06', 'Dibatalkan', 751, 58, 0.00, 0),
(752, '2021-02-19', 350000.00, 'Bayar Penuh', NULL, '2021-02-22', '2021-02-20', '2021-05-21', 'Dibatalkan', 752, 36, 0.00, 0),
(753, '2021-02-13', 300000.00, 'Bayar Penuh', NULL, '2021-02-16', '2021-02-16', '2021-03-18', 'Dibatalkan', 753, 63, 0.00, 0),
(754, '2021-02-01', 350000.00, 'Bayar Penuh', NULL, '2021-02-04', '2021-02-04', '2021-07-04', 'Dibatalkan', 754, 19, 0.00, 0),
(755, '2021-02-23', 300000.00, 'Bayar Penuh', NULL, '2021-02-26', '2021-02-26', '2021-03-28', 'Dibatalkan', 755, 73, 0.00, 0),
(756, '2021-02-17', 350000.00, 'Bayar Penuh', NULL, '2021-02-20', '2021-02-20', '2021-05-21', 'Dibatalkan', 756, 2, 0.00, 0),
(757, '2021-03-07', 375000.00, 'Bayar Penuh', NULL, '2021-03-10', '2021-03-10', '2021-08-07', 'Dibatalkan', 757, 44, 0.00, 0),
(758, '2021-03-21', 300000.00, 'Bayar Penuh', NULL, '2021-03-24', '2021-03-24', '2021-08-21', 'Dibatalkan', 758, 104, 0.00, 0),
(759, '2021-03-08', 350000.00, 'Bayar Penuh', NULL, '2021-03-11', '2021-03-11', '2021-06-09', 'Dibatalkan', 759, 6, 0.00, 0),
(760, '2021-03-24', 300000.00, 'Bayar Penuh', NULL, '2021-03-27', '2021-03-27', '2021-04-26', 'Dibatalkan', 760, 5, 0.00, 0),
(761, '2021-03-13', 300000.00, 'Bayar Penuh', NULL, '2021-03-16', '2021-03-14', '2021-06-12', 'Dibatalkan', 761, 103, 0.00, 0),
(762, '2021-03-24', 375000.00, 'Bayar Penuh', NULL, '2021-03-27', '2021-03-25', '2021-08-22', 'Dibatalkan', 762, 100, 0.00, 0),
(763, '2021-03-24', 300000.00, 'Bayar Penuh', NULL, '2021-03-27', '2021-03-26', '2021-06-24', 'Dibatalkan', 763, 87, 0.00, 0),
(764, '2021-03-02', 375000.00, 'Bayar Penuh', NULL, '2021-03-05', '2021-03-03', '2021-06-01', 'Dibatalkan', 764, 56, 0.00, 0),
(765, '2021-03-19', 300000.00, 'Bayar Penuh', NULL, '2021-03-22', '2021-03-21', '2021-08-18', 'Dibatalkan', 765, 65, 0.00, 0),
(766, '2021-03-03', 350000.00, 'Bayar Penuh', NULL, '2021-03-06', '2021-03-04', '2021-04-03', 'Dibatalkan', 766, 30, 0.00, 0),
(767, '2021-03-21', 350000.00, 'Bayar Penuh', NULL, '2021-03-24', '2021-03-23', '2021-08-20', 'Dibatalkan', 767, 9, 0.00, 0),
(768, '2021-03-10', 300000.00, 'Bayar Penuh', NULL, '2021-03-13', '2021-03-11', '2021-06-09', 'Dibatalkan', 768, 68, 0.00, 0),
(769, '2021-03-18', 375000.00, 'Bayar Penuh', NULL, '2021-03-21', '2021-03-21', '2021-08-18', 'Dibatalkan', 769, 20, 0.00, 0),
(770, '2021-03-02', 375000.00, 'Bayar Penuh', NULL, '2021-03-05', '2021-03-04', '2021-06-02', 'Dibatalkan', 770, 16, 0.00, 0),
(771, '2021-03-03', 350000.00, 'Bayar Penuh', NULL, '2021-03-06', '2021-03-04', '2021-04-03', 'Dibatalkan', 771, 40, 0.00, 0),
(772, '2021-03-08', 350000.00, 'Bayar Penuh', NULL, '2021-03-11', '2021-03-10', '2021-08-07', 'Dibatalkan', 772, 80, 0.00, 0),
(773, '2021-03-10', 350000.00, 'Bayar Penuh', NULL, '2021-03-13', '2021-03-12', '2021-06-10', 'Dibatalkan', 773, 27, 0.00, 0),
(774, '2021-03-09', 300000.00, 'Bayar Penuh', NULL, '2021-03-12', '2021-03-12', '2021-08-09', 'Dibatalkan', 774, 75, 0.00, 0),
(775, '2021-03-23', 350000.00, 'Bayar Penuh', NULL, '2021-03-26', '2021-03-26', '2021-04-25', 'Dibatalkan', 775, 35, 0.00, 0),
(776, '2021-03-25', 350000.00, 'Bayar Penuh', NULL, '2021-03-28', '2021-03-27', '2021-08-24', 'Dibatalkan', 776, 14, 0.00, 0),
(777, '2021-03-15', 350000.00, 'Bayar Penuh', NULL, '2021-03-18', '2021-03-16', '2021-06-14', 'Dibatalkan', 777, 84, 0.00, 0),
(778, '2021-03-23', 300000.00, 'Bayar Penuh', NULL, '2021-03-26', '2021-03-26', '2021-08-23', 'Dibatalkan', 778, 31, 0.00, 0),
(779, '2021-03-24', 350000.00, 'Bayar Penuh', NULL, '2021-03-27', '2021-03-26', '2021-08-23', 'Dibatalkan', 779, 78, 0.00, 0),
(780, '2021-03-18', 375000.00, 'Bayar Penuh', NULL, '2021-03-21', '2021-03-19', '2021-06-17', 'Dibatalkan', 780, 86, 0.00, 0),
(781, '2021-03-07', 350000.00, 'Bayar Penuh', NULL, '2021-03-10', '2021-03-09', '2021-04-08', 'Dibatalkan', 781, 98, 0.00, 0),
(782, '2021-04-02', 375000.00, 'Bayar Penuh', NULL, '2021-04-05', '2021-04-03', '2021-05-03', 'Dibatalkan', 782, 60, 0.00, 0),
(783, '2021-03-31', 350000.00, 'Bayar Penuh', NULL, '2021-04-03', '2021-04-01', '2021-05-01', 'Dibatalkan', 783, 96, 0.00, 0),
(784, '2021-04-25', 350000.00, 'Bayar Penuh', NULL, '2021-04-28', '2021-04-27', '2021-05-27', 'Dibatalkan', 784, 63, 0.00, 0),
(785, '2021-04-24', 350000.00, 'Bayar Penuh', NULL, '2021-04-27', '2021-04-25', '2021-09-22', 'Dibatalkan', 785, 92, 0.00, 0),
(786, '2021-04-05', 375000.00, 'Bayar Penuh', NULL, '2021-04-08', '2021-04-07', '2021-09-04', 'Dibatalkan', 786, 40, 0.00, 0),
(787, '2021-04-18', 350000.00, 'Bayar Penuh', NULL, '2021-04-21', '2021-04-19', '2021-09-16', 'Dibatalkan', 787, 105, 0.00, 0),
(788, '2021-04-15', 350000.00, 'Bayar Penuh', NULL, '2021-04-18', '2021-04-16', '2021-07-15', 'Dibatalkan', 788, 25, 0.00, 0),
(789, '2021-04-19', 300000.00, 'Bayar Penuh', NULL, '2021-04-22', '2021-04-20', '2021-07-19', 'Dibatalkan', 789, 49, 0.00, 0),
(790, '2021-04-25', 300000.00, 'Bayar Penuh', NULL, '2021-04-28', '2021-04-27', '2021-09-24', 'Dibatalkan', 790, 93, 0.00, 0),
(791, '2021-04-14', 300000.00, 'Bayar Penuh', NULL, '2021-04-17', '2021-04-16', '2021-09-13', 'Dibatalkan', 791, 76, 0.00, 0),
(792, '2021-04-20', 300000.00, 'Bayar Penuh', NULL, '2021-04-23', '2021-04-21', '2021-07-20', 'Dibatalkan', 792, 50, 0.00, 0),
(793, '2021-04-08', 350000.00, 'Bayar Penuh', NULL, '2021-04-11', '2021-04-09', '2021-07-08', 'Dibatalkan', 793, 1, 0.00, 0),
(794, '2021-04-05', 300000.00, 'Bayar Penuh', NULL, '2021-04-08', '2021-04-07', '2021-09-04', 'Dibatalkan', 794, 11, 0.00, 0),
(795, '2021-04-26', 300000.00, 'Bayar Penuh', NULL, '2021-04-29', '2021-04-27', '2021-05-27', 'Dibatalkan', 795, 79, 0.00, 0),
(796, '2021-04-02', 375000.00, 'Bayar Penuh', NULL, '2021-04-05', '2021-04-03', '2021-07-02', 'Dibatalkan', 796, 23, 0.00, 0),
(797, '2021-03-31', 350000.00, 'Bayar Penuh', NULL, '2021-04-03', '2021-04-03', '2021-05-03', 'Dibatalkan', 797, 95, 0.00, 0);
INSERT INTO `pemesanan` (`id_pemesanan`, `pemesanan_kamar`, `uang_muka`, `status_uang_muka`, `bukti_transfer`, `tenggat_uang_muka`, `mulai_menempati_kos`, `batas_menempati_kos`, `status`, `id_penyewa`, `idKamar`, `sisa_pembayaran`, `is_hidden`) VALUES
(798, '2021-04-08', 350000.00, 'Bayar Penuh', NULL, '2021-04-11', '2021-04-11', '2021-05-11', 'Dibatalkan', 798, 30, 0.00, 0),
(799, '2021-04-17', 300000.00, 'Bayar Penuh', NULL, '2021-04-20', '2021-04-20', '2021-05-20', 'Dibatalkan', 799, 59, 0.00, 0),
(800, '2021-04-20', 350000.00, 'Bayar Penuh', NULL, '2021-04-23', '2021-04-21', '2021-05-21', 'Dibatalkan', 800, 73, 0.00, 0),
(801, '2021-04-24', 375000.00, 'Bayar Penuh', NULL, '2021-04-27', '2021-04-26', '2021-05-26', 'Dibatalkan', 801, 26, 0.00, 0),
(802, '2021-04-13', 350000.00, 'Bayar Penuh', NULL, '2021-04-16', '2021-04-15', '2021-05-15', 'Dibatalkan', 802, 42, 0.00, 0),
(803, '2021-04-11', 300000.00, 'Bayar Penuh', NULL, '2021-04-14', '2021-04-13', '2021-05-13', 'Dibatalkan', 803, 8, 0.00, 0),
(804, '2021-04-10', 375000.00, 'Bayar Penuh', NULL, '2021-04-13', '2021-04-13', '2021-05-13', 'Dibatalkan', 804, 22, 0.00, 0),
(805, '2021-04-25', 300000.00, 'Bayar Penuh', NULL, '2021-04-28', '2021-04-26', '2021-07-25', 'Dibatalkan', 805, 102, 0.00, 0),
(806, '2021-04-16', 375000.00, 'Bayar Penuh', NULL, '2021-04-19', '2021-04-17', '2021-07-16', 'Dibatalkan', 806, 85, 0.00, 0),
(807, '2021-04-06', 375000.00, 'Bayar Penuh', NULL, '2021-04-09', '2021-04-08', '2021-09-05', 'Dibatalkan', 807, 17, 0.00, 0),
(808, '2021-04-02', 300000.00, 'Bayar Penuh', NULL, '2021-04-05', '2021-04-05', '2021-05-05', 'Dibatalkan', 808, 97, 0.00, 0),
(809, '2021-03-31', 300000.00, 'Bayar Penuh', NULL, '2021-04-03', '2021-04-01', '2021-08-29', 'Dibatalkan', 809, 47, 0.00, 0),
(810, '2021-04-16', 300000.00, 'Bayar Penuh', NULL, '2021-04-19', '2021-04-18', '2021-07-17', 'Dibatalkan', 810, 91, 0.00, 0),
(811, '2021-04-03', 300000.00, 'Bayar Penuh', NULL, '2021-04-06', '2021-04-04', '2021-05-04', 'Dibatalkan', 811, 18, 0.00, 0),
(812, '2021-05-18', 350000.00, 'Bayar Penuh', NULL, '2021-05-21', '2021-05-21', '2021-06-20', 'Dibatalkan', 812, 24, 0.00, 0),
(813, '2021-05-18', 375000.00, 'Bayar Penuh', NULL, '2021-05-21', '2021-05-19', '2021-10-16', 'Dibatalkan', 813, 15, 0.00, 0),
(814, '2021-05-19', 300000.00, 'Bayar Penuh', NULL, '2021-05-22', '2021-05-21', '2021-08-19', 'Dibatalkan', 814, 89, 0.00, 0),
(815, '2021-05-07', 300000.00, 'Bayar Penuh', NULL, '2021-05-10', '2021-05-09', '2021-06-08', 'Dibatalkan', 815, 54, 0.00, 0),
(816, '2021-05-01', 300000.00, 'Bayar Penuh', NULL, '2021-05-04', '2021-05-02', '2021-09-29', 'Dibatalkan', 816, 81, 0.00, 0),
(817, '2021-06-07', 300000.00, 'Bayar Penuh', NULL, '2021-06-10', '2021-06-10', '2021-07-10', 'Dibatalkan', 817, 66, 0.00, 0),
(818, '2021-06-12', 375000.00, 'Bayar Penuh', NULL, '2021-06-15', '2021-06-14', '2021-07-14', 'Dibatalkan', 818, 55, 0.00, 0),
(819, '2021-06-14', 350000.00, 'Bayar Penuh', NULL, '2021-06-17', '2021-06-16', '2021-09-14', 'Dibatalkan', 819, 30, 0.00, 0),
(820, '2021-06-09', 350000.00, 'Bayar Penuh', NULL, '2021-06-12', '2021-06-10', '2021-09-08', 'Dibatalkan', 820, 21, 0.00, 0),
(821, '2021-06-13', 300000.00, 'Bayar Penuh', NULL, '2021-06-16', '2021-06-15', '2021-09-13', 'Dibatalkan', 821, 43, 0.00, 0),
(822, '2021-06-02', 300000.00, 'Bayar Penuh', NULL, '2021-06-05', '2021-06-05', '2021-11-02', 'Dibatalkan', 822, 48, 0.00, 0),
(823, '2021-06-16', 300000.00, 'Bayar Penuh', NULL, '2021-06-19', '2021-06-17', '2021-09-15', 'Dibatalkan', 823, 70, 0.00, 0),
(824, '2021-06-10', 375000.00, 'Bayar Penuh', NULL, '2021-06-13', '2021-06-11', '2021-07-11', 'Dibatalkan', 824, 72, 0.00, 0),
(825, '2021-06-08', 300000.00, 'Bayar Penuh', NULL, '2021-06-11', '2021-06-09', '2021-11-06', 'Dibatalkan', 825, 73, 0.00, 0),
(826, '2021-06-23', 375000.00, 'Bayar Penuh', NULL, '2021-06-26', '2021-06-24', '2021-09-22', 'Dibatalkan', 826, 98, 0.00, 0),
(827, '2021-06-09', 350000.00, 'Bayar Penuh', NULL, '2021-06-12', '2021-06-12', '2021-11-09', 'Dibatalkan', 827, 22, 0.00, 0),
(828, '2021-06-22', 350000.00, 'Bayar Penuh', NULL, '2021-06-25', '2021-06-25', '2021-11-22', 'Dibatalkan', 828, 54, 0.00, 0),
(829, '2021-06-24', 350000.00, 'Bayar Penuh', NULL, '2021-06-27', '2021-06-26', '2021-11-23', 'Dibatalkan', 829, 6, 0.00, 0),
(830, '2021-06-03', 350000.00, 'Bayar Penuh', NULL, '2021-06-06', '2021-06-05', '2021-07-05', 'Dibatalkan', 830, 26, 0.00, 0),
(831, '2021-06-21', 375000.00, 'Bayar Penuh', NULL, '2021-06-24', '2021-06-24', '2021-11-21', 'Dibatalkan', 831, 58, 0.00, 0),
(832, '2021-06-17', 350000.00, 'Bayar Penuh', NULL, '2021-06-20', '2021-06-18', '2021-11-15', 'Dibatalkan', 832, 32, 0.00, 0),
(833, '2021-06-08', 300000.00, 'Bayar Penuh', NULL, '2021-06-11', '2021-06-09', '2021-09-07', 'Dibatalkan', 833, 45, 0.00, 0),
(834, '2021-06-11', 300000.00, 'Bayar Penuh', NULL, '2021-06-14', '2021-06-14', '2021-07-14', 'Dibatalkan', 834, 60, 0.00, 0),
(835, '2021-06-14', 350000.00, 'Bayar Penuh', NULL, '2021-06-17', '2021-06-15', '2021-11-12', 'Dibatalkan', 835, 3, 0.00, 0),
(836, '2021-06-07', 375000.00, 'Bayar Penuh', NULL, '2021-06-10', '2021-06-09', '2021-11-06', 'Dibatalkan', 836, 37, 0.00, 0),
(837, '2021-06-02', 350000.00, 'Bayar Penuh', NULL, '2021-06-05', '2021-06-05', '2021-07-05', 'Dibatalkan', 837, 90, 0.00, 0),
(838, '2021-07-18', 300000.00, 'Bayar Penuh', NULL, '2021-07-21', '2021-07-21', '2021-08-20', 'Dibatalkan', 838, 86, 0.00, 0),
(839, '2021-07-06', 375000.00, 'Bayar Penuh', NULL, '2021-07-09', '2021-07-07', '2021-12-04', 'Dibatalkan', 839, 83, 0.00, 0),
(840, '2021-07-14', 300000.00, 'Bayar Penuh', NULL, '2021-07-17', '2021-07-15', '2021-12-12', 'Dibatalkan', 840, 66, 0.00, 0),
(841, '2021-07-16', 300000.00, 'Bayar Penuh', NULL, '2021-07-19', '2021-07-17', '2021-12-14', 'Dibatalkan', 841, 82, 0.00, 0),
(842, '2021-07-21', 300000.00, 'Bayar Penuh', NULL, '2021-07-24', '2021-07-22', '2021-10-20', 'Dibatalkan', 842, 74, 0.00, 0),
(843, '2021-07-15', 375000.00, 'Bayar Penuh', NULL, '2021-07-18', '2021-07-18', '2021-12-15', 'Dibatalkan', 843, 29, 0.00, 0),
(844, '2021-07-18', 375000.00, 'Bayar Penuh', NULL, '2021-07-21', '2021-07-20', '2021-10-18', 'Dibatalkan', 844, 88, 0.00, 0),
(845, '2021-07-08', 375000.00, 'Bayar Penuh', NULL, '2021-07-11', '2021-07-10', '2021-08-09', 'Dibatalkan', 845, 79, 0.00, 0),
(846, '2021-07-29', 300000.00, 'Bayar Penuh', NULL, '2021-08-01', '2021-08-01', '2021-12-29', 'Dibatalkan', 846, 16, 0.00, 0),
(847, '2021-08-12', 300000.00, 'Bayar Penuh', NULL, '2021-08-15', '2021-08-14', '2022-01-11', 'Dibatalkan', 847, 90, 0.00, 0),
(848, '2021-08-17', 300000.00, 'Bayar Penuh', NULL, '2021-08-20', '2021-08-19', '2022-01-16', 'Dibatalkan', 848, 33, 0.00, 0),
(849, '2021-07-30', 350000.00, 'Bayar Penuh', NULL, '2021-08-02', '2021-08-01', '2021-08-31', 'Dibatalkan', 849, 67, 0.00, 0),
(850, '2021-08-11', 300000.00, 'Bayar Penuh', NULL, '2021-08-14', '2021-08-12', '2021-09-11', 'Dibatalkan', 850, 103, 0.00, 0),
(851, '2021-08-01', 350000.00, 'Bayar Penuh', NULL, '2021-08-04', '2021-08-02', '2021-12-30', 'Dibatalkan', 851, 13, 0.00, 0),
(852, '2021-08-06', 375000.00, 'Bayar Penuh', NULL, '2021-08-09', '2021-08-07', '2021-11-05', 'Dibatalkan', 852, 64, 0.00, 0),
(853, '2021-08-19', 375000.00, 'Bayar Penuh', NULL, '2021-08-22', '2021-08-22', '2021-11-20', 'Dibatalkan', 853, 41, 0.00, 0),
(854, '2021-08-10', 300000.00, 'Bayar Penuh', NULL, '2021-08-13', '2021-08-12', '2021-11-10', 'Dibatalkan', 854, 52, 0.00, 0),
(855, '2021-08-21', 350000.00, 'Bayar Penuh', NULL, '2021-08-24', '2021-08-22', '2021-09-21', 'Dibatalkan', 855, 60, 0.00, 0),
(856, '2021-07-29', 300000.00, 'Bayar Penuh', NULL, '2021-08-01', '2021-08-01', '2021-10-30', 'Dibatalkan', 856, 39, 0.00, 0),
(857, '2021-08-22', 350000.00, 'Bayar Penuh', NULL, '2021-08-25', '2021-08-24', '2021-11-22', 'Dibatalkan', 857, 96, 0.00, 0),
(858, '2021-08-04', 300000.00, 'Bayar Penuh', NULL, '2021-08-07', '2021-08-07', '2022-01-04', 'Dibatalkan', 858, 4, 0.00, 0),
(859, '2021-07-29', 375000.00, 'Bayar Penuh', NULL, '2021-08-01', '2021-08-01', '2021-12-29', 'Dibatalkan', 859, 91, 0.00, 0),
(860, '2021-08-09', 300000.00, 'Bayar Penuh', NULL, '2021-08-12', '2021-08-12', '2022-01-09', 'Dibatalkan', 860, 80, 0.00, 0),
(861, '2021-08-30', 300000.00, 'Bayar Penuh', NULL, '2021-09-02', '2021-09-02', '2021-10-02', 'Dibatalkan', 861, 104, 0.00, 0),
(862, '2021-09-18', 375000.00, 'Bayar Penuh', NULL, '2021-09-21', '2021-09-21', '2021-10-21', 'Dibatalkan', 862, 59, 0.00, 0),
(863, '2021-09-01', 375000.00, 'Bayar Penuh', NULL, '2021-09-04', '2021-09-04', '2022-02-01', 'Dibatalkan', 863, 31, 0.00, 0),
(864, '2021-09-23', 375000.00, 'Bayar Penuh', NULL, '2021-09-26', '2021-09-24', '2022-02-21', 'Dibatalkan', 864, 26, 0.00, 0),
(865, '2021-09-17', 300000.00, 'Bayar Penuh', NULL, '2021-09-20', '2021-09-19', '2021-12-18', 'Dibatalkan', 865, 101, 0.00, 0),
(866, '2021-09-17', 300000.00, 'Bayar Penuh', NULL, '2021-09-20', '2021-09-20', '2022-02-17', 'Dibatalkan', 866, 5, 0.00, 0),
(867, '2021-09-05', 350000.00, 'Bayar Penuh', NULL, '2021-09-08', '2021-09-08', '2021-12-07', 'Dibatalkan', 867, 46, 0.00, 0),
(868, '2021-09-22', 350000.00, 'Bayar Penuh', NULL, '2021-09-25', '2021-09-25', '2021-12-24', 'Dibatalkan', 868, 103, 0.00, 0),
(869, '2021-10-12', 375000.00, 'Bayar Penuh', NULL, '2021-10-15', '2021-10-15', '2022-01-13', 'Dibatalkan', 869, 76, 0.00, 0),
(870, '2021-10-22', 350000.00, 'Bayar Penuh', NULL, '2021-10-25', '2021-10-24', '2022-01-22', 'Dibatalkan', 870, 86, 0.00, 0),
(871, '2021-10-13', 350000.00, 'Bayar Penuh', NULL, '2021-10-16', '2021-10-16', '2022-01-14', 'Dibatalkan', 871, 65, 0.00, 0),
(872, '2021-10-04', 350000.00, 'Bayar Penuh', NULL, '2021-10-07', '2021-10-07', '2022-01-05', 'Dibatalkan', 872, 69, 0.00, 0),
(873, '2021-10-18', 300000.00, 'Bayar Penuh', NULL, '2021-10-21', '2021-10-20', '2021-11-19', 'Dibatalkan', 873, 1, 0.00, 0),
(874, '2021-10-22', 350000.00, 'Bayar Penuh', NULL, '2021-10-25', '2021-10-25', '2022-03-24', 'Dibatalkan', 874, 38, 0.00, 0),
(875, '2021-10-06', 300000.00, 'Bayar Penuh', NULL, '2021-10-09', '2021-10-07', '2022-03-06', 'Dibatalkan', 875, 11, 0.00, 0),
(876, '2021-10-17', 375000.00, 'Bayar Penuh', NULL, '2021-10-20', '2021-10-18', '2022-03-17', 'Dibatalkan', 876, 55, 0.00, 0),
(877, '2021-10-22', 300000.00, 'Bayar Penuh', NULL, '2021-10-25', '2021-10-25', '2022-01-23', 'Dibatalkan', 877, 75, 0.00, 0),
(878, '2021-10-11', 350000.00, 'Bayar Penuh', NULL, '2021-10-14', '2021-10-14', '2021-11-13', 'Dibatalkan', 878, 36, 0.00, 0),
(879, '2021-10-17', 375000.00, 'Bayar Penuh', NULL, '2021-10-20', '2021-10-18', '2022-01-16', 'Dibatalkan', 879, 68, 0.00, 0),
(880, '2021-10-10', 300000.00, 'Bayar Penuh', NULL, '2021-10-13', '2021-10-11', '2022-01-09', 'Dibatalkan', 880, 79, 0.00, 0),
(881, '2021-10-13', 350000.00, 'Bayar Penuh', NULL, '2021-10-16', '2021-10-14', '2022-01-12', 'Dibatalkan', 881, 98, 0.00, 0),
(882, '2021-10-12', 300000.00, 'Bayar Penuh', NULL, '2021-10-15', '2021-10-15', '2021-11-14', 'Dibatalkan', 882, 25, 0.00, 0),
(883, '2021-10-07', 350000.00, 'Bayar Penuh', NULL, '2021-10-10', '2021-10-10', '2022-01-08', 'Dibatalkan', 883, 72, 0.00, 0),
(884, '2021-10-13', 375000.00, 'Bayar Penuh', NULL, '2021-10-16', '2021-10-14', '2022-01-12', 'Dibatalkan', 884, 60, 0.00, 0),
(885, '2021-10-23', 300000.00, 'Bayar Penuh', NULL, '2021-10-26', '2021-10-25', '2022-01-23', 'Dibatalkan', 885, 12, 0.00, 0),
(886, '2021-10-09', 300000.00, 'Bayar Penuh', NULL, '2021-10-12', '2021-10-10', '2022-01-08', 'Dibatalkan', 886, 19, 0.00, 0),
(887, '2021-10-01', 300000.00, 'Bayar Penuh', NULL, '2021-10-04', '2021-10-03', '2022-03-02', 'Dibatalkan', 887, 27, 0.00, 0),
(888, '2021-10-20', 375000.00, 'Bayar Penuh', NULL, '2021-10-23', '2021-10-23', '2022-03-22', 'Dibatalkan', 888, 104, 0.00, 0),
(889, '2021-10-01', 300000.00, 'Bayar Penuh', NULL, '2021-10-04', '2021-10-02', '2021-11-01', 'Dibatalkan', 889, 53, 0.00, 0),
(890, '2021-10-05', 350000.00, 'Bayar Penuh', NULL, '2021-10-08', '2021-10-06', '2022-01-04', 'Dibatalkan', 890, 78, 0.00, 0),
(891, '2021-10-22', 300000.00, 'Bayar Penuh', NULL, '2021-10-25', '2021-10-23', '2021-11-22', 'Dibatalkan', 891, 95, 0.00, 0),
(892, '2021-10-02', 300000.00, 'Bayar Penuh', NULL, '2021-10-05', '2021-10-04', '2022-01-02', 'Dibatalkan', 892, 61, 0.00, 0),
(893, '2021-10-09', 350000.00, 'Bayar Penuh', NULL, '2021-10-12', '2021-10-12', '2022-01-10', 'Dibatalkan', 893, 67, 0.00, 0),
(894, '2021-10-19', 300000.00, 'Bayar Penuh', NULL, '2021-10-22', '2021-10-22', '2021-11-21', 'Dibatalkan', 894, 42, 0.00, 0),
(895, '2021-10-13', 300000.00, 'Bayar Penuh', NULL, '2021-10-16', '2021-10-15', '2021-11-14', 'Dibatalkan', 895, 77, 0.00, 0),
(896, '2021-10-04', 350000.00, 'Bayar Penuh', NULL, '2021-10-07', '2021-10-07', '2021-11-06', 'Dibatalkan', 896, 7, 0.00, 0),
(897, '2021-10-26', 350000.00, 'Bayar Penuh', NULL, '2021-10-29', '2021-10-27', '2022-03-26', 'Dibatalkan', 897, 62, 0.00, 0),
(898, '2021-10-24', 350000.00, 'Bayar Penuh', NULL, '2021-10-27', '2021-10-25', '2022-01-23', 'Dibatalkan', 898, 74, 0.00, 0),
(899, '2021-11-08', 350000.00, 'Bayar Penuh', NULL, '2021-11-11', '2021-11-11', '2022-04-10', 'Dibatalkan', 899, 23, 0.00, 0),
(900, '2021-11-19', 375000.00, 'Bayar Penuh', NULL, '2021-11-22', '2021-11-22', '2022-02-20', 'Dibatalkan', 900, 10, 0.00, 0),
(901, '2021-11-19', 375000.00, 'Bayar Penuh', NULL, '2021-11-22', '2021-11-22', '2021-12-22', 'Dibatalkan', 901, 14, 0.00, 0),
(902, '2021-11-11', 300000.00, 'Bayar Penuh', NULL, '2021-11-14', '2021-11-12', '2022-04-11', 'Dibatalkan', 902, 71, 0.00, 0),
(903, '2021-11-15', 300000.00, 'Bayar Penuh', NULL, '2021-11-18', '2021-11-18', '2021-12-18', 'Dibatalkan', 903, 47, 0.00, 0),
(904, '2021-11-14', 300000.00, 'Bayar Penuh', NULL, '2021-11-17', '2021-11-15', '2022-04-14', 'Dibatalkan', 904, 94, 0.00, 0),
(905, '2021-11-02', 300000.00, 'Bayar Penuh', NULL, '2021-11-05', '2021-11-03', '2022-04-02', 'Dibatalkan', 905, 28, 0.00, 0),
(906, '2021-11-02', 375000.00, 'Bayar Penuh', NULL, '2021-11-05', '2021-11-04', '2022-02-02', 'Dibatalkan', 906, 51, 0.00, 0),
(907, '2021-11-01', 375000.00, 'Bayar Penuh', NULL, '2021-11-04', '2021-11-03', '2022-02-01', 'Dibatalkan', 907, 43, 0.00, 0),
(908, '2021-11-25', 350000.00, 'Bayar Penuh', NULL, '2021-11-28', '2021-11-26', '2021-12-26', 'Dibatalkan', 908, 20, 0.00, 0),
(909, '2021-11-13', 350000.00, 'Bayar Penuh', NULL, '2021-11-16', '2021-11-14', '2022-02-12', 'Dibatalkan', 909, 30, 0.00, 0),
(910, '2021-11-05', 375000.00, 'Bayar Penuh', NULL, '2021-11-08', '2021-11-06', '2022-02-04', 'Dibatalkan', 910, 89, 0.00, 0),
(911, '2021-11-17', 350000.00, 'Bayar Penuh', NULL, '2021-11-20', '2021-11-20', '2022-04-19', 'Dibatalkan', 911, 37, 0.00, 0),
(912, '2021-11-10', 300000.00, 'Bayar Penuh', NULL, '2021-11-13', '2021-11-11', '2022-04-10', 'Dibatalkan', 912, 2, 0.00, 0),
(913, '2021-11-10', 300000.00, 'Bayar Penuh', NULL, '2021-11-13', '2021-11-11', '2022-02-09', 'Dibatalkan', 913, 22, 0.00, 0),
(914, '2021-11-29', 300000.00, 'Bayar Penuh', NULL, '2021-12-02', '2021-12-01', '2022-04-30', 'Dibatalkan', 914, 9, 0.00, 0),
(915, '2021-12-19', 350000.00, 'Bayar Penuh', NULL, '2021-12-22', '2021-12-22', '2022-05-21', 'Dibatalkan', 915, 47, 0.00, 0),
(916, '2021-12-07', 350000.00, 'Bayar Penuh', NULL, '2021-12-10', '2021-12-08', '2022-01-07', 'Dibatalkan', 916, 70, 0.00, 0),
(917, '2021-12-24', 375000.00, 'Bayar Penuh', NULL, '2021-12-27', '2021-12-26', '2022-05-25', 'Dibatalkan', 917, 77, 0.00, 0),
(918, '2021-12-06', 375000.00, 'Bayar Penuh', NULL, '2021-12-09', '2021-12-09', '2022-01-08', 'Dibatalkan', 918, 81, 0.00, 0),
(919, '2021-11-29', 300000.00, 'Bayar Penuh', NULL, '2021-12-02', '2021-12-02', '2022-03-02', 'Dibatalkan', 919, 17, 0.00, 0),
(920, '2021-12-19', 375000.00, 'Bayar Penuh', NULL, '2021-12-22', '2021-12-22', '2022-03-22', 'Dibatalkan', 920, 96, 0.00, 0),
(921, '2021-12-12', 375000.00, 'Bayar Penuh', NULL, '2021-12-15', '2021-12-13', '2022-01-12', 'Dibatalkan', 921, 52, 0.00, 0),
(922, '2021-12-11', 350000.00, 'Bayar Penuh', NULL, '2021-12-14', '2021-12-13', '2022-01-12', 'Dibatalkan', 922, 15, 0.00, 0),
(923, '2021-12-06', 350000.00, 'Bayar Penuh', NULL, '2021-12-09', '2021-12-09', '2022-05-08', 'Dibatalkan', 923, 35, 0.00, 0),
(924, '2021-12-05', 350000.00, 'Bayar Penuh', NULL, '2021-12-08', '2021-12-08', '2022-01-07', 'Dibatalkan', 924, 99, 0.00, 0),
(925, '2021-12-26', 350000.00, 'Bayar Penuh', NULL, '2021-12-29', '2021-12-27', '2022-03-27', 'Dibatalkan', 925, 25, 0.00, 0),
(926, '2021-12-05', 300000.00, 'Bayar Penuh', NULL, '2021-12-08', '2021-12-06', '2022-03-06', 'Dibatalkan', 926, 24, 0.00, 0),
(927, '2021-12-04', 375000.00, 'Bayar Penuh', NULL, '2021-12-07', '2021-12-07', '2022-03-07', 'Dibatalkan', 927, 32, 0.00, 0),
(928, '2021-12-09', 350000.00, 'Bayar Penuh', NULL, '2021-12-12', '2021-12-10', '2022-01-09', 'Dibatalkan', 928, 92, 0.00, 0),
(929, '2021-12-26', 300000.00, 'Bayar Penuh', NULL, '2021-12-29', '2021-12-27', '2022-01-26', 'Dibatalkan', 929, 7, 0.00, 0),
(930, '2021-12-06', 350000.00, 'Bayar Penuh', NULL, '2021-12-09', '2021-12-07', '2022-01-06', 'Dibatalkan', 930, 36, 0.00, 0),
(931, '2021-11-29', 300000.00, 'Bayar Penuh', NULL, '2021-12-02', '2021-12-01', '2022-04-30', 'Dibatalkan', 931, 73, 0.00, 0),
(932, '2021-12-10', 300000.00, 'Bayar Penuh', NULL, '2021-12-13', '2021-12-12', '2022-03-12', 'Dibatalkan', 932, 34, 0.00, 0),
(933, '2021-12-22', 375000.00, 'Bayar Penuh', NULL, '2021-12-25', '2021-12-25', '2022-01-24', 'Dibatalkan', 933, 3, 0.00, 0),
(934, '2021-12-06', 350000.00, 'Bayar Penuh', NULL, '2021-12-09', '2021-12-09', '2022-03-09', 'Dibatalkan', 934, 41, 0.00, 0),
(935, '2019-12-30', 350000.00, 'Bayar Penuh', NULL, '2020-01-02', '2020-01-02', '2020-05-31', 'Dibatalkan', 935, 90, 0.00, 0),
(936, '2020-01-26', 300000.00, 'Bayar Penuh', NULL, '2020-01-29', '2020-01-27', '2020-02-26', 'Dibatalkan', 936, 5, 0.00, 0),
(937, '2020-01-08', 375000.00, 'Bayar Penuh', NULL, '2020-01-11', '2020-01-10', '2020-04-09', 'Dibatalkan', 937, 26, 0.00, 0),
(938, '2020-01-15', 375000.00, 'Bayar Penuh', NULL, '2020-01-18', '2020-01-16', '2020-04-15', 'Dibatalkan', 938, 16, 0.00, 0),
(939, '2020-01-11', 350000.00, 'Bayar Penuh', NULL, '2020-01-14', '2020-01-12', '2020-02-11', 'Dibatalkan', 939, 96, 0.00, 0),
(940, '2020-01-10', 350000.00, 'Bayar Penuh', NULL, '2020-01-13', '2020-01-13', '2020-06-11', 'Dibatalkan', 940, 30, 0.00, 0),
(941, '2020-01-10', 350000.00, 'Bayar Penuh', NULL, '2020-01-13', '2020-01-11', '2020-02-10', 'Dibatalkan', 941, 64, 0.00, 0),
(942, '2020-01-07', 375000.00, 'Bayar Penuh', NULL, '2020-01-10', '2020-01-10', '2020-02-09', 'Dibatalkan', 942, 43, 0.00, 0),
(943, '2020-01-09', 375000.00, 'Bayar Penuh', NULL, '2020-01-12', '2020-01-10', '2020-06-08', 'Dibatalkan', 943, 25, 0.00, 0),
(944, '2020-01-18', 375000.00, 'Bayar Penuh', NULL, '2020-01-21', '2020-01-21', '2020-02-20', 'Dibatalkan', 944, 58, 0.00, 0),
(945, '2020-01-07', 375000.00, 'Bayar Penuh', NULL, '2020-01-10', '2020-01-10', '2020-04-09', 'Dibatalkan', 945, 65, 0.00, 0),
(946, '2020-01-09', 350000.00, 'Bayar Penuh', NULL, '2020-01-12', '2020-01-11', '2020-02-10', 'Dibatalkan', 946, 82, 0.00, 0),
(947, '2020-01-07', 350000.00, 'Bayar Penuh', NULL, '2020-01-10', '2020-01-08', '2020-06-06', 'Dibatalkan', 947, 11, 0.00, 0),
(948, '2020-01-05', 350000.00, 'Bayar Penuh', NULL, '2020-01-08', '2020-01-08', '2020-04-07', 'Dibatalkan', 948, 22, 0.00, 0),
(949, '2020-01-09', 350000.00, 'Bayar Penuh', NULL, '2020-01-12', '2020-01-12', '2020-02-11', 'Dibatalkan', 949, 71, 0.00, 0),
(950, '2020-01-04', 300000.00, 'Bayar Penuh', NULL, '2020-01-07', '2020-01-05', '2020-06-03', 'Dibatalkan', 950, 52, 0.00, 0),
(951, '2020-01-08', 375000.00, 'Bayar Penuh', NULL, '2020-01-11', '2020-01-09', '2020-04-08', 'Dibatalkan', 951, 59, 0.00, 0),
(952, '2020-01-04', 300000.00, 'Bayar Penuh', NULL, '2020-01-07', '2020-01-06', '2020-02-05', 'Dibatalkan', 952, 24, 0.00, 0),
(953, '2019-12-29', 300000.00, 'Bayar Penuh', NULL, '2020-01-01', '2020-01-01', '2020-03-31', 'Dibatalkan', 953, 45, 0.00, 0),
(954, '2020-01-13', 350000.00, 'Bayar Penuh', NULL, '2020-01-16', '2020-01-15', '2020-06-13', 'Dibatalkan', 954, 44, 0.00, 0),
(955, '2020-01-04', 300000.00, 'Bayar Penuh', NULL, '2020-01-07', '2020-01-06', '2020-04-05', 'Dibatalkan', 955, 33, 0.00, 0),
(956, '2020-01-03', 350000.00, 'Bayar Penuh', NULL, '2020-01-06', '2020-01-06', '2020-02-05', 'Dibatalkan', 956, 3, 0.00, 0),
(957, '2020-01-25', 300000.00, 'Bayar Penuh', NULL, '2020-01-28', '2020-01-27', '2020-02-26', 'Dibatalkan', 957, 77, 0.00, 0),
(958, '2020-01-01', 300000.00, 'Bayar Penuh', NULL, '2020-01-04', '2020-01-03', '2020-06-01', 'Dibatalkan', 958, 93, 0.00, 0),
(959, '2020-01-16', 300000.00, 'Bayar Penuh', NULL, '2020-01-19', '2020-01-17', '2020-02-16', 'Dibatalkan', 959, 12, 0.00, 0),
(960, '2020-01-06', 375000.00, 'Bayar Penuh', NULL, '2020-01-09', '2020-01-07', '2020-04-06', 'Dibatalkan', 960, 36, 0.00, 0),
(961, '2020-01-07', 350000.00, 'Bayar Penuh', NULL, '2020-01-10', '2020-01-08', '2020-06-06', 'Dibatalkan', 961, 83, 0.00, 0),
(962, '2020-01-15', 300000.00, 'Bayar Penuh', NULL, '2020-01-18', '2020-01-16', '2020-06-14', 'Dibatalkan', 962, 14, 0.00, 0),
(963, '2020-01-11', 375000.00, 'Bayar Penuh', NULL, '2020-01-14', '2020-01-13', '2020-06-11', 'Dibatalkan', 963, 63, 0.00, 0),
(964, '2020-01-18', 375000.00, 'Bayar Penuh', NULL, '2020-01-21', '2020-01-21', '2020-06-19', 'Dibatalkan', 964, 4, 0.00, 0),
(965, '2020-02-22', 375000.00, 'Bayar Penuh', NULL, '2020-02-25', '2020-02-25', '2020-05-25', 'Dibatalkan', 965, 47, 0.00, 0),
(966, '2020-02-16', 350000.00, 'Bayar Penuh', NULL, '2020-02-19', '2020-02-18', '2020-05-18', 'Dibatalkan', 966, 70, 0.00, 0),
(967, '2020-02-17', 350000.00, 'Bayar Penuh', NULL, '2020-02-20', '2020-02-20', '2020-05-20', 'Dibatalkan', 967, 39, 0.00, 0),
(968, '2020-02-02', 300000.00, 'Bayar Penuh', NULL, '2020-02-05', '2020-02-05', '2020-03-06', 'Dibatalkan', 968, 17, 0.00, 0),
(969, '2020-02-11', 350000.00, 'Bayar Penuh', NULL, '2020-02-14', '2020-02-14', '2020-05-14', 'Dibatalkan', 969, 85, 0.00, 0),
(970, '2020-02-03', 375000.00, 'Bayar Penuh', NULL, '2020-02-06', '2020-02-05', '2020-07-04', 'Dibatalkan', 970, 76, 0.00, 0),
(971, '2020-02-03', 300000.00, 'Bayar Penuh', NULL, '2020-02-06', '2020-02-06', '2020-03-07', 'Dibatalkan', 971, 8, 0.00, 0),
(972, '2020-02-18', 375000.00, 'Bayar Penuh', NULL, '2020-02-21', '2020-02-21', '2020-07-20', 'Dibatalkan', 972, 43, 0.00, 0),
(973, '2020-02-24', 300000.00, 'Bayar Penuh', NULL, '2020-02-27', '2020-02-27', '2020-07-26', 'Dibatalkan', 973, 20, 0.00, 0),
(974, '2020-02-21', 350000.00, 'Bayar Penuh', NULL, '2020-02-24', '2020-02-23', '2020-03-24', 'Dibatalkan', 974, 53, 0.00, 0),
(975, '2020-02-01', 350000.00, 'Bayar Penuh', NULL, '2020-02-04', '2020-02-03', '2020-05-03', 'Dibatalkan', 975, 86, 0.00, 0),
(976, '2020-02-09', 350000.00, 'Bayar Penuh', NULL, '2020-02-12', '2020-02-11', '2020-07-10', 'Dibatalkan', 976, 49, 0.00, 0),
(977, '2020-02-19', 300000.00, 'Bayar Penuh', NULL, '2020-02-22', '2020-02-20', '2020-03-21', 'Dibatalkan', 977, 96, 0.00, 0),
(978, '2020-02-04', 300000.00, 'Bayar Penuh', NULL, '2020-02-07', '2020-02-07', '2020-03-08', 'Dibatalkan', 978, 50, 0.00, 0),
(979, '2020-01-31', 300000.00, 'Bayar Penuh', NULL, '2020-02-03', '2020-02-01', '2020-05-01', 'Dibatalkan', 979, 61, 0.00, 0),
(980, '2020-02-16', 375000.00, 'Bayar Penuh', NULL, '2020-02-19', '2020-02-17', '2020-03-18', 'Dibatalkan', 980, 7, 0.00, 0),
(981, '2020-02-05', 350000.00, 'Bayar Penuh', NULL, '2020-02-08', '2020-02-06', '2020-05-06', 'Dibatalkan', 981, 62, 0.00, 0),
(982, '2020-02-14', 350000.00, 'Bayar Penuh', NULL, '2020-02-17', '2020-02-15', '2020-05-15', 'Dibatalkan', 982, 99, 0.00, 0),
(983, '2020-02-15', 375000.00, 'Bayar Penuh', NULL, '2020-02-18', '2020-02-18', '2020-05-18', 'Dibatalkan', 983, 31, 0.00, 0),
(984, '2020-01-31', 375000.00, 'Bayar Penuh', NULL, '2020-02-03', '2020-02-02', '2020-05-02', 'Dibatalkan', 984, 9, 0.00, 0),
(985, '2020-02-22', 350000.00, 'Bayar Penuh', NULL, '2020-02-25', '2020-02-25', '2020-05-25', 'Dibatalkan', 985, 51, 0.00, 0),
(986, '2020-03-03', 375000.00, 'Bayar Penuh', NULL, '2020-03-06', '2020-03-06', '2020-04-05', 'Dibatalkan', 986, 92, 0.00, 0),
(987, '2020-03-14', 350000.00, 'Bayar Penuh', NULL, '2020-03-17', '2020-03-17', '2020-04-16', 'Dibatalkan', 987, 106, 0.00, 0),
(988, '2020-03-23', 350000.00, 'Bayar Penuh', NULL, '2020-03-26', '2020-03-26', '2020-08-23', 'Dibatalkan', 988, 104, 0.00, 0),
(989, '2020-03-24', 375000.00, 'Bayar Penuh', NULL, '2020-03-27', '2020-03-25', '2020-04-24', 'Dibatalkan', 989, 8, 0.00, 0),
(990, '2020-03-18', 300000.00, 'Bayar Penuh', NULL, '2020-03-21', '2020-03-20', '2020-04-19', 'Dibatalkan', 990, 27, 0.00, 0),
(991, '2020-03-08', 375000.00, 'Bayar Penuh', NULL, '2020-03-11', '2020-03-09', '2020-04-08', 'Dibatalkan', 991, 81, 0.00, 0),
(992, '2020-03-18', 350000.00, 'Bayar Penuh', NULL, '2020-03-21', '2020-03-21', '2020-04-20', 'Dibatalkan', 992, 58, 0.00, 0),
(993, '2020-03-23', 300000.00, 'Bayar Penuh', NULL, '2020-03-26', '2020-03-24', '2020-04-23', 'Dibatalkan', 993, 12, 0.00, 0),
(994, '2020-03-04', 375000.00, 'Bayar Penuh', NULL, '2020-03-07', '2020-03-06', '2020-08-03', 'Dibatalkan', 994, 102, 0.00, 0),
(995, '2020-03-17', 300000.00, 'Bayar Penuh', NULL, '2020-03-20', '2020-03-19', '2020-08-16', 'Dibatalkan', 995, 101, 0.00, 0),
(996, '2020-03-06', 375000.00, 'Bayar Penuh', NULL, '2020-03-09', '2020-03-08', '2020-08-05', 'Dibatalkan', 996, 66, 0.00, 0),
(997, '2020-03-01', 350000.00, 'Bayar Penuh', NULL, '2020-03-04', '2020-03-02', '2020-05-31', 'Dibatalkan', 997, 98, 0.00, 0),
(998, '2020-03-06', 350000.00, 'Bayar Penuh', NULL, '2020-03-09', '2020-03-09', '2020-06-07', 'Dibatalkan', 998, 72, 0.00, 0),
(999, '2020-03-19', 300000.00, 'Bayar Penuh', NULL, '2020-03-22', '2020-03-22', '2020-04-21', 'Dibatalkan', 999, 95, 0.00, 0),
(1000, '2020-03-16', 375000.00, 'Bayar Penuh', NULL, '2020-03-19', '2020-03-18', '2020-08-15', 'Dibatalkan', 1000, 94, 0.00, 0),
(1001, '2024-12-04', 109500.00, 'Bayar Penuh', 'download.jpeg', '2024-12-06', '2024-12-05', '2025-01-05', 'Dibatalkan', 5, 58, 255500.00, 0),
(1002, '2024-12-05', 715000.00, 'Bayar Penuh', 'download (1).jpeg', '2024-12-07', '2024-12-28', '2025-02-28', 'Dibatalkan', 5, 1, 0.00, 0),
(1003, '2024-12-05', 114000.00, 'Bayar Penuh', 'download (1).jpeg', '2024-12-07', '2025-01-02', '2025-02-02', 'Dibatalkan', 5, 2, 0.00, 0),
(1004, '2024-12-05', 380000.00, 'Bayar Penuh', 'kostelisa.png', '2024-12-07', '2024-12-28', '2025-01-28', 'Dibatalkan', 5, 101, 0.00, 0),
(1005, '2024-12-05', 1015000.00, 'Bayar Penuh', 'kostelisa.png', '2024-12-07', '2024-12-06', '2025-02-06', 'Dibatalkan', 5, 102, 0.00, 0),
(1006, '2024-12-05', 730000.00, 'Bayar Penuh', NULL, '2024-12-08', '2024-12-05', '2024-12-04', 'Dibatalkan', 5, 78, 0.00, 0),
(1007, '2024-12-05', 365000.00, 'Bayar Penuh', NULL, '2024-12-07', '2024-12-28', '2025-01-28', 'Dibatalkan', 5, 78, 0.00, 0),
(1008, '2024-12-05', 154500.00, 'Bayar Penuh', NULL, '2024-12-07', '2024-12-28', '2025-01-28', 'Dibatalkan', 5, 97, 360500.00, 0),
(1009, '2024-12-09', 530000.00, 'Bayar Penuh', 'Screenshot (75).png', '2024-12-11', '2024-12-10', '2025-01-10', 'Dibatalkan', 5, 51, 0.00, 0),
(1010, '2024-12-09', 214500.00, 'Bayar Penuh', 'Screenshot (35).png', '2024-12-11', '2024-12-10', '2025-02-10', 'Dibatalkan', 5, 75, 500500.00, 0),
(1011, '2024-12-09', 730000.00, 'Bayar Penuh', 'Screenshot (35).png', '2024-12-11', '2024-12-10', '2025-02-10', 'Dibatalkan', 5, 4, 0.00, 0),
(1012, '2024-12-09', 1030000.00, 'Bayar Penuh', NULL, '2024-12-11', '2024-12-10', '2025-02-10', 'Dibatalkan', 5, 62, 0.00, 0),
(1013, '2024-12-09', 214500.00, 'Bayar Penuh', NULL, '2024-12-11', '2024-12-10', '2025-02-10', 'Dibatalkan', 5, 65, 500500.00, 1),
(1014, '2024-12-09', 214500.00, 'Bayar Penuh', NULL, '2024-12-11', '2024-12-10', '2025-02-10', 'Dibatalkan', 5, 61, 500500.00, 1),
(1015, '2024-12-09', 309000.00, 'Bayar Penuh', NULL, '2024-12-11', '2024-12-11', '2025-02-11', 'Dibatalkan', 5, 72, 721000.00, 1),
(1016, '2024-12-09', 454500.00, 'Bayar Penuh', NULL, '2024-12-11', '2024-12-10', '2025-03-10', 'Dibatalkan', 5, 12, 1060500.00, 1),
(1017, '2024-12-09', 604500.00, 'Bayar Penuh', NULL, '2024-12-11', '2024-12-10', '2025-04-10', 'Dibatalkan', 1006, 12, 1410500.00, 1),
(1018, '2024-12-09', 1530000.00, 'Bayar Penuh', 'Screenshot (35).png', '2024-12-11', '2024-12-10', '2025-03-10', 'Dibatalkan', 1006, 73, 0.00, 0),
(1019, '2024-12-09', 2015000.00, 'Bayar Penuh', 'Screenshot (35).png', '2024-12-13', '2024-12-09', '2024-12-09', 'Dibatalkan', 1006, 88, 0.00, 1),
(1020, '2024-12-09', 1015000.00, 'Bayar Penuh', NULL, '2024-12-11', '2024-12-10', '2025-02-10', 'Dibatalkan', 1006, 69, 0.00, 1),
(1021, '2024-12-10', 715000.00, 'Bayar Penuh', 'Screenshot (17).png', '2024-12-11', '2024-12-10', '2025-02-11', 'Dibatalkan', 1006, 37, 600000.00, 0),
(1022, '2024-12-10', 530000.00, 'Bayar Penuh', 'Screenshot (35).png', '2024-12-12', '2024-12-11', '2025-02-12', 'Dibatalkan', 1006, 76, 0.00, 0),
(1023, '2024-12-10', 365000.00, 'Bayar Penuh', 'Screenshot (35).png', '2024-12-12', '2024-12-11', '2025-01-11', 'Dibatalkan', 1006, 49, 0.00, 0),
(1024, '2024-12-10', 365000.00, 'Bayar Penuh', 'bunga.jpg', '2024-12-12', '2024-12-28', '2025-01-28', 'Dibatalkan', 1, 63, 0.00, 0),
(1025, '2024-12-10', 365000.00, 'Bayar Penuh', NULL, '2024-12-12', '2024-12-27', '2025-01-27', 'Dibatalkan', 1, 81, 0.00, 0),
(1026, '2024-12-10', 765000.00, 'Bayar Penuh', 'bunga.jpg', '2024-12-12', '2024-12-21', '2025-02-21', 'Dibatalkan', 1, 78, 0.00, 0),
(1027, '2024-12-11', 390000.00, 'Bayar Penuh', NULL, '2024-12-13', '2024-12-28', '2025-01-28', 'Dibatalkan', 1, 3, 0.00, 0);

-- --------------------------------------------------------

--
-- Struktur dari tabel `penyewa`
--

CREATE TABLE `penyewa` (
  `idPenyewa` int NOT NULL,
  `namaPenyewa` varchar(100) NOT NULL,
  `noTelepon` varchar(15) NOT NULL,
  `email` varchar(45) NOT NULL,
  `password` varchar(255) DEFAULT NULL,
  `fotoJaminan` varchar(255) DEFAULT NULL,
  `idKamar` int DEFAULT NULL,
  `reset_token` varchar(255) DEFAULT NULL,
  `token_expiry` datetime DEFAULT NULL,
  `created_at` timestamp NULL DEFAULT CURRENT_TIMESTAMP
) ENGINE=InnoDB DEFAULT CHARSET=utf8mb3;

--
-- Dumping data untuk tabel `penyewa`
--

INSERT INTO `penyewa` (`idPenyewa`, `namaPenyewa`, `noTelepon`, `email`, `password`, `fotoJaminan`, `idKamar`, `reset_token`, `token_expiry`, `created_at`) VALUES
(1, 'KakaPatria', '085707308476', 'kakapatria22@gmail.com', '$2y$10$1Nh.at/xjhsyrNGYzLB/dO6klG94aNTe3tK27KNVvd2/8pzu17sum', NULL, NULL, NULL, NULL, '2024-11-02 09:33:50'),
(2, 'Patria', '085707308476', 'kakapatria65@gmail.com', '$2y$10$0nC0lOEsS1ceDnckEWZSKubCmsZogwzkfeJY6B/4Lesoz3xZd0Zue', NULL, NULL, NULL, NULL, '2024-11-02 09:35:59'),
(3, 'KakaPatria', '085707308476', 'kakapatria66@gmail.com', '$2y$10$H5ex03jGgsyIBo.Mcgapuu8Hldq0yVCGMM0OZzMze2tG1XlyGMUze', NULL, NULL, NULL, NULL, '2024-11-02 09:41:07'),
(4, 'Hilmi', '081217336386', 'hilmi.af05@gmail.com', '$2y$10$wyWt5NxnLZEvRuVgcydeLes26caN.q7cRqb45ibWF9gTtU82kfm9e', NULL, NULL, NULL, NULL, '2024-11-13 03:03:25'),
(5, 'Firman', '081654323754', 'firman@gmail.com', '$2y$10$sfJ4wqDfXcVNLb18V20PoOebCuFlL10q75eae3cN4WwB.Uwt1FO/i', NULL, NULL, NULL, NULL, '2024-11-16 04:57:08'),
(6, 'Putri', '8295068986', 'putri@gmail.com', 'g7L4exRn', NULL, NULL, NULL, NULL, '2024-01-20 17:00:00'),
(7, 'Fitri', '8487603488', 'fitri@gmail.com', '36dL8ztH', NULL, NULL, NULL, NULL, '2024-07-22 17:00:00'),
(8, 'Agus', '8813576448', 'agus@gmail.com', 'BM9zqB40', NULL, NULL, NULL, NULL, '2024-10-23 17:00:00'),
(9, 'Putri', '8895042832', 'putri@gmail.com', 'sR4yNtXb', NULL, NULL, NULL, NULL, '2024-08-20 17:00:00'),
(10, 'Agus', '8151730992', 'agus@gmail.com', 'BzmtYRh4', NULL, NULL, NULL, NULL, '2024-03-01 17:00:00'),
(11, 'Yuni', '8775631070', 'yuni@gmail.com', '45p75TEa', NULL, NULL, NULL, NULL, '2024-08-01 17:00:00'),
(12, 'Dian', '8935791232', 'dian@gmail.com', 'wJ9KTEeD', NULL, NULL, NULL, NULL, '2024-11-20 17:00:00'),
(13, 'Dian', '8184482335', 'dian@gmail.com', 'lkjLdlNJ', NULL, NULL, NULL, NULL, '2024-10-24 17:00:00'),
(14, 'Hendra', '8384361582', 'hendra@gmail.com', 'c4R68DuW', NULL, NULL, NULL, NULL, '2024-08-02 17:00:00'),
(15, 'Siti', '8505854382', 'siti@gmail.com', 'zIeye2nm', NULL, NULL, NULL, NULL, '2024-08-18 17:00:00'),
(16, 'Tono', '8708980667', 'tono@gmail.com', 'sBl4235d', NULL, NULL, NULL, NULL, '2024-11-11 17:00:00'),
(17, 'Fitri', '8165937965', 'fitri@gmail.com', 'a3CmIgDw', NULL, NULL, NULL, NULL, '2024-11-18 17:00:00'),
(18, 'Budi', '8925393053', 'budi@gmail.com', 'DSRw8jak', NULL, NULL, NULL, NULL, '2024-10-04 17:00:00'),
(19, 'Tono', '8686840263', 'tono@gmail.com', 'EuvIuaXP', NULL, NULL, NULL, NULL, '2024-05-17 17:00:00'),
(20, 'Tono', '8121282683', 'tono@gmail.com', 'O1hrA7OB', NULL, NULL, NULL, NULL, '2024-03-08 17:00:00'),
(21, 'Rini', '8424168590', 'rini@gmail.com', 'uHyuubsa', NULL, NULL, NULL, NULL, '2024-12-21 17:00:00'),
(22, 'Adi', '8910050876', 'adi@gmail.com', 'vu9ldILZ', NULL, NULL, NULL, NULL, '2024-12-07 17:00:00'),
(23, 'Lina', '8608930377', 'lina@gmail.com', 'GKgTwG9G', NULL, NULL, NULL, NULL, '2024-05-04 17:00:00'),
(24, 'Yuni', '8102644076', 'yuni@gmail.com', 'H8HQL0Ee', NULL, NULL, NULL, NULL, '2024-04-18 17:00:00'),
(25, 'Hendra', '8480669211', 'hendra@gmail.com', 'sbuyTn4v', NULL, NULL, NULL, NULL, '2024-11-14 17:00:00'),
(26, 'Siti', '8850042168', 'siti@gmail.com', 'wDpaYIBJ', NULL, NULL, NULL, NULL, '2024-05-24 17:00:00'),
(27, 'Adi', '8420177840', 'adi@gmail.com', '3qSyXRPX', NULL, NULL, NULL, NULL, '2024-06-26 17:00:00'),
(28, 'Dian', '8125676679', 'dian@gmail.com', 'pr0XpUrb', NULL, NULL, NULL, NULL, '2024-09-15 17:00:00'),
(29, 'Bayu', '8208973119', 'bayu@gmail.com', 'XEKHyBmZ', NULL, NULL, NULL, NULL, '2024-02-08 17:00:00'),
(30, 'Hendra', '8604240366', 'hendra@gmail.com', 'KSzz1RyI', NULL, NULL, NULL, NULL, '2024-06-24 17:00:00'),
(31, 'Joko', '8770935798', 'joko@gmail.com', 'WZhBVE1S', NULL, NULL, NULL, NULL, '2024-04-02 17:00:00'),
(32, 'Agus', '8877848851', 'agus@gmail.com', 'QRBt4sdu', NULL, NULL, NULL, NULL, '2024-10-06 17:00:00'),
(33, 'Agus', '8176457679', 'agus@gmail.com', 'qn8G57jQ', NULL, NULL, NULL, NULL, '2024-12-07 17:00:00'),
(34, 'Adi', '8348423173', 'adi@gmail.com', 'MPYICQ3Y', NULL, NULL, NULL, NULL, '2024-02-08 17:00:00'),
(35, 'Yuni', '8120860698', 'yuni@gmail.com', '8Mjw1bAa', NULL, NULL, NULL, NULL, '2024-05-01 17:00:00'),
(36, 'Dewi', '8475565078', 'dewi@gmail.com', 'nXvvO3nC', NULL, NULL, NULL, NULL, '2024-03-08 17:00:00'),
(37, 'Tono', '8921064952', 'tono@gmail.com', 'r4Y2vD76', NULL, NULL, NULL, NULL, '2024-07-22 17:00:00'),
(38, 'Adi', '8118045838', 'adi@gmail.com', 'Kr125Ect', NULL, NULL, NULL, NULL, '2024-01-21 17:00:00'),
(39, 'Sari', '8836711108', 'sari@gmail.com', 'KDxOpH9o', NULL, NULL, NULL, NULL, '2024-10-06 17:00:00'),
(40, 'Fitri', '8312396347', 'fitri@gmail.com', '7fV6yWhJ', NULL, NULL, NULL, NULL, '2024-05-05 17:00:00'),
(41, 'Indah', '8683671056', 'indah@gmail.com', 'gzq3kiZH', NULL, NULL, NULL, NULL, '2024-05-09 17:00:00'),
(42, 'Eka', '8712467952', 'eka@gmail.com', 'RUF6fzMP', NULL, NULL, NULL, NULL, '2024-08-07 17:00:00'),
(43, 'Bayu', '8960991696', 'bayu@gmail.com', '6acWq4OB', NULL, NULL, NULL, NULL, '2024-07-08 17:00:00'),
(44, 'Dewi', '8675689073', 'dewi@gmail.com', 'kNvS36AL', NULL, NULL, NULL, NULL, '2024-08-21 17:00:00'),
(45, 'Siti', '8938350636', 'siti@gmail.com', 'lDXarKEn', NULL, NULL, NULL, NULL, '2024-03-01 17:00:00'),
(46, 'Siti', '8522329110', 'siti@gmail.com', 'WUMsweEk', NULL, NULL, NULL, NULL, '2024-10-21 17:00:00'),
(47, 'Fajar', '8261132304', 'fajar@gmail.com', 'ELaSXssy', NULL, NULL, NULL, NULL, '2024-02-14 17:00:00'),
(48, 'Fajar', '8464309657', 'fajar@gmail.com', 'R8lNK9zr', NULL, NULL, NULL, NULL, '2024-05-19 17:00:00'),
(49, 'Sari', '8147653645', 'sari@gmail.com', 'qTS5hCor', NULL, NULL, NULL, NULL, '2024-05-11 17:00:00'),
(50, 'Fitri', '8208150297', 'fitri@gmail.com', 'JQZD5fqD', NULL, NULL, NULL, NULL, '2024-11-15 17:00:00'),
(51, 'Fitri', '8313476443', 'fitri@gmail.com', 'xOgkmbxT', NULL, NULL, NULL, NULL, '2024-01-24 17:00:00'),
(52, 'Dian', '8871149739', 'dian@gmail.com', 'mz9xEL1m', NULL, NULL, NULL, NULL, '2024-01-19 17:00:00'),
(53, 'Agus', '8859801762', 'agus@gmail.com', 'exdZDVwK', NULL, NULL, NULL, NULL, '2024-01-02 17:00:00'),
(54, 'Eka', '8538396819', 'eka@gmail.com', 'atCmyKS3', NULL, NULL, NULL, NULL, '2024-12-30 17:00:00'),
(55, 'Tono', '8892284061', 'tono@gmail.com', 'cWpzK3IR', NULL, NULL, NULL, NULL, '2024-05-06 17:00:00'),
(56, 'Fitri', '8936402026', 'fitri@gmail.com', 'V3xkCsN9', NULL, NULL, NULL, NULL, '2024-05-23 17:00:00'),
(57, 'Fitri', '8117079315', 'fitri@gmail.com', 'MlRTmfvH', NULL, NULL, NULL, NULL, '2024-09-14 17:00:00'),
(58, 'Sari', '8969724316', 'sari@gmail.com', '0HIinHNY', NULL, NULL, NULL, NULL, '2024-11-06 17:00:00'),
(59, 'Eka', '8738855770', 'eka@gmail.com', 'DTklj0b2', NULL, NULL, NULL, NULL, '2024-03-27 17:00:00'),
(60, 'Agus', '8635278081', 'agus@gmail.com', 'oKmWUtCJ', NULL, NULL, NULL, NULL, '2024-09-07 17:00:00'),
(61, 'Dian', '8997858064', 'dian@gmail.com', 'KziHQMof', NULL, NULL, NULL, NULL, '2024-02-18 17:00:00'),
(62, 'Fajar', '8555622245', 'fajar@gmail.com', 'YuWH3VcC', NULL, NULL, NULL, NULL, '2024-04-27 17:00:00'),
(63, 'Indah', '8825063285', 'indah@gmail.com', 'm56xfhKt', NULL, NULL, NULL, NULL, '2024-05-28 17:00:00'),
(64, 'Fajar', '8464791731', 'fajar@gmail.com', 'kKOZAJ2B', NULL, NULL, NULL, NULL, '2024-01-18 17:00:00'),
(65, 'Hendra', '8538187400', 'hendra@gmail.com', '26juXmkC', NULL, NULL, NULL, NULL, '2024-08-29 17:00:00'),
(66, 'Fitri', '8864543762', 'fitri@gmail.com', 'DPC6uLAP', NULL, NULL, NULL, NULL, '2024-04-22 17:00:00'),
(67, 'Indah', '8442622657', 'indah@gmail.com', '74uFbJP2', NULL, NULL, NULL, NULL, '2024-02-24 17:00:00'),
(68, 'Eka', '8821925605', 'eka@gmail.com', 'pOcZXVSV', NULL, NULL, NULL, NULL, '2024-09-22 17:00:00'),
(69, 'Adi', '8974096638', 'adi@gmail.com', 'txnyg1Qj', NULL, NULL, NULL, NULL, '2024-04-28 17:00:00'),
(70, 'Indah', '8262006846', 'indah@gmail.com', 'tLtu4XHM', NULL, NULL, NULL, NULL, '2024-10-10 17:00:00'),
(71, 'Eka', '8364116999', 'eka@gmail.com', 'pa9JiNS1', NULL, NULL, NULL, NULL, '2024-01-20 17:00:00'),
(72, 'Siti', '8125245706', 'siti@gmail.com', 'KDRPbeop', NULL, NULL, NULL, NULL, '2024-03-12 17:00:00'),
(73, 'Indah', '8142896765', 'indah@gmail.com', 'CSAb36Qu', NULL, NULL, NULL, NULL, '2024-05-30 17:00:00'),
(74, 'Yuni', '8347602029', 'yuni@gmail.com', 'lAxLvHAU', NULL, NULL, NULL, NULL, '2024-06-25 17:00:00'),
(75, 'Budi', '8224871932', 'budi@gmail.com', 'qBNCCnSl', NULL, NULL, NULL, NULL, '2024-06-17 17:00:00'),
(76, 'Tono', '8540280031', 'tono@gmail.com', 'hd6OaAE8', NULL, NULL, NULL, NULL, '2024-10-07 17:00:00'),
(77, 'Andi', '8243411372', 'andi@gmail.com', '2JuRgdjv', NULL, NULL, NULL, NULL, '2024-05-12 17:00:00'),
(78, 'Siti', '8473238995', 'siti@gmail.com', 'P497HJu3', NULL, NULL, NULL, NULL, '2024-11-06 17:00:00'),
(79, 'Fajar', '8155988380', 'fajar@gmail.com', 'AOWPUY5D', NULL, NULL, NULL, NULL, '2024-12-30 17:00:00'),
(80, 'Dian', '8496218662', 'dian@gmail.com', 'qkPIhspa', NULL, NULL, NULL, NULL, '2024-05-14 17:00:00'),
(81, 'Dian', '8131619596', 'dian@gmail.com', 'EvAucsro', NULL, NULL, NULL, NULL, '2024-10-11 17:00:00'),
(82, 'Yuni', '8503861342', 'yuni@gmail.com', 'htozKDkS', NULL, NULL, NULL, NULL, '2024-10-18 17:00:00'),
(83, 'Budi', '8540340824', 'budi@gmail.com', '41iHvrp9', NULL, NULL, NULL, NULL, '2024-07-19 17:00:00'),
(84, 'Indah', '8443606408', 'indah@gmail.com', 'R6L9RFnN', NULL, NULL, NULL, NULL, '2024-12-26 17:00:00'),
(85, 'Eka', '8217265568', 'eka@gmail.com', '0FyHgqWx', NULL, NULL, NULL, NULL, '2024-09-15 17:00:00'),
(86, 'Eka', '8443042944', 'eka@gmail.com', '4CUobhtT', NULL, NULL, NULL, NULL, '2024-07-03 17:00:00'),
(87, 'Putri', '8625644074', 'putri@gmail.com', 'WxtMpkYl', NULL, NULL, NULL, NULL, '2024-09-15 17:00:00'),
(88, 'Dian', '8338335449', 'dian@gmail.com', '3J6bglwX', NULL, NULL, NULL, NULL, '2024-10-29 17:00:00'),
(89, 'Lina', '8927375541', 'lina@gmail.com', 'UH35A3ae', NULL, NULL, NULL, NULL, '2024-07-20 17:00:00'),
(90, 'Andi', '8528310770', 'andi@gmail.com', 'vOnRZ1cD', NULL, NULL, NULL, NULL, '2024-02-16 17:00:00'),
(91, 'Yuni', '8816327630', 'yuni@gmail.com', 'u2evsa5T', NULL, NULL, NULL, NULL, '2024-12-19 17:00:00'),
(92, 'Siti', '8437627581', 'siti@gmail.com', 'Q2XJco7U', NULL, NULL, NULL, NULL, '2024-10-08 17:00:00'),
(93, 'Lina', '8272425020', 'lina@gmail.com', '2Mqj4EVt', NULL, NULL, NULL, NULL, '2024-03-06 17:00:00'),
(94, 'Hendra', '8148855732', 'hendra@gmail.com', 'T8yUMufN', NULL, NULL, NULL, NULL, '2024-05-30 17:00:00'),
(95, 'Adi', '8403637260', 'adi@gmail.com', 'H87pdT62', NULL, NULL, NULL, NULL, '2024-04-24 17:00:00'),
(96, 'Adi', '8228866359', 'adi@gmail.com', 'GxPmMqJ6', NULL, NULL, NULL, NULL, '2024-04-26 17:00:00'),
(97, 'Dewi', '8220743153', 'dewi@gmail.com', '76jPDEfp', NULL, NULL, NULL, NULL, '2024-04-27 17:00:00'),
(98, 'Dewi', '8383772370', 'dewi@gmail.com', 'YJ5woduq', NULL, NULL, NULL, NULL, '2024-01-29 17:00:00'),
(99, 'Indah', '8509712231', 'indah@gmail.com', 'B1zYzF92', NULL, NULL, NULL, NULL, '2024-07-11 17:00:00'),
(100, 'Agus', '8381179038', 'agus@gmail.com', '0MUXUklc', NULL, NULL, NULL, NULL, '2024-03-21 17:00:00'),
(101, 'Fajar', '8125666967', 'fajar@gmail.com', 'cX5RKujn', NULL, NULL, NULL, NULL, '2024-04-04 17:00:00'),
(102, 'Fitri', '8945100554', 'fitri@gmail.com', 'aiFnb1tQ', NULL, NULL, NULL, NULL, '2024-11-05 17:00:00'),
(103, 'Rini', '8962448470', 'rini@gmail.com', 'wmmDTrb1', NULL, NULL, NULL, NULL, '2024-11-01 17:00:00'),
(104, 'Sari', '8540978556', 'sari@gmail.com', '8qSWKITY', NULL, NULL, NULL, NULL, '2024-10-28 17:00:00'),
(105, 'Indah', '8208181568', 'indah@gmail.com', 'RLWfmxFC', NULL, NULL, NULL, NULL, '2024-09-04 17:00:00'),
(106, 'Lina', '8650436825', 'lina@gmail.com', 'q29eHqaL', NULL, NULL, NULL, NULL, '2024-08-19 17:00:00'),
(107, 'Tono', '8674191151', 'tono@gmail.com', 'gn10V9Pp', NULL, NULL, NULL, NULL, '2024-04-10 17:00:00'),
(108, 'Eka', '8728673119', 'eka@gmail.com', 'GS9pTTIh', NULL, NULL, NULL, NULL, '2024-07-14 17:00:00'),
(109, 'Rini', '8702703857', 'rini@gmail.com', 'lEsUqAZD', NULL, NULL, NULL, NULL, '2024-01-08 17:00:00'),
(110, 'Siti', '8248168663', 'siti@gmail.com', '0PNjlRJg', NULL, NULL, NULL, NULL, '2024-02-01 17:00:00'),
(111, 'Budi', '8552281746', 'budi@gmail.com', 'Cnfhrm4O', NULL, NULL, NULL, NULL, '2024-01-13 17:00:00'),
(112, 'Indah', '8957325657', 'indah@gmail.com', 'kEmpvHV6', NULL, NULL, NULL, NULL, '2024-05-10 17:00:00'),
(113, 'Budi', '8593043875', 'budi@gmail.com', 'aFUGP2Gv', NULL, NULL, NULL, NULL, '2024-02-06 17:00:00'),
(114, 'Dian', '8868756751', 'dian@gmail.com', 'DNk3T1F2', NULL, NULL, NULL, NULL, '2024-07-17 17:00:00'),
(115, 'Putri', '8334090051', 'putri@gmail.com', 'bR34Byfm', NULL, NULL, NULL, NULL, '2024-12-22 17:00:00'),
(116, 'Siti', '8893748825', 'siti@gmail.com', 'f3HDsmBX', NULL, NULL, NULL, NULL, '2024-03-11 17:00:00'),
(117, 'Tono', '8260525484', 'tono@gmail.com', 'tvZSftjo', NULL, NULL, NULL, NULL, '2024-07-01 17:00:00'),
(118, 'Joko', '8897829060', 'joko@gmail.com', 'fASnQfRZ', NULL, NULL, NULL, NULL, '2024-08-18 17:00:00'),
(119, 'Fajar', '8309538693', 'fajar@gmail.com', 'aDAmuvzk', NULL, NULL, NULL, NULL, '2024-12-18 17:00:00'),
(120, 'Dian', '8460380681', 'dian@gmail.com', '8eAuNZNP', NULL, NULL, NULL, NULL, '2024-06-05 17:00:00'),
(121, 'Joko', '8777664961', 'joko@gmail.com', 'wm9Wwtfx', NULL, NULL, NULL, NULL, '2024-09-10 17:00:00'),
(122, 'Joko', '8453407931', 'joko@gmail.com', 'Rggam6nz', NULL, NULL, NULL, NULL, '2024-12-09 17:00:00'),
(123, 'Dian', '8203575491', 'dian@gmail.com', 'nzs2xDya', NULL, NULL, NULL, NULL, '2024-06-29 17:00:00'),
(124, 'Eka', '8238632257', 'eka@gmail.com', '7P1AybVf', NULL, NULL, NULL, NULL, '2024-11-26 17:00:00'),
(125, 'Lina', '8559546557', 'lina@gmail.com', 'zMHHXSyq', NULL, NULL, NULL, NULL, '2024-05-22 17:00:00'),
(126, 'Joko', '8313061363', 'joko@gmail.com', 'o3zSSOkg', NULL, NULL, NULL, NULL, '2024-12-13 17:00:00'),
(127, 'Agus', '8259127359', 'agus@gmail.com', 'DTuPo91x', NULL, NULL, NULL, NULL, '2024-08-16 17:00:00'),
(128, 'Fajar', '8933096530', 'fajar@gmail.com', 'y22RqKpF', NULL, NULL, NULL, NULL, '2024-08-25 17:00:00'),
(129, 'Indah', '8324997404', 'indah@gmail.com', 'CWPHob8i', NULL, NULL, NULL, NULL, '2024-06-11 17:00:00'),
(130, 'Agus', '8265083596', 'agus@gmail.com', 'A4Nhy20k', NULL, NULL, NULL, NULL, '2024-11-05 17:00:00'),
(131, 'Agus', '8258823881', 'agus@gmail.com', 'hofEpDLy', NULL, NULL, NULL, NULL, '2024-07-03 17:00:00'),
(132, 'Siti', '8585201272', 'siti@gmail.com', 'rw0IFyzQ', NULL, NULL, NULL, NULL, '2024-12-01 17:00:00'),
(133, 'Putri', '8405568336', 'putri@gmail.com', 'quO6FTr8', NULL, NULL, NULL, NULL, '2024-02-23 17:00:00'),
(134, 'Dian', '8125108695', 'dian@gmail.com', 'ogNJt3LG', NULL, NULL, NULL, NULL, '2024-07-29 17:00:00'),
(135, 'Eka', '8957965323', 'eka@gmail.com', 'QAUIbjWC', NULL, NULL, NULL, NULL, '2024-02-21 17:00:00'),
(136, 'Sari', '8608890671', 'sari@gmail.com', 'ZpZtzMWK', NULL, NULL, NULL, NULL, '2024-11-26 17:00:00'),
(137, 'Fajar', '8288374570', 'fajar@gmail.com', 'MtI1F7s2', NULL, NULL, NULL, NULL, '2024-11-18 17:00:00'),
(138, 'Eka', '8233004029', 'eka@gmail.com', 'ksXTt3it', NULL, NULL, NULL, NULL, '2024-01-19 17:00:00'),
(139, 'Siti', '8804694262', 'siti@gmail.com', 'tA96NBiR', NULL, NULL, NULL, NULL, '2024-06-07 17:00:00'),
(140, 'Hendra', '8957926567', 'hendra@gmail.com', 'ZGjg0e1h', NULL, NULL, NULL, NULL, '2024-05-21 17:00:00'),
(141, 'Tono', '8938255771', 'tono@gmail.com', 'uvvcFgJs', NULL, NULL, NULL, NULL, '2024-07-06 17:00:00'),
(142, 'Bayu', '8790871660', 'bayu@gmail.com', '0n98biIC', NULL, NULL, NULL, NULL, '2024-03-02 17:00:00'),
(143, 'Joko', '8426113186', 'joko@gmail.com', 'Kxk7Ljhb', NULL, NULL, NULL, NULL, '2024-01-07 17:00:00'),
(144, 'Fajar', '8948294639', 'fajar@gmail.com', 'yfpx55zr', NULL, NULL, NULL, NULL, '2024-09-01 17:00:00'),
(145, 'Fitri', '8313034314', 'fitri@gmail.com', 'Q7iwjqwj', NULL, NULL, NULL, NULL, '2024-03-19 17:00:00'),
(146, 'Joko', '8532915694', 'joko@gmail.com', 'ge3aD9j7', NULL, NULL, NULL, NULL, '2024-06-04 17:00:00'),
(147, 'Lina', '8330800308', 'lina@gmail.com', 'pPKJOrIZ', NULL, NULL, NULL, NULL, '2024-05-08 17:00:00'),
(148, 'Hendra', '8660758369', 'hendra@gmail.com', 'REjnsRvF', NULL, NULL, NULL, NULL, '2024-01-19 17:00:00'),
(149, 'Budi', '8927940707', 'budi@gmail.com', 'ETzxZ8xI', NULL, NULL, NULL, NULL, '2024-09-17 17:00:00'),
(150, 'Eka', '8145279817', 'eka@gmail.com', 'coYRKVOe', NULL, NULL, NULL, NULL, '2024-11-13 17:00:00'),
(151, 'Dewi', '8574334488', 'dewi@gmail.com', 'ywYLqOy2', NULL, NULL, NULL, NULL, '2024-08-23 17:00:00'),
(152, 'Bayu', '8164069045', 'bayu@gmail.com', 'GmEB2Vz3', NULL, NULL, NULL, NULL, '2024-06-19 17:00:00'),
(153, 'Fitri', '8125839323', 'fitri@gmail.com', 'iQfkHKb8', NULL, NULL, NULL, NULL, '2024-02-13 17:00:00'),
(154, 'Eka', '8874034822', 'eka@gmail.com', 'JUFFbmrL', NULL, NULL, NULL, NULL, '2024-12-17 17:00:00'),
(155, 'Bayu', '8170895432', 'bayu@gmail.com', 'qOECoI8F', NULL, NULL, NULL, NULL, '2024-11-06 17:00:00'),
(156, 'Budi', '8450796878', 'budi@gmail.com', '9wdDu8iL', NULL, NULL, NULL, NULL, '2024-02-10 17:00:00'),
(157, 'Dewi', '8882962673', 'dewi@gmail.com', 'X74Fq6FM', NULL, NULL, NULL, NULL, '2024-02-23 17:00:00'),
(158, 'Hendra', '8767769646', 'hendra@gmail.com', 'B2I8ygyn', NULL, NULL, NULL, NULL, '2024-10-03 17:00:00'),
(159, 'Sari', '8725252654', 'sari@gmail.com', 'TomGireH', NULL, NULL, NULL, NULL, '2024-04-20 17:00:00'),
(160, 'Andi', '8573546135', 'andi@gmail.com', '4du94MJt', NULL, NULL, NULL, NULL, '2024-05-01 17:00:00'),
(161, 'Fajar', '8918149931', 'fajar@gmail.com', 'KPUaGLgo', NULL, NULL, NULL, NULL, '2024-06-27 17:00:00'),
(162, 'Indah', '8656867949', 'indah@gmail.com', 'jT2DpjXV', NULL, NULL, NULL, NULL, '2024-04-17 17:00:00'),
(163, 'Joko', '8450605285', 'joko@gmail.com', 'nQoFkMEw', NULL, NULL, NULL, NULL, '2024-03-01 17:00:00'),
(164, 'Joko', '8594524135', 'joko@gmail.com', '8guV7v0p', NULL, NULL, NULL, NULL, '2024-08-10 17:00:00'),
(165, 'Sari', '8795127107', 'sari@gmail.com', 'nNymMIim', NULL, NULL, NULL, NULL, '2024-10-16 17:00:00'),
(166, 'Andi', '8404087655', 'andi@gmail.com', '4LCpVa5y', NULL, NULL, NULL, NULL, '2024-01-22 17:00:00'),
(167, 'Tono', '8269569865', 'tono@gmail.com', 'n2ES38Da', NULL, NULL, NULL, NULL, '2024-05-08 17:00:00'),
(168, 'Yuni', '8294980290', 'yuni@gmail.com', 'VaOTi3XK', NULL, NULL, NULL, NULL, '2024-03-23 17:00:00'),
(169, 'Putri', '8167470761', 'putri@gmail.com', 'bfSY11dX', NULL, NULL, NULL, NULL, '2024-04-05 17:00:00'),
(170, 'Dian', '8121968138', 'dian@gmail.com', 'FoiFbpi0', NULL, NULL, NULL, NULL, '2024-12-19 17:00:00'),
(171, 'Tono', '8767996432', 'tono@gmail.com', '6NAzapMc', NULL, NULL, NULL, NULL, '2024-12-07 17:00:00'),
(172, 'Dian', '8156961858', 'dian@gmail.com', 'yxnQWHza', NULL, NULL, NULL, NULL, '2024-01-03 17:00:00'),
(173, 'Andi', '8405045717', 'andi@gmail.com', 'rFKa5zds', NULL, NULL, NULL, NULL, '2024-03-30 17:00:00'),
(174, 'Sari', '8392375355', 'sari@gmail.com', 'OvOiU2JW', NULL, NULL, NULL, NULL, '2024-12-08 17:00:00'),
(175, 'Agus', '8425357325', 'agus@gmail.com', 'urw3P956', NULL, NULL, NULL, NULL, '2024-08-21 17:00:00'),
(176, 'Dian', '8321251395', 'dian@gmail.com', 'htqeYRdp', NULL, NULL, NULL, NULL, '2024-11-29 17:00:00'),
(177, 'Andi', '8506642736', 'andi@gmail.com', 'qU8yv8md', NULL, NULL, NULL, NULL, '2024-08-14 17:00:00'),
(178, 'Lina', '8364421512', 'lina@gmail.com', '6JGWmkGj', NULL, NULL, NULL, NULL, '2024-09-10 17:00:00'),
(179, 'Siti', '8757461012', 'siti@gmail.com', 'aJzKn1ZI', NULL, NULL, NULL, NULL, '2024-08-21 17:00:00'),
(180, 'Lina', '8172708829', 'lina@gmail.com', 'oWIJXaYC', NULL, NULL, NULL, NULL, '2024-12-14 17:00:00'),
(181, 'Rini', '8739870145', 'rini@gmail.com', 'EtxAKtip', NULL, NULL, NULL, NULL, '2024-10-05 17:00:00'),
(182, 'Adi', '8455679542', 'adi@gmail.com', 'SkGdmwDE', NULL, NULL, NULL, NULL, '2024-04-27 17:00:00'),
(183, 'Rini', '8744973027', 'rini@gmail.com', '5Kfjznye', NULL, NULL, NULL, NULL, '2024-09-27 17:00:00'),
(184, 'Yuni', '8157449496', 'yuni@gmail.com', 'eO1nvWix', NULL, NULL, NULL, NULL, '2024-07-08 17:00:00'),
(185, 'Fitri', '8439314231', 'fitri@gmail.com', 'rPNmN1qk', NULL, NULL, NULL, NULL, '2024-09-18 17:00:00'),
(186, 'Fitri', '8299242592', 'fitri@gmail.com', 'EwlAf1CB', NULL, NULL, NULL, NULL, '2024-07-04 17:00:00'),
(187, 'Fajar', '8139436079', 'fajar@gmail.com', 'ZTONcTLg', NULL, NULL, NULL, NULL, '2024-09-26 17:00:00'),
(188, 'Bayu', '8471901672', 'bayu@gmail.com', '5S01uF7s', NULL, NULL, NULL, NULL, '2024-02-03 17:00:00'),
(189, 'Joko', '8676256045', 'joko@gmail.com', 'YOhmAoKj', NULL, NULL, NULL, NULL, '2024-11-13 17:00:00'),
(190, 'Fajar', '8330526395', 'fajar@gmail.com', 'H1Hc1SE7', NULL, NULL, NULL, NULL, '2024-09-02 17:00:00'),
(191, 'Sari', '8597580890', 'sari@gmail.com', 'GhdX8fpJ', NULL, NULL, NULL, NULL, '2024-06-09 17:00:00'),
(192, 'Fitri', '8723173385', 'fitri@gmail.com', 't7UKPBQM', NULL, NULL, NULL, NULL, '2024-07-06 17:00:00'),
(193, 'Siti', '8841796860', 'siti@gmail.com', 'Gm0VIviJ', NULL, NULL, NULL, NULL, '2024-03-24 17:00:00'),
(194, 'Putri', '8118217427', 'putri@gmail.com', 'SDm07wd1', NULL, NULL, NULL, NULL, '2024-02-16 17:00:00'),
(195, 'Dian', '8524018354', 'dian@gmail.com', 'vFep6ZYv', NULL, NULL, NULL, NULL, '2024-03-13 17:00:00'),
(196, 'Siti', '8626017562', 'siti@gmail.com', 'ng2AgIUK', NULL, NULL, NULL, NULL, '2024-03-24 17:00:00'),
(197, 'Fitri', '8646596887', 'fitri@gmail.com', 'PwwATXvM', NULL, NULL, NULL, NULL, '2024-10-06 17:00:00'),
(198, 'Putri', '8983581801', 'putri@gmail.com', 'bGTeoJgJ', NULL, NULL, NULL, NULL, '2024-08-09 17:00:00'),
(199, 'Fajar', '8435835932', 'fajar@gmail.com', 'DPWh8x35', NULL, NULL, NULL, NULL, '2024-05-19 17:00:00'),
(200, 'Fitri', '8778182738', 'fitri@gmail.com', 'VYosgh6X', NULL, NULL, NULL, NULL, '2024-01-16 17:00:00'),
(201, 'Fitri', '8527800941', 'fitri@gmail.com', 'LuRMssPT', NULL, NULL, NULL, NULL, '2024-06-01 17:00:00'),
(202, 'Sari', '8291371140', 'sari@gmail.com', 'ShYxAzug', NULL, NULL, NULL, NULL, '2024-04-16 17:00:00'),
(203, 'Lina', '8435557825', 'lina@gmail.com', 'r6nXt6Mz', NULL, NULL, NULL, NULL, '2024-10-23 17:00:00'),
(204, 'Rini', '8357299438', 'rini@gmail.com', 'cvJUSVub', NULL, NULL, NULL, NULL, '2024-05-09 17:00:00'),
(205, 'Budi', '8587875895', 'budi@gmail.com', 'N0T2mHsx', NULL, NULL, NULL, NULL, '2024-02-11 17:00:00'),
(206, 'Adi', '8271632124', 'adi@gmail.com', 'RB8mxtvw', NULL, NULL, NULL, NULL, '2024-09-07 17:00:00'),
(207, 'Lina', '8853978821', 'lina@gmail.com', 'WbvrPV9c', NULL, NULL, NULL, NULL, '2024-05-07 17:00:00'),
(208, 'Budi', '8651657894', 'budi@gmail.com', 'ORMBQGyK', NULL, NULL, NULL, NULL, '2024-12-20 17:00:00'),
(209, 'Bayu', '8972508199', 'bayu@gmail.com', '77ERExjX', NULL, NULL, NULL, NULL, '2024-07-04 17:00:00'),
(210, 'Siti', '8729664422', 'siti@gmail.com', 'aaJCPdYH', NULL, NULL, NULL, NULL, '2024-11-09 17:00:00'),
(211, 'Tono', '8464164516', 'tono@gmail.com', 'IqF1nuU0', NULL, NULL, NULL, NULL, '2024-01-31 17:00:00'),
(212, 'Dian', '8324502406', 'dian@gmail.com', 'yvDCU0Op', NULL, NULL, NULL, NULL, '2024-06-25 17:00:00'),
(213, 'Andi', '8930883750', 'andi@gmail.com', '4zRh0MJ2', NULL, NULL, NULL, NULL, '2024-04-20 17:00:00'),
(214, 'Dian', '8247825655', 'dian@gmail.com', '17R18j17', NULL, NULL, NULL, NULL, '2024-01-11 17:00:00'),
(215, 'Sari', '8605099920', 'sari@gmail.com', 'moHg9QXC', NULL, NULL, NULL, NULL, '2024-01-01 17:00:00'),
(216, 'Joko', '8829334313', 'joko@gmail.com', '43fJX9HH', NULL, NULL, NULL, NULL, '2024-10-04 17:00:00'),
(217, 'Fitri', '8509202070', 'fitri@gmail.com', 'U6gzC8qH', NULL, NULL, NULL, NULL, '2024-08-05 17:00:00'),
(218, 'Hendra', '8123188288', 'hendra@gmail.com', 'eloXcQKD', NULL, NULL, NULL, NULL, '2024-01-17 17:00:00'),
(219, 'Putri', '8373705178', 'putri@gmail.com', '2gnCXvwo', NULL, NULL, NULL, NULL, '2024-07-10 17:00:00'),
(220, 'Hendra', '8373526039', 'hendra@gmail.com', 'bXtxmTKE', NULL, NULL, NULL, NULL, '2024-02-23 17:00:00'),
(221, 'Indah', '8381752985', 'indah@gmail.com', '4bSBlA4F', NULL, NULL, NULL, NULL, '2024-09-01 17:00:00'),
(222, 'Hendra', '8882583635', 'hendra@gmail.com', 'JzfhPPyz', NULL, NULL, NULL, NULL, '2024-10-02 17:00:00'),
(223, 'Rini', '8426283944', 'rini@gmail.com', 'FnjuwyNC', NULL, NULL, NULL, NULL, '2024-02-26 17:00:00'),
(224, 'Putri', '8380528437', 'putri@gmail.com', 'xxabmUpM', NULL, NULL, NULL, NULL, '2024-12-03 17:00:00'),
(225, 'Yuni', '8271730540', 'yuni@gmail.com', '2FP07eyg', NULL, NULL, NULL, NULL, '2024-10-08 17:00:00'),
(226, 'Eka', '8772912220', 'eka@gmail.com', 'MBpzoYZR', NULL, NULL, NULL, NULL, '2024-04-18 17:00:00'),
(227, 'Agus', '8646682601', 'agus@gmail.com', 'cqfAPRVt', NULL, NULL, NULL, NULL, '2024-01-16 17:00:00'),
(228, 'Andi', '8198555146', 'andi@gmail.com', 'GOOxon8q', NULL, NULL, NULL, NULL, '2024-10-28 17:00:00'),
(229, 'Siti', '8781800387', 'siti@gmail.com', 'DWajls8H', NULL, NULL, NULL, NULL, '2024-03-30 17:00:00'),
(230, 'Dian', '8226670862', 'dian@gmail.com', 'EnrtBYIJ', NULL, NULL, NULL, NULL, '2024-12-01 17:00:00'),
(231, 'Putri', '8718655644', 'putri@gmail.com', 'ZpMDHqoG', NULL, NULL, NULL, NULL, '2024-10-21 17:00:00'),
(232, 'Putri', '8228184321', 'putri@gmail.com', 'kM45nT1d', NULL, NULL, NULL, NULL, '2024-02-26 17:00:00'),
(233, 'Dian', '8608422607', 'dian@gmail.com', 'FpPONKA3', NULL, NULL, NULL, NULL, '2024-08-05 17:00:00'),
(234, 'Dewi', '8436811213', 'dewi@gmail.com', 'raihNMqA', NULL, NULL, NULL, NULL, '2024-04-26 17:00:00'),
(235, 'Rini', '8637426494', 'rini@gmail.com', 'i6riu29w', NULL, NULL, NULL, NULL, '2024-02-05 17:00:00'),
(236, 'Indah', '8838157739', 'indah@gmail.com', 'wrfpBbhQ', NULL, NULL, NULL, NULL, '2024-08-19 17:00:00'),
(237, 'Agus', '8697786286', 'agus@gmail.com', 'i2Fpgpw1', NULL, NULL, NULL, NULL, '2024-11-17 17:00:00'),
(238, 'Bayu', '8190085753', 'bayu@gmail.com', 'TXhePqHf', NULL, NULL, NULL, NULL, '2024-05-26 17:00:00'),
(239, 'Adi', '8828113521', 'adi@gmail.com', 'TmPS9uVU', NULL, NULL, NULL, NULL, '2024-09-12 17:00:00'),
(240, 'Bayu', '8716607967', 'bayu@gmail.com', 'rACsOCOw', NULL, NULL, NULL, NULL, '2024-05-31 17:00:00'),
(241, 'Joko', '8923652005', 'joko@gmail.com', 'gHmo5VwL', NULL, NULL, NULL, NULL, '2024-11-22 17:00:00'),
(242, 'Putri', '8224677093', 'putri@gmail.com', 'KFtFPT0V', NULL, NULL, NULL, NULL, '2024-04-11 17:00:00'),
(243, 'Hendra', '8550157586', 'hendra@gmail.com', 'Z86nIlQ6', NULL, NULL, NULL, NULL, '2024-11-11 17:00:00'),
(244, 'Andi', '8517875302', 'andi@gmail.com', 'bjg4EbD8', NULL, NULL, NULL, NULL, '2024-04-03 17:00:00'),
(245, 'Bayu', '8680118040', 'bayu@gmail.com', 'R0LHcuBM', NULL, NULL, NULL, NULL, '2024-12-20 17:00:00'),
(246, 'Yuni', '8620525040', 'yuni@gmail.com', 'FcCMxes6', NULL, NULL, NULL, NULL, '2024-03-04 17:00:00'),
(247, 'Sari', '8265946656', 'sari@gmail.com', 'Fkd8OjyE', NULL, NULL, NULL, NULL, '2024-12-19 17:00:00'),
(248, 'Lina', '8770370604', 'lina@gmail.com', '2c7Zbhyk', NULL, NULL, NULL, NULL, '2024-07-14 17:00:00'),
(249, 'Hendra', '8482177718', 'hendra@gmail.com', 'mE3LlBCF', NULL, NULL, NULL, NULL, '2024-08-26 17:00:00'),
(250, 'Agus', '8273691237', 'agus@gmail.com', 'TuXmFsJv', NULL, NULL, NULL, NULL, '2024-08-04 17:00:00'),
(251, 'Budi', '8629151213', 'budi@gmail.com', 'ytRVRAz8', NULL, NULL, NULL, NULL, '2024-04-22 17:00:00'),
(252, 'Putri', '8351339929', 'putri@gmail.com', 'CPQjhuSw', NULL, NULL, NULL, NULL, '2024-01-09 17:00:00'),
(253, 'Fitri', '8425909679', 'fitri@gmail.com', 'o04IYKG9', NULL, NULL, NULL, NULL, '2024-09-04 17:00:00'),
(254, 'Yuni', '8984498426', 'yuni@gmail.com', '3tcxc4dx', NULL, NULL, NULL, NULL, '2024-04-09 17:00:00'),
(255, 'Andi', '8398513783', 'andi@gmail.com', 'cxKLR5c4', NULL, NULL, NULL, NULL, '2024-05-26 17:00:00'),
(256, 'Hendra', '8367037061', 'hendra@gmail.com', '2OZWLMhB', NULL, NULL, NULL, NULL, '2024-12-23 17:00:00'),
(257, 'Putri', '8644343252', 'putri@gmail.com', 'KxECT1Ze', NULL, NULL, NULL, NULL, '2024-08-22 17:00:00'),
(258, 'Fitri', '8789528584', 'fitri@gmail.com', 'zGFUTITq', NULL, NULL, NULL, NULL, '2024-11-28 17:00:00'),
(259, 'Indah', '8312310748', 'indah@gmail.com', 'xDxJ90wm', NULL, NULL, NULL, NULL, '2024-06-05 17:00:00'),
(260, 'Hendra', '8520338724', 'hendra@gmail.com', 'H5CLXtI8', NULL, NULL, NULL, NULL, '2024-02-29 17:00:00'),
(261, 'Hendra', '8841362751', 'hendra@gmail.com', '3JoEVoXb', NULL, NULL, NULL, NULL, '2024-03-19 17:00:00'),
(262, 'Fitri', '8844122684', 'fitri@gmail.com', 'VAD3pWlU', NULL, NULL, NULL, NULL, '2024-08-09 17:00:00'),
(263, 'Siti', '8578933275', 'siti@gmail.com', 'Or7lfYqS', NULL, NULL, NULL, NULL, '2024-07-01 17:00:00'),
(264, 'Fajar', '8867437461', 'fajar@gmail.com', 'kmYzst2x', NULL, NULL, NULL, NULL, '2024-06-09 17:00:00'),
(265, 'Dian', '8837141145', 'dian@gmail.com', '6OiEmmZV', NULL, NULL, NULL, NULL, '2024-04-22 17:00:00'),
(266, 'Putri', '8963126298', 'putri@gmail.com', 'bmYA7n7W', NULL, NULL, NULL, NULL, '2024-04-06 17:00:00'),
(267, 'Bayu', '8462700144', 'bayu@gmail.com', 'w19ax8SN', NULL, NULL, NULL, NULL, '2024-09-14 17:00:00'),
(268, 'Putri', '8212120590', 'putri@gmail.com', 'MAiPPBoW', NULL, NULL, NULL, NULL, '2024-02-09 17:00:00'),
(269, 'Dian', '8434657018', 'dian@gmail.com', 'ZkErEbnI', NULL, NULL, NULL, NULL, '2024-04-03 17:00:00'),
(270, 'Dewi', '8400513595', 'dewi@gmail.com', 'Yo1lGgpx', NULL, NULL, NULL, NULL, '2024-05-05 17:00:00'),
(271, 'Indah', '8236924707', 'indah@gmail.com', 'SbtFn2iV', NULL, NULL, NULL, NULL, '2024-02-06 17:00:00'),
(272, 'Fitri', '8242456156', 'fitri@gmail.com', 'SHCy3U3z', NULL, NULL, NULL, NULL, '2024-10-08 17:00:00'),
(273, 'Dewi', '8276703359', 'dewi@gmail.com', 'bkMaFuYw', NULL, NULL, NULL, NULL, '2024-12-12 17:00:00'),
(274, 'Budi', '8126556801', 'budi@gmail.com', 'TAscOpPd', NULL, NULL, NULL, NULL, '2024-03-10 17:00:00'),
(275, 'Agus', '8718670749', 'agus@gmail.com', 'ByjD8Lid', NULL, NULL, NULL, NULL, '2024-12-08 17:00:00'),
(276, 'Rini', '8495093851', 'rini@gmail.com', 'pzJL9ixg', NULL, NULL, NULL, NULL, '2024-02-09 17:00:00'),
(277, 'Yuni', '8457889120', 'yuni@gmail.com', '1UD4iCXb', NULL, NULL, NULL, NULL, '2024-05-07 17:00:00'),
(278, 'Rini', '8747077961', 'rini@gmail.com', 'avx6uuQX', NULL, NULL, NULL, NULL, '2024-03-29 17:00:00'),
(279, 'Putri', '8757250972', 'putri@gmail.com', 'LdI08Gpw', NULL, NULL, NULL, NULL, '2024-10-17 17:00:00'),
(280, 'Budi', '8328736621', 'budi@gmail.com', 'rCeAiCsz', NULL, NULL, NULL, NULL, '2024-02-28 17:00:00'),
(281, 'Yuni', '8191216466', 'yuni@gmail.com', 'h5IGyqIW', NULL, NULL, NULL, NULL, '2024-06-07 17:00:00'),
(282, 'Indah', '8907392765', 'indah@gmail.com', 'Z4QlDR3W', NULL, NULL, NULL, NULL, '2024-04-11 17:00:00'),
(283, 'Yuni', '8639895374', 'yuni@gmail.com', 'NGrhN91r', NULL, NULL, NULL, NULL, '2024-10-15 17:00:00'),
(284, 'Dewi', '8230783257', 'dewi@gmail.com', 'Jly7HALo', NULL, NULL, NULL, NULL, '2024-01-25 17:00:00'),
(285, 'Putri', '8879068738', 'putri@gmail.com', 'AVoSQUHZ', NULL, NULL, NULL, NULL, '2024-04-23 17:00:00'),
(286, 'Sari', '8608201531', 'sari@gmail.com', 'NhsHQflR', NULL, NULL, NULL, NULL, '2024-04-08 17:00:00'),
(287, 'Adi', '8152520681', 'adi@gmail.com', 'rAJuJ24F', NULL, NULL, NULL, NULL, '2024-02-25 17:00:00'),
(288, 'Dian', '8226202053', 'dian@gmail.com', 'M2bUqU4g', NULL, NULL, NULL, NULL, '2024-08-29 17:00:00'),
(289, 'Eka', '8817406203', 'eka@gmail.com', '6CTQ6K2s', NULL, NULL, NULL, NULL, '2024-04-15 17:00:00'),
(290, 'Fitri', '8177977733', 'fitri@gmail.com', 'kyulgNo2', NULL, NULL, NULL, NULL, '2024-06-13 17:00:00'),
(291, 'Fajar', '8845389942', 'fajar@gmail.com', '449vHNiR', NULL, NULL, NULL, NULL, '2024-01-28 17:00:00'),
(292, 'Rini', '8505572449', 'rini@gmail.com', 'VYMmDloo', NULL, NULL, NULL, NULL, '2024-03-03 17:00:00'),
(293, 'Hendra', '8256944819', 'hendra@gmail.com', 'kx0rU2Er', NULL, NULL, NULL, NULL, '2024-12-11 17:00:00'),
(294, 'Indah', '8875293447', 'indah@gmail.com', 'QyswPCSG', NULL, NULL, NULL, NULL, '2024-08-06 17:00:00'),
(295, 'Rini', '8235350631', 'rini@gmail.com', 'WermEYIU', NULL, NULL, NULL, NULL, '2024-08-26 17:00:00'),
(296, 'Indah', '8107307154', 'indah@gmail.com', 'F3QyoQQK', NULL, NULL, NULL, NULL, '2024-10-23 17:00:00'),
(297, 'Bayu', '8612045080', 'bayu@gmail.com', 'JmuiAyIJ', NULL, NULL, NULL, NULL, '2024-08-03 17:00:00'),
(298, 'Hendra', '8768171631', 'hendra@gmail.com', 'RYkwKcQQ', NULL, NULL, NULL, NULL, '2024-01-28 17:00:00'),
(299, 'Hendra', '8200260602', 'hendra@gmail.com', 'ebSbkfqp', NULL, NULL, NULL, NULL, '2024-01-01 17:00:00'),
(300, 'Fajar', '8221962606', 'fajar@gmail.com', '5N9F6Bkh', NULL, NULL, NULL, NULL, '2024-12-07 17:00:00'),
(301, 'Budi', '8743361091', 'budi@gmail.com', 'ZzGEJjcv', NULL, NULL, NULL, NULL, '2024-08-21 17:00:00'),
(302, 'Hendra', '8807271270', 'hendra@gmail.com', 'emxVHOwy', NULL, NULL, NULL, NULL, '2024-10-29 17:00:00'),
(303, 'Fitri', '8518302666', 'fitri@gmail.com', '8ZL52c1R', NULL, NULL, NULL, NULL, '2024-08-07 17:00:00'),
(304, 'Andi', '8318523469', 'andi@gmail.com', 'ShLuiopr', NULL, NULL, NULL, NULL, '2024-03-30 17:00:00'),
(305, 'Andi', '8460000807', 'andi@gmail.com', 'FsCgzOjE', NULL, NULL, NULL, NULL, '2024-10-03 17:00:00'),
(306, 'Budi', '8839197194', 'budi@gmail.com', 'glQ3bCkA', NULL, NULL, NULL, NULL, '2024-10-12 17:00:00'),
(307, 'Tono', '8279565556', 'tono@gmail.com', 'Or2L8qAf', NULL, NULL, NULL, NULL, '2024-03-22 17:00:00'),
(308, 'Budi', '8376139006', 'budi@gmail.com', 'o7v8kPDS', NULL, NULL, NULL, NULL, '2024-08-12 17:00:00'),
(309, 'Fajar', '8761033874', 'fajar@gmail.com', 'XwH0vgav', NULL, NULL, NULL, NULL, '2024-05-07 17:00:00'),
(310, 'Fitri', '8580742422', 'fitri@gmail.com', 'jmWYLPgU', NULL, NULL, NULL, NULL, '2024-11-27 17:00:00'),
(311, 'Indah', '8243817116', 'indah@gmail.com', '6afFVeJF', NULL, NULL, NULL, NULL, '2024-11-26 17:00:00'),
(312, 'Rini', '8339503950', 'rini@gmail.com', 'G7JAw5Jj', NULL, NULL, NULL, NULL, '2024-07-12 17:00:00'),
(313, 'Lina', '8898230867', 'lina@gmail.com', 'GUau4891', NULL, NULL, NULL, NULL, '2024-09-16 17:00:00'),
(314, 'Agus', '8611759227', 'agus@gmail.com', 'L3dQRQPm', NULL, NULL, NULL, NULL, '2024-05-21 17:00:00'),
(315, 'Tono', '8319774057', 'tono@gmail.com', 'FcH523np', NULL, NULL, NULL, NULL, '2024-01-24 17:00:00'),
(316, 'Fajar', '8627640225', 'fajar@gmail.com', '5sxOokdc', NULL, NULL, NULL, NULL, '2024-05-15 17:00:00'),
(317, 'Lina', '8892830519', 'lina@gmail.com', '2MslDnlc', NULL, NULL, NULL, NULL, '2024-11-06 17:00:00'),
(318, 'Dewi', '8161896205', 'dewi@gmail.com', 'iU4IOuJb', NULL, NULL, NULL, NULL, '2024-06-09 17:00:00'),
(319, 'Joko', '8160544888', 'joko@gmail.com', 'yX4xWQrs', NULL, NULL, NULL, NULL, '2024-06-22 17:00:00'),
(320, 'Putri', '8221462661', 'putri@gmail.com', '8o2Q60EJ', NULL, NULL, NULL, NULL, '2024-02-07 17:00:00'),
(321, 'Tono', '8456029242', 'tono@gmail.com', 'T5MI6VZr', NULL, NULL, NULL, NULL, '2024-10-10 17:00:00'),
(322, 'Adi', '8318547207', 'adi@gmail.com', 'r0mh3xgG', NULL, NULL, NULL, NULL, '2024-06-25 17:00:00'),
(323, 'Yuni', '8255527230', 'yuni@gmail.com', 'TEUcQ6pc', NULL, NULL, NULL, NULL, '2024-01-29 17:00:00'),
(324, 'Adi', '8492197426', 'adi@gmail.com', 'b7o3JvNz', NULL, NULL, NULL, NULL, '2024-03-23 17:00:00'),
(325, 'Lina', '8276787231', 'lina@gmail.com', '7EXRALhu', NULL, NULL, NULL, NULL, '2024-07-03 17:00:00'),
(326, 'Dian', '8266279479', 'dian@gmail.com', 'Bwy8oZiG', NULL, NULL, NULL, NULL, '2024-07-21 17:00:00'),
(327, 'Adi', '8201027245', 'adi@gmail.com', 'cMZOeDBW', NULL, NULL, NULL, NULL, '2024-09-21 17:00:00'),
(328, 'Dewi', '8331362870', 'dewi@gmail.com', 'GAvZnwLq', NULL, NULL, NULL, NULL, '2024-02-09 17:00:00'),
(329, 'Dian', '8450162259', 'dian@gmail.com', 'otVYI0JX', NULL, NULL, NULL, NULL, '2024-05-14 17:00:00'),
(330, 'Eka', '8962451752', 'eka@gmail.com', '7v26yaNK', NULL, NULL, NULL, NULL, '2024-11-08 17:00:00'),
(331, 'Rini', '8763085721', 'rini@gmail.com', 'xnmJKNWm', NULL, NULL, NULL, NULL, '2024-05-13 17:00:00'),
(332, 'Joko', '8471771501', 'joko@gmail.com', 'RUIENTiD', NULL, NULL, NULL, NULL, '2024-02-22 17:00:00'),
(333, 'Joko', '8732476313', 'joko@gmail.com', 'J2AWm4PI', NULL, NULL, NULL, NULL, '2024-03-04 17:00:00'),
(334, 'Yuni', '8240035813', 'yuni@gmail.com', 'aixjYu20', NULL, NULL, NULL, NULL, '2024-08-31 17:00:00'),
(335, 'Fajar', '8592556198', 'fajar@gmail.com', 'YMNsqAfr', NULL, NULL, NULL, NULL, '2024-07-20 17:00:00'),
(336, 'Andi', '8808505322', 'andi@gmail.com', 'uGmKr7Ch', NULL, NULL, NULL, NULL, '2024-01-11 17:00:00'),
(337, 'Joko', '8377678992', 'joko@gmail.com', 'wG3kO7Ez', NULL, NULL, NULL, NULL, '2024-07-08 17:00:00'),
(338, 'Tono', '8671986472', 'tono@gmail.com', 'sIolu2wP', NULL, NULL, NULL, NULL, '2024-01-22 17:00:00'),
(339, 'Tono', '8862277805', 'tono@gmail.com', 'rboRhr8s', NULL, NULL, NULL, NULL, '2024-09-13 17:00:00'),
(340, 'Andi', '8870726786', 'andi@gmail.com', '2GqcLM2l', NULL, NULL, NULL, NULL, '2024-09-05 17:00:00'),
(341, 'Indah', '8618319224', 'indah@gmail.com', 'Z07ss8ZQ', NULL, NULL, NULL, NULL, '2024-12-21 17:00:00'),
(342, 'Indah', '8760664280', 'indah@gmail.com', 'mWlFJ7E9', NULL, NULL, NULL, NULL, '2024-04-01 17:00:00'),
(343, 'Adi', '8748483102', 'adi@gmail.com', 'sK7dldMf', NULL, NULL, NULL, NULL, '2024-06-08 17:00:00'),
(344, 'Rini', '8583639539', 'rini@gmail.com', 'mrs4g2cG', NULL, NULL, NULL, NULL, '2024-01-24 17:00:00'),
(345, 'Fitri', '8979911620', 'fitri@gmail.com', 'MLZWiX3j', NULL, NULL, NULL, NULL, '2024-01-20 17:00:00'),
(346, 'Eka', '8507728320', 'eka@gmail.com', 'DeSW5I0q', NULL, NULL, NULL, NULL, '2024-08-03 17:00:00'),
(347, 'Budi', '8211038195', 'budi@gmail.com', '17qYi777', NULL, NULL, NULL, NULL, '2024-06-26 17:00:00'),
(348, 'Putri', '8287039824', 'putri@gmail.com', 'ymEgKBqx', NULL, NULL, NULL, NULL, '2024-10-11 17:00:00'),
(349, 'Joko', '8736175976', 'joko@gmail.com', 'PdVQBLk1', NULL, NULL, NULL, NULL, '2024-09-08 17:00:00'),
(350, 'Fitri', '8193964133', 'fitri@gmail.com', 'vgSE1Elx', NULL, NULL, NULL, NULL, '2024-11-25 17:00:00'),
(351, 'Fajar', '8328596890', 'fajar@gmail.com', 'LE3ne7Nn', NULL, NULL, NULL, NULL, '2024-10-18 17:00:00'),
(352, 'Rini', '8829357012', 'rini@gmail.com', 'l2wqopMC', NULL, NULL, NULL, NULL, '2024-09-18 17:00:00'),
(353, 'Agus', '8779656132', 'agus@gmail.com', 'I9YG8rhs', NULL, NULL, NULL, NULL, '2024-09-04 17:00:00'),
(354, 'Adi', '8291521885', 'adi@gmail.com', 'UaqdtoOp', NULL, NULL, NULL, NULL, '2024-11-07 17:00:00'),
(355, 'Tono', '8559320760', 'tono@gmail.com', 'pEpR5Zb5', NULL, NULL, NULL, NULL, '2024-07-12 17:00:00'),
(356, 'Bayu', '8144156185', 'bayu@gmail.com', 'TesvLCWi', NULL, NULL, NULL, NULL, '2024-02-28 17:00:00'),
(357, 'Siti', '8732075231', 'siti@gmail.com', 'whuhMkc4', NULL, NULL, NULL, NULL, '2024-09-05 17:00:00'),
(358, 'Rini', '8288485964', 'rini@gmail.com', 'IluOpKg7', NULL, NULL, NULL, NULL, '2024-12-12 17:00:00'),
(359, 'Joko', '8365336469', 'joko@gmail.com', 'mJxh4MQ0', NULL, NULL, NULL, NULL, '2024-07-18 17:00:00'),
(360, 'Andi', '8494404184', 'andi@gmail.com', 'MsZSg1kI', NULL, NULL, NULL, NULL, '2024-06-20 17:00:00'),
(361, 'Fitri', '8462590752', 'fitri@gmail.com', 'q7GoL7aM', NULL, NULL, NULL, NULL, '2024-10-20 17:00:00'),
(362, 'Dian', '8326308782', 'dian@gmail.com', 'JiwAStiD', NULL, NULL, NULL, NULL, '2024-11-08 17:00:00'),
(363, 'Indah', '8781234837', 'indah@gmail.com', 'HhkKwuxa', NULL, NULL, NULL, NULL, '2024-05-05 17:00:00'),
(364, 'Siti', '8383090250', 'siti@gmail.com', 'SULokP9L', NULL, NULL, NULL, NULL, '2024-09-10 17:00:00'),
(365, 'Rini', '8591719295', 'rini@gmail.com', 'fTJ7rlPU', NULL, NULL, NULL, NULL, '2024-12-14 17:00:00'),
(366, 'Agus', '8458961690', 'agus@gmail.com', 'cQjLAzoC', NULL, NULL, NULL, NULL, '2024-01-08 17:00:00'),
(367, 'Joko', '8939562045', 'joko@gmail.com', 'GvLPgR3k', NULL, NULL, NULL, NULL, '2024-03-18 17:00:00'),
(368, 'Indah', '8249845558', 'indah@gmail.com', 'mGUbSCoY', NULL, NULL, NULL, NULL, '2024-05-09 17:00:00'),
(369, 'Sari', '8918031141', 'sari@gmail.com', 'uVqhoUii', NULL, NULL, NULL, NULL, '2024-04-16 17:00:00'),
(370, 'Dewi', '8261874121', 'dewi@gmail.com', 'RgNoljoM', NULL, NULL, NULL, NULL, '2024-09-10 17:00:00'),
(371, 'Siti', '8671063067', 'siti@gmail.com', 'CoOTnaul', NULL, NULL, NULL, NULL, '2024-08-24 17:00:00'),
(372, 'Siti', '8787547956', 'siti@gmail.com', '698s0Wvd', NULL, NULL, NULL, NULL, '2024-11-18 17:00:00'),
(373, 'Bayu', '8385907928', 'bayu@gmail.com', 'gxLTt480', NULL, NULL, NULL, NULL, '2024-03-19 17:00:00'),
(374, 'Indah', '8159542750', 'indah@gmail.com', 'uUFq6YK5', NULL, NULL, NULL, NULL, '2024-05-06 17:00:00'),
(375, 'Fitri', '8205179928', 'fitri@gmail.com', '5CRVJRWb', NULL, NULL, NULL, NULL, '2024-11-21 17:00:00'),
(376, 'Agus', '8130506112', 'agus@gmail.com', 'B0SLsssB', NULL, NULL, NULL, NULL, '2024-09-01 17:00:00'),
(377, 'Andi', '8136436973', 'andi@gmail.com', '48bfYMmI', NULL, NULL, NULL, NULL, '2024-01-23 17:00:00'),
(378, 'Indah', '8875089326', 'indah@gmail.com', 'rn0JJrXA', NULL, NULL, NULL, NULL, '2024-11-04 17:00:00'),
(379, 'Sari', '8529727054', 'sari@gmail.com', 'TK7EUiY8', NULL, NULL, NULL, NULL, '2024-03-21 17:00:00'),
(380, 'Budi', '8852394269', 'budi@gmail.com', 'zGOV8W6R', NULL, NULL, NULL, NULL, '2024-02-25 17:00:00'),
(381, 'Bayu', '8710709448', 'bayu@gmail.com', 'DoHD4U5o', NULL, NULL, NULL, NULL, '2024-06-08 17:00:00'),
(382, 'Yuni', '8523235636', 'yuni@gmail.com', 'xjwH3rqj', NULL, NULL, NULL, NULL, '2024-11-28 17:00:00'),
(383, 'Siti', '8419061768', 'siti@gmail.com', 'NHWNFz22', NULL, NULL, NULL, NULL, '2024-02-04 17:00:00'),
(384, 'Budi', '8835505299', 'budi@gmail.com', 'PiQFGJSe', NULL, NULL, NULL, NULL, '2024-02-22 17:00:00'),
(385, 'Siti', '8738394036', 'siti@gmail.com', 'sxNfGZYh', NULL, NULL, NULL, NULL, '2024-02-27 17:00:00'),
(386, 'Dian', '8116936121', 'dian@gmail.com', 'v5o8RgX8', NULL, NULL, NULL, NULL, '2024-04-04 17:00:00'),
(387, 'Budi', '8745042975', 'budi@gmail.com', 'hm4uZEmx', NULL, NULL, NULL, NULL, '2024-11-20 17:00:00'),
(388, 'Tono', '8818554536', 'tono@gmail.com', 'LMNpoku0', NULL, NULL, NULL, NULL, '2024-02-26 17:00:00'),
(389, 'Budi', '8644608864', 'budi@gmail.com', 'krCFyHE8', NULL, NULL, NULL, NULL, '2024-07-05 17:00:00'),
(390, 'Rini', '8650009962', 'rini@gmail.com', 'uIpzIZlK', NULL, NULL, NULL, NULL, '2024-11-12 17:00:00'),
(391, 'Budi', '8274874942', 'budi@gmail.com', 'GX4XCIBm', NULL, NULL, NULL, NULL, '2024-09-29 17:00:00'),
(392, 'Agus', '8924944568', 'agus@gmail.com', 'OKg2XPlp', NULL, NULL, NULL, NULL, '2024-06-05 17:00:00'),
(393, 'Fajar', '8267356763', 'fajar@gmail.com', 'SITMySMa', NULL, NULL, NULL, NULL, '2024-09-21 17:00:00'),
(394, 'Fitri', '8994509131', 'fitri@gmail.com', '205moWwN', NULL, NULL, NULL, NULL, '2024-08-27 17:00:00'),
(395, 'Putri', '8879759023', 'putri@gmail.com', 'JlJE9oLR', NULL, NULL, NULL, NULL, '2024-10-24 17:00:00'),
(396, 'Adi', '8715611438', 'adi@gmail.com', 'MiOvXyCL', NULL, NULL, NULL, NULL, '2024-08-07 17:00:00'),
(397, 'Fitri', '8890258109', 'fitri@gmail.com', 'R3yMY3Z5', NULL, NULL, NULL, NULL, '2024-05-23 17:00:00'),
(398, 'Rini', '8335795689', 'rini@gmail.com', 'NhR1wqOe', NULL, NULL, NULL, NULL, '2024-12-09 17:00:00'),
(399, 'Adi', '8712303712', 'adi@gmail.com', 'wXxaOUgn', NULL, NULL, NULL, NULL, '2024-10-20 17:00:00'),
(400, 'Rini', '8961051444', 'rini@gmail.com', 'L4QdkA5S', NULL, NULL, NULL, NULL, '2024-01-25 17:00:00'),
(401, 'Agus', '8441287798', 'agus@gmail.com', 'ljUl4u3m', NULL, NULL, NULL, NULL, '2024-09-07 17:00:00'),
(402, 'Hendra', '8860283442', 'hendra@gmail.com', '3gS6N1Cm', NULL, NULL, NULL, NULL, '2024-09-10 17:00:00'),
(403, 'Adi', '8387527393', 'adi@gmail.com', 'A8PbZl9X', NULL, NULL, NULL, NULL, '2024-07-06 17:00:00'),
(404, 'Andi', '8774047032', 'andi@gmail.com', 'lq1qUBgq', NULL, NULL, NULL, NULL, '2024-06-05 17:00:00'),
(405, 'Andi', '8170747310', 'andi@gmail.com', 'fJE2shjf', NULL, NULL, NULL, NULL, '2024-10-08 17:00:00'),
(406, 'Indah', '8388084692', 'indah@gmail.com', '5XiIE2XB', NULL, NULL, NULL, NULL, '2024-07-29 17:00:00'),
(407, 'Bayu', '8103842098', 'bayu@gmail.com', 'IOAzxO6I', NULL, NULL, NULL, NULL, '2024-08-25 17:00:00'),
(408, 'Indah', '8797625224', 'indah@gmail.com', 'QMpnh6Px', NULL, NULL, NULL, NULL, '2024-08-06 17:00:00'),
(409, 'Lina', '8270262291', 'lina@gmail.com', 'RANF6hbL', NULL, NULL, NULL, NULL, '2024-08-30 17:00:00'),
(410, 'Rini', '8907897392', 'rini@gmail.com', 'vyq4GkKf', NULL, NULL, NULL, NULL, '2024-08-19 17:00:00'),
(411, 'Budi', '8900299286', 'budi@gmail.com', 'bRwmol8t', NULL, NULL, NULL, NULL, '2024-12-08 17:00:00'),
(412, 'Agus', '8452089363', 'agus@gmail.com', 'DbwXsANP', NULL, NULL, NULL, NULL, '2024-09-02 17:00:00'),
(413, 'Budi', '8468945158', 'budi@gmail.com', 'BaRfctjd', NULL, NULL, NULL, NULL, '2024-03-06 17:00:00'),
(414, 'Lina', '8814669068', 'lina@gmail.com', '9x60Wk0u', NULL, NULL, NULL, NULL, '2024-06-27 17:00:00'),
(415, 'Joko', '8175052327', 'joko@gmail.com', 'b8k5NNNt', NULL, NULL, NULL, NULL, '2024-06-23 17:00:00'),
(416, 'Tono', '8140998173', 'tono@gmail.com', 'E0dreuFZ', NULL, NULL, NULL, NULL, '2024-10-16 17:00:00'),
(417, 'Lina', '8204202093', 'lina@gmail.com', 'nODh61MI', NULL, NULL, NULL, NULL, '2024-07-08 17:00:00'),
(418, 'Eka', '8380739694', 'eka@gmail.com', 'N6FnQ4di', NULL, NULL, NULL, NULL, '2024-09-15 17:00:00'),
(419, 'Dewi', '8341537842', 'dewi@gmail.com', 'Nm0fJJvc', NULL, NULL, NULL, NULL, '2024-04-27 17:00:00'),
(420, 'Budi', '8824565616', 'budi@gmail.com', '1UUyhleZ', NULL, NULL, NULL, NULL, '2024-06-30 17:00:00'),
(421, 'Tono', '8118621555', 'tono@gmail.com', '8LQdiZn2', NULL, NULL, NULL, NULL, '2024-10-25 17:00:00'),
(422, 'Budi', '8355105081', 'budi@gmail.com', 'SFgRqYfa', NULL, NULL, NULL, NULL, '2024-10-24 17:00:00'),
(423, 'Tono', '8105331644', 'tono@gmail.com', 'Aep62zdF', NULL, NULL, NULL, NULL, '2024-09-28 17:00:00'),
(424, 'Dewi', '8173091877', 'dewi@gmail.com', 'YHpMu3dc', NULL, NULL, NULL, NULL, '2024-01-10 17:00:00'),
(425, 'Agus', '8997757753', 'agus@gmail.com', 'LWdAVcwE', NULL, NULL, NULL, NULL, '2024-04-07 17:00:00'),
(426, 'Dian', '8207716840', 'dian@gmail.com', 'DprYOOpB', NULL, NULL, NULL, NULL, '2024-11-01 17:00:00'),
(427, 'Adi', '8128438108', 'adi@gmail.com', 'lF9WVjuC', NULL, NULL, NULL, NULL, '2024-10-12 17:00:00'),
(428, 'Fitri', '8840594523', 'fitri@gmail.com', 'yyk1qUsZ', NULL, NULL, NULL, NULL, '2024-11-30 17:00:00'),
(429, 'Eka', '8308959188', 'eka@gmail.com', 'Fanu9fpW', NULL, NULL, NULL, NULL, '2024-04-19 17:00:00'),
(430, 'Fajar', '8481871323', 'fajar@gmail.com', 'Hca5FMiW', NULL, NULL, NULL, NULL, '2024-09-26 17:00:00'),
(431, 'Agus', '8608847272', 'agus@gmail.com', 'Mb3Yjnrt', NULL, NULL, NULL, NULL, '2024-09-03 17:00:00'),
(432, 'Fitri', '8987061273', 'fitri@gmail.com', 'PdTft2ZJ', NULL, NULL, NULL, NULL, '2024-05-10 17:00:00'),
(433, 'Hendra', '8311975984', 'hendra@gmail.com', '3KEiawMf', NULL, NULL, NULL, NULL, '2024-05-02 17:00:00'),
(434, 'Tono', '8421510912', 'tono@gmail.com', 'bfmWSKBz', NULL, NULL, NULL, NULL, '2024-02-04 17:00:00'),
(435, 'Fajar', '8479836303', 'fajar@gmail.com', 'TGMqFH0d', NULL, NULL, NULL, NULL, '2024-04-24 17:00:00'),
(436, 'Andi', '8308607886', 'andi@gmail.com', 'GTNLUt4e', NULL, NULL, NULL, NULL, '2024-02-15 17:00:00'),
(437, 'Bayu', '8980432802', 'bayu@gmail.com', 'y2mKYdL3', NULL, NULL, NULL, NULL, '2024-11-11 17:00:00'),
(438, 'Yuni', '8498929472', 'yuni@gmail.com', 'GjVfR9eF', NULL, NULL, NULL, NULL, '2024-06-10 17:00:00'),
(439, 'Sari', '8554134435', 'sari@gmail.com', 'sPXklNAS', NULL, NULL, NULL, NULL, '2024-08-23 17:00:00'),
(440, 'Sari', '8894780214', 'sari@gmail.com', 'Xoh0NvrM', NULL, NULL, NULL, NULL, '2024-11-20 17:00:00'),
(441, 'Dian', '8898627548', 'dian@gmail.com', 'aV56JgNp', NULL, NULL, NULL, NULL, '2024-02-04 17:00:00'),
(442, 'Sari', '8254162496', 'sari@gmail.com', 'rXc7Jlub', NULL, NULL, NULL, NULL, '2024-05-02 17:00:00'),
(443, 'Joko', '8622242693', 'joko@gmail.com', 'VzKpfh8L', NULL, NULL, NULL, NULL, '2024-01-19 17:00:00'),
(444, 'Dewi', '8985288808', 'dewi@gmail.com', 'VD2KIH8B', NULL, NULL, NULL, NULL, '2024-01-09 17:00:00'),
(445, 'Andi', '8944481751', 'andi@gmail.com', 'a61v4FqC', NULL, NULL, NULL, NULL, '2024-04-04 17:00:00'),
(446, 'Tono', '8856974134', 'tono@gmail.com', 'vmDrZLRE', NULL, NULL, NULL, NULL, '2024-07-25 17:00:00'),
(447, 'Lina', '8823584984', 'lina@gmail.com', '9Dm0PjEE', NULL, NULL, NULL, NULL, '2024-02-24 17:00:00'),
(448, 'Dian', '8611232563', 'dian@gmail.com', 'RrKVOlSl', NULL, NULL, NULL, NULL, '2024-02-10 17:00:00'),
(449, 'Fitri', '8199448915', 'fitri@gmail.com', 'R50E7bLI', NULL, NULL, NULL, NULL, '2024-03-12 17:00:00'),
(450, 'Yuni', '8261670246', 'yuni@gmail.com', 'ABMcBGyY', NULL, NULL, NULL, NULL, '2024-08-16 17:00:00'),
(451, 'Adi', '8798004407', 'adi@gmail.com', 'PLHiCwSp', NULL, NULL, NULL, NULL, '2024-02-06 17:00:00'),
(452, 'Sari', '8612143512', 'sari@gmail.com', 'V7LIICEu', NULL, NULL, NULL, NULL, '2024-06-15 17:00:00'),
(453, 'Andi', '8188997923', 'andi@gmail.com', 'ay4Ua1MG', NULL, NULL, NULL, NULL, '2024-12-09 17:00:00'),
(454, 'Putri', '8366869088', 'putri@gmail.com', 'pQEtvBwq', NULL, NULL, NULL, NULL, '2024-05-24 17:00:00'),
(455, 'Bayu', '8638947574', 'bayu@gmail.com', 'bMzqD4mO', NULL, NULL, NULL, NULL, '2024-11-14 17:00:00'),
(456, 'Dewi', '8852348570', 'dewi@gmail.com', 'ShcSujJi', NULL, NULL, NULL, NULL, '2024-11-28 17:00:00'),
(457, 'Putri', '8520999659', 'putri@gmail.com', 'DOQEWyzb', NULL, NULL, NULL, NULL, '2024-02-04 17:00:00'),
(458, 'Sari', '8907973646', 'sari@gmail.com', 'm1umZgUt', NULL, NULL, NULL, NULL, '2024-02-19 17:00:00'),
(459, 'Hendra', '8396403597', 'hendra@gmail.com', 'DPgoOtlO', NULL, NULL, NULL, NULL, '2024-06-09 17:00:00'),
(460, 'Adi', '8844881035', 'adi@gmail.com', 'j9O9uBVT', NULL, NULL, NULL, NULL, '2024-12-10 17:00:00'),
(461, 'Eka', '8836477868', 'eka@gmail.com', 'fshBzrqV', NULL, NULL, NULL, NULL, '2024-08-01 17:00:00'),
(462, 'Eka', '8397385402', 'eka@gmail.com', 'bCH9p4I5', NULL, NULL, NULL, NULL, '2024-11-13 17:00:00'),
(463, 'Adi', '8806672847', 'adi@gmail.com', '7af2PXxT', NULL, NULL, NULL, NULL, '2024-12-27 17:00:00'),
(464, 'Budi', '8210770801', 'budi@gmail.com', 'HJa23aJU', NULL, NULL, NULL, NULL, '2024-03-22 17:00:00'),
(465, 'Siti', '8277228351', 'siti@gmail.com', 'hC8e8mRb', NULL, NULL, NULL, NULL, '2024-02-14 17:00:00'),
(466, 'Fajar', '8859792980', 'fajar@gmail.com', 'KnwzIf7U', NULL, NULL, NULL, NULL, '2024-06-03 17:00:00'),
(467, 'Adi', '8751200694', 'adi@gmail.com', '6MDiyOQJ', NULL, NULL, NULL, NULL, '2024-10-05 17:00:00'),
(468, 'Dewi', '8520970141', 'dewi@gmail.com', 'YTbMBFJz', NULL, NULL, NULL, NULL, '2024-05-18 17:00:00'),
(469, 'Rini', '8636506503', 'rini@gmail.com', 'ljngUmnF', NULL, NULL, NULL, NULL, '2024-08-25 17:00:00'),
(470, 'Yuni', '8531644606', 'yuni@gmail.com', 'iGJIioru', NULL, NULL, NULL, NULL, '2024-03-18 17:00:00'),
(471, 'Budi', '8925269653', 'budi@gmail.com', 'oYbVQh2j', NULL, NULL, NULL, NULL, '2024-05-02 17:00:00'),
(472, 'Joko', '8585079171', 'joko@gmail.com', 'qqDHVDc9', NULL, NULL, NULL, NULL, '2024-10-23 17:00:00'),
(473, 'Dian', '8800758935', 'dian@gmail.com', '5tbcOlBp', NULL, NULL, NULL, NULL, '2024-06-21 17:00:00'),
(474, 'Agus', '8507276772', 'agus@gmail.com', 'V6J14mfq', NULL, NULL, NULL, NULL, '2024-12-02 17:00:00'),
(475, 'Joko', '8683095754', 'joko@gmail.com', 'vALkrnXt', NULL, NULL, NULL, NULL, '2024-11-08 17:00:00');
INSERT INTO `penyewa` (`idPenyewa`, `namaPenyewa`, `noTelepon`, `email`, `password`, `fotoJaminan`, `idKamar`, `reset_token`, `token_expiry`, `created_at`) VALUES
(476, 'Sari', '8599825239', 'sari@gmail.com', 'Bpemv9oO', NULL, NULL, NULL, NULL, '2024-01-18 17:00:00'),
(477, 'Eka', '8879017778', 'eka@gmail.com', 'n6Zt1sRu', NULL, NULL, NULL, NULL, '2024-04-03 17:00:00'),
(478, 'Fajar', '8147640668', 'fajar@gmail.com', 'E8YsJ7MX', NULL, NULL, NULL, NULL, '2024-04-02 17:00:00'),
(479, 'Joko', '8398446735', 'joko@gmail.com', 'vFDMyZws', NULL, NULL, NULL, NULL, '2024-08-04 17:00:00'),
(480, 'Agus', '8825684083', 'agus@gmail.com', 'akGb7ADy', NULL, NULL, NULL, NULL, '2024-01-30 17:00:00'),
(481, 'Yuni', '8355104391', 'yuni@gmail.com', 'bnfTkJCR', NULL, NULL, NULL, NULL, '2024-12-17 17:00:00'),
(482, 'Joko', '8148189371', 'joko@gmail.com', 'PX9rgSSl', NULL, NULL, NULL, NULL, '2024-08-17 17:00:00'),
(483, 'Agus', '8140117513', 'agus@gmail.com', 'OQ35TCZL', NULL, NULL, NULL, NULL, '2024-02-08 17:00:00'),
(484, 'Fajar', '8615900956', 'fajar@gmail.com', '4sfvQ3hi', NULL, NULL, NULL, NULL, '2024-06-07 17:00:00'),
(485, 'Dewi', '8644778302', 'dewi@gmail.com', 'wAfBSV7J', NULL, NULL, NULL, NULL, '2024-10-04 17:00:00'),
(486, 'Budi', '8636657215', 'budi@gmail.com', '2qHzaosI', NULL, NULL, NULL, NULL, '2024-11-07 17:00:00'),
(487, 'Putri', '8471329566', 'putri@gmail.com', 'L2tttU2O', NULL, NULL, NULL, NULL, '2024-11-26 17:00:00'),
(488, 'Joko', '8724850394', 'joko@gmail.com', '1QETDgQQ', NULL, NULL, NULL, NULL, '2024-12-15 17:00:00'),
(489, 'Indah', '8276752597', 'indah@gmail.com', '2RbGiOrZ', NULL, NULL, NULL, NULL, '2024-09-19 17:00:00'),
(490, 'Andi', '8753053463', 'andi@gmail.com', 'DZ7F5tCI', NULL, NULL, NULL, NULL, '2024-12-24 17:00:00'),
(491, 'Putri', '8326436409', 'putri@gmail.com', 'S830T346', NULL, NULL, NULL, NULL, '2024-11-05 17:00:00'),
(492, 'Fitri', '8678473495', 'fitri@gmail.com', 'Pex4WZSA', NULL, NULL, NULL, NULL, '2024-07-22 17:00:00'),
(493, 'Hendra', '8181403415', 'hendra@gmail.com', 'maaipw2G', NULL, NULL, NULL, NULL, '2024-09-12 17:00:00'),
(494, 'Siti', '8116188398', 'siti@gmail.com', '4yTsgawV', NULL, NULL, NULL, NULL, '2024-10-06 17:00:00'),
(495, 'Lina', '8930804477', 'lina@gmail.com', 'VSH8kl44', NULL, NULL, NULL, NULL, '2024-02-12 17:00:00'),
(496, 'Fajar', '8383164181', 'fajar@gmail.com', '2UMLDkF1', NULL, NULL, NULL, NULL, '2024-10-14 17:00:00'),
(497, 'Dian', '8697516287', 'dian@gmail.com', 'AkY6Z7mH', NULL, NULL, NULL, NULL, '2024-07-29 17:00:00'),
(498, 'Eka', '8899695954', 'eka@gmail.com', '0eUyIM2l', NULL, NULL, NULL, NULL, '2024-02-23 17:00:00'),
(499, 'Adi', '8478649254', 'adi@gmail.com', '4TNLQUIC', NULL, NULL, NULL, NULL, '2024-03-12 17:00:00'),
(500, 'Lina', '8835142522', 'lina@gmail.com', '19HvaJCb', NULL, NULL, NULL, NULL, '2024-08-04 17:00:00'),
(501, 'Fitri', '8486645459', 'fitri@gmail.com', 'kpU7RCZZ', NULL, NULL, NULL, NULL, '2024-11-25 17:00:00'),
(502, 'Rini', '8593808712', 'rini@gmail.com', '9mK4xoPV', NULL, NULL, NULL, NULL, '2024-07-08 17:00:00'),
(503, 'Lina', '8851488227', 'lina@gmail.com', 'CHdsMkYL', NULL, NULL, NULL, NULL, '2024-03-04 17:00:00'),
(504, 'Dian', '8229968386', 'dian@gmail.com', 'OA7MoJlF', NULL, NULL, NULL, NULL, '2024-06-07 17:00:00'),
(505, 'Adi', '8723393485', 'adi@gmail.com', '57nKEBmB', NULL, NULL, NULL, NULL, '2024-06-14 17:00:00'),
(506, 'Lina', '8624171234', 'lina@gmail.com', 'coD2HzYQ', NULL, NULL, NULL, NULL, '2024-04-18 17:00:00'),
(507, 'Fitri', '8872244360', 'fitri@gmail.com', 'bCoZPJ7u', NULL, NULL, NULL, NULL, '2024-03-03 17:00:00'),
(508, 'Andi', '8391029652', 'andi@gmail.com', 'ESJRx93A', NULL, NULL, NULL, NULL, '2024-07-26 17:00:00'),
(509, 'Siti', '8948179663', 'siti@gmail.com', 'cUdX5rek', NULL, NULL, NULL, NULL, '2024-07-11 17:00:00'),
(510, 'Lina', '8809871497', 'lina@gmail.com', 'GrKkdRYF', NULL, NULL, NULL, NULL, '2024-07-08 17:00:00'),
(511, 'Lina', '8979518197', 'lina@gmail.com', 'nOIWh1XF', NULL, NULL, NULL, NULL, '2024-10-05 17:00:00'),
(512, 'Yuni', '8201646021', 'yuni@gmail.com', 'uyRshT7c', NULL, NULL, NULL, NULL, '2024-06-10 17:00:00'),
(513, 'Budi', '8851417527', 'budi@gmail.com', 'jHJilJkS', NULL, NULL, NULL, NULL, '2024-11-30 17:00:00'),
(514, 'Bayu', '8683364138', 'bayu@gmail.com', 'bjf0eEpr', NULL, NULL, NULL, NULL, '2024-11-02 17:00:00'),
(515, 'Dewi', '8634227052', 'dewi@gmail.com', 'mOWpESjl', NULL, NULL, NULL, NULL, '2024-09-26 17:00:00'),
(516, 'Adi', '8176334335', 'adi@gmail.com', 'oNWw5U9T', NULL, NULL, NULL, NULL, '2024-05-05 17:00:00'),
(517, 'Indah', '8426175389', 'indah@gmail.com', 'KpjGGrUm', NULL, NULL, NULL, NULL, '2024-03-30 17:00:00'),
(518, 'Adi', '8331990321', 'adi@gmail.com', 'fLcxzBzc', NULL, NULL, NULL, NULL, '2024-07-01 17:00:00'),
(519, 'Agus', '8359127018', 'agus@gmail.com', 'PXn98Vn9', NULL, NULL, NULL, NULL, '2024-11-24 17:00:00'),
(520, 'Dian', '8922727609', 'dian@gmail.com', 'nxt9xAJ1', NULL, NULL, NULL, NULL, '2024-01-01 17:00:00'),
(521, 'Indah', '8406915287', 'indah@gmail.com', 'cG1tfMMq', NULL, NULL, NULL, NULL, '2024-05-27 17:00:00'),
(522, 'Yuni', '8449288533', 'yuni@gmail.com', 'Xt83h02Y', NULL, NULL, NULL, NULL, '2024-08-27 17:00:00'),
(523, 'Eka', '8395450544', 'eka@gmail.com', 'KGqfuz49', NULL, NULL, NULL, NULL, '2024-11-09 17:00:00'),
(524, 'Agus', '8257801775', 'agus@gmail.com', 'sqkmmgHw', NULL, NULL, NULL, NULL, '2024-03-10 17:00:00'),
(525, 'Rini', '8774277760', 'rini@gmail.com', 'TQp4W2cZ', NULL, NULL, NULL, NULL, '2024-08-01 17:00:00'),
(526, 'Adi', '8691345627', 'adi@gmail.com', 'IMfqrwVQ', NULL, NULL, NULL, NULL, '2024-07-14 17:00:00'),
(527, 'Andi', '8700003150', 'andi@gmail.com', 'nt5tP7Ux', NULL, NULL, NULL, NULL, '2024-04-30 17:00:00'),
(528, 'Putri', '8669823542', 'putri@gmail.com', 'rBnmahH2', NULL, NULL, NULL, NULL, '2024-01-17 17:00:00'),
(529, 'Siti', '8934564988', 'siti@gmail.com', 'ayozKbt8', NULL, NULL, NULL, NULL, '2024-03-06 17:00:00'),
(530, 'Fajar', '8313795240', 'fajar@gmail.com', 'TETftbH7', NULL, NULL, NULL, NULL, '2024-04-05 17:00:00'),
(531, 'Adi', '8526118579', 'adi@gmail.com', 'XIsPPeys', NULL, NULL, NULL, NULL, '2024-03-25 17:00:00'),
(532, 'Adi', '8905231432', 'adi@gmail.com', 'i136ZTXP', NULL, NULL, NULL, NULL, '2024-03-27 17:00:00'),
(533, 'Eka', '8695284530', 'eka@gmail.com', 'tg11wyCc', NULL, NULL, NULL, NULL, '2024-08-02 17:00:00'),
(534, 'Rini', '8871297489', 'rini@gmail.com', 'qHS0WUT9', NULL, NULL, NULL, NULL, '2024-04-15 17:00:00'),
(535, 'Fajar', '8418092664', 'fajar@gmail.com', 'fkYbxYZ0', NULL, NULL, NULL, NULL, '2024-07-30 17:00:00'),
(536, 'Yuni', '8127207541', 'yuni@gmail.com', 'ueKearSd', NULL, NULL, NULL, NULL, '2024-03-06 17:00:00'),
(537, 'Dian', '8726792951', 'dian@gmail.com', 'Yl3cIK5C', NULL, NULL, NULL, NULL, '2024-06-15 17:00:00'),
(538, 'Fajar', '8411114501', 'fajar@gmail.com', 'c6X4zbdj', NULL, NULL, NULL, NULL, '2024-12-24 17:00:00'),
(539, 'Dewi', '8855166004', 'dewi@gmail.com', 'FN75r2Nf', NULL, NULL, NULL, NULL, '2024-11-21 17:00:00'),
(540, 'Sari', '8840770522', 'sari@gmail.com', '1K3ZqCBY', NULL, NULL, NULL, NULL, '2024-03-14 17:00:00'),
(541, 'Andi', '8476822742', 'andi@gmail.com', '8Hx31Jhf', NULL, NULL, NULL, NULL, '2024-02-29 17:00:00'),
(542, 'Andi', '8166520528', 'andi@gmail.com', 'GaHwlW4E', NULL, NULL, NULL, NULL, '2024-06-25 17:00:00'),
(543, 'Bayu', '8931618177', 'bayu@gmail.com', 'CO64CXLP', NULL, NULL, NULL, NULL, '2024-07-02 17:00:00'),
(544, 'Sari', '8151125626', 'sari@gmail.com', 'XqzAEWem', NULL, NULL, NULL, NULL, '2024-12-05 17:00:00'),
(545, 'Sari', '8991341417', 'sari@gmail.com', 'FKZAmyHF', NULL, NULL, NULL, NULL, '2024-04-12 17:00:00'),
(546, 'Andi', '8549089643', 'andi@gmail.com', 'eOEhivMd', NULL, NULL, NULL, NULL, '2024-09-12 17:00:00'),
(547, 'Bayu', '8415697596', 'bayu@gmail.com', 'AhSn074i', NULL, NULL, NULL, NULL, '2024-10-24 17:00:00'),
(548, 'Eka', '8816009867', 'eka@gmail.com', 'S45KUrc0', NULL, NULL, NULL, NULL, '2024-01-23 17:00:00'),
(549, 'Siti', '8265058442', 'siti@gmail.com', 'E14vCyO6', NULL, NULL, NULL, NULL, '2024-08-05 17:00:00'),
(550, 'Hendra', '8857936672', 'hendra@gmail.com', 'ze8K3e36', NULL, NULL, NULL, NULL, '2024-11-22 17:00:00'),
(551, 'Lina', '8339058126', 'lina@gmail.com', 'eIlRiDIb', NULL, NULL, NULL, NULL, '2024-08-19 17:00:00'),
(552, 'Dewi', '8160983274', 'dewi@gmail.com', 'Ac8ljFwB', NULL, NULL, NULL, NULL, '2024-02-03 17:00:00'),
(553, 'Yuni', '8139225858', 'yuni@gmail.com', '8oRFAYAj', NULL, NULL, NULL, NULL, '2024-10-11 17:00:00'),
(554, 'Yuni', '8614256113', 'yuni@gmail.com', 'mE2JrG8z', NULL, NULL, NULL, NULL, '2024-03-08 17:00:00'),
(555, 'Siti', '8940125279', 'siti@gmail.com', 'DR5JWT6k', NULL, NULL, NULL, NULL, '2024-07-20 17:00:00'),
(556, 'Yuni', '8274618002', 'yuni@gmail.com', 'Swgy9CmZ', NULL, NULL, NULL, NULL, '2024-05-05 17:00:00'),
(557, 'Lina', '8227809783', 'lina@gmail.com', 'btXtlluj', NULL, NULL, NULL, NULL, '2024-11-12 17:00:00'),
(558, 'Dewi', '8472700898', 'dewi@gmail.com', 'wA6EAcnu', NULL, NULL, NULL, NULL, '2024-09-28 17:00:00'),
(559, 'Putri', '8273350845', 'putri@gmail.com', 'NwG2w3Ym', NULL, NULL, NULL, NULL, '2024-07-30 17:00:00'),
(560, 'Budi', '8835998876', 'budi@gmail.com', 'AhhWr2Ov', NULL, NULL, NULL, NULL, '2024-03-03 17:00:00'),
(561, 'Lina', '8536400098', 'lina@gmail.com', 'ijBtw8hh', NULL, NULL, NULL, NULL, '2024-01-14 17:00:00'),
(562, 'Fajar', '8442278188', 'fajar@gmail.com', 'VIAC21ZE', NULL, NULL, NULL, NULL, '2024-09-14 17:00:00'),
(563, 'Budi', '8476792493', 'budi@gmail.com', 'gIfThcki', NULL, NULL, NULL, NULL, '2024-04-08 17:00:00'),
(564, 'Sari', '8941568098', 'sari@gmail.com', 'BfMeTATK', NULL, NULL, NULL, NULL, '2024-09-30 17:00:00'),
(565, 'Putri', '8431846516', 'putri@gmail.com', 'hlFYVkXR', NULL, NULL, NULL, NULL, '2024-07-17 17:00:00'),
(566, 'Hendra', '8378299643', 'hendra@gmail.com', 'Z136bwOg', NULL, NULL, NULL, NULL, '2024-04-21 17:00:00'),
(567, 'Dewi', '8443612031', 'dewi@gmail.com', 'LryeMV76', NULL, NULL, NULL, NULL, '2024-05-29 17:00:00'),
(568, 'Eka', '8385647144', 'eka@gmail.com', 'vRpPvgxp', NULL, NULL, NULL, NULL, '2024-10-04 17:00:00'),
(569, 'Rini', '8859382790', 'rini@gmail.com', 'xmK5L8T7', NULL, NULL, NULL, NULL, '2024-07-15 17:00:00'),
(570, 'Yuni', '8659303382', 'yuni@gmail.com', 'cJdF71YI', NULL, NULL, NULL, NULL, '2024-08-28 17:00:00'),
(571, 'Adi', '8674044028', 'adi@gmail.com', 's0ulPwWJ', NULL, NULL, NULL, NULL, '2024-05-31 17:00:00'),
(572, 'Andi', '8537832380', 'andi@gmail.com', 'K0KgfZVs', NULL, NULL, NULL, NULL, '2024-01-02 17:00:00'),
(573, 'Tono', '8874676147', 'tono@gmail.com', 'UaLyUhrS', NULL, NULL, NULL, NULL, '2024-06-19 17:00:00'),
(574, 'Sari', '8158366666', 'sari@gmail.com', '0KlqNEoR', NULL, NULL, NULL, NULL, '2024-08-31 17:00:00'),
(575, 'Yuni', '8868540394', 'yuni@gmail.com', 'zFwb8c8w', NULL, NULL, NULL, NULL, '2024-04-05 17:00:00'),
(576, 'Agus', '8194258471', 'agus@gmail.com', 'KbhZFhSo', NULL, NULL, NULL, NULL, '2024-07-02 17:00:00'),
(577, 'Rini', '8197327651', 'rini@gmail.com', 'UigAa2L5', NULL, NULL, NULL, NULL, '2024-01-25 17:00:00'),
(578, 'Rini', '8810669599', 'rini@gmail.com', 'zJdKiQZ7', NULL, NULL, NULL, NULL, '2024-12-02 17:00:00'),
(579, 'Sari', '8266398982', 'sari@gmail.com', 'pVOmSDTF', NULL, NULL, NULL, NULL, '2024-06-01 17:00:00'),
(580, 'Budi', '8892502693', 'budi@gmail.com', 'UJoyRjse', NULL, NULL, NULL, NULL, '2024-07-06 17:00:00'),
(581, 'Budi', '8283292352', 'budi@gmail.com', '4KX2vrQ3', NULL, NULL, NULL, NULL, '2024-03-21 17:00:00'),
(582, 'Indah', '8692787120', 'indah@gmail.com', '0G7hzqAB', NULL, NULL, NULL, NULL, '2024-02-21 17:00:00'),
(583, 'Bayu', '8705610667', 'bayu@gmail.com', 'l4LwjeKh', NULL, NULL, NULL, NULL, '2024-02-29 17:00:00'),
(584, 'Bayu', '8584658767', 'bayu@gmail.com', 'Ugz0L8sa', NULL, NULL, NULL, NULL, '2024-01-07 17:00:00'),
(585, 'Adi', '8552430029', 'adi@gmail.com', 'JK01l4hr', NULL, NULL, NULL, NULL, '2024-11-16 17:00:00'),
(586, 'Joko', '8296343445', 'joko@gmail.com', 'JfQBlUaY', NULL, NULL, NULL, NULL, '2024-06-20 17:00:00'),
(587, 'Andi', '8706517795', 'andi@gmail.com', 'gUrEyJyh', NULL, NULL, NULL, NULL, '2024-07-14 17:00:00'),
(588, 'Siti', '8562442050', 'siti@gmail.com', '74G8LciV', NULL, NULL, NULL, NULL, '2024-02-12 17:00:00'),
(589, 'Hendra', '8797227919', 'hendra@gmail.com', 'RH4IVRTU', NULL, NULL, NULL, NULL, '2024-11-07 17:00:00'),
(590, 'Rini', '8588333322', 'rini@gmail.com', 'bBCxD7GL', NULL, NULL, NULL, NULL, '2024-12-24 17:00:00'),
(591, 'Fitri', '8252616980', 'fitri@gmail.com', 'S2CLGN6F', NULL, NULL, NULL, NULL, '2024-06-19 17:00:00'),
(592, 'Adi', '8663771786', 'adi@gmail.com', 'yjXnJjmv', NULL, NULL, NULL, NULL, '2024-05-13 17:00:00'),
(593, 'Tono', '8526266376', 'tono@gmail.com', 'fFPXjYfP', NULL, NULL, NULL, NULL, '2024-03-26 17:00:00'),
(594, 'Sari', '8558339517', 'sari@gmail.com', '4bj40Usn', NULL, NULL, NULL, NULL, '2024-06-09 17:00:00'),
(595, 'Tono', '8854284024', 'tono@gmail.com', 'l4tccD3F', NULL, NULL, NULL, NULL, '2024-12-22 17:00:00'),
(596, 'Dian', '8799518109', 'dian@gmail.com', 'b9ARJoTd', NULL, NULL, NULL, NULL, '2024-09-30 17:00:00'),
(597, 'Yuni', '8226586739', 'yuni@gmail.com', 'o08WzVMu', NULL, NULL, NULL, NULL, '2024-08-04 17:00:00'),
(598, 'Andi', '8819914937', 'andi@gmail.com', 'wIb5KmKk', NULL, NULL, NULL, NULL, '2024-10-11 17:00:00'),
(599, 'Adi', '8582321423', 'adi@gmail.com', 'Hg9m1lUR', NULL, NULL, NULL, NULL, '2024-01-03 17:00:00'),
(600, 'Eka', '8351548685', 'eka@gmail.com', 'P5cIMg9B', NULL, NULL, NULL, NULL, '2024-04-27 17:00:00'),
(601, 'Eka', '8500278663', 'eka@gmail.com', 'NvxQKxYj', NULL, NULL, NULL, NULL, '2024-02-19 17:00:00'),
(602, 'Dewi', '8795394121', 'dewi@gmail.com', 'GLhf0TcW', NULL, NULL, NULL, NULL, '2024-10-07 17:00:00'),
(603, 'Tono', '8267400586', 'tono@gmail.com', 'HMlCgOEG', NULL, NULL, NULL, NULL, '2024-01-09 17:00:00'),
(604, 'Dian', '8706157273', 'dian@gmail.com', 'WcTRVkBi', NULL, NULL, NULL, NULL, '2024-07-22 17:00:00'),
(605, 'Tono', '8328638682', 'tono@gmail.com', 'OkNIoFHU', NULL, NULL, NULL, NULL, '2024-09-15 17:00:00'),
(606, 'Bayu', '8833886927', 'bayu@gmail.com', 'Qd9rpGje', NULL, NULL, NULL, NULL, '2024-04-18 17:00:00'),
(607, 'Adi', '8690997524', 'adi@gmail.com', '77h9ZTx2', NULL, NULL, NULL, NULL, '2024-11-28 17:00:00'),
(608, 'Joko', '8643329307', 'joko@gmail.com', 'CiNSRmEC', NULL, NULL, NULL, NULL, '2024-01-16 17:00:00'),
(609, 'Dian', '8223495717', 'dian@gmail.com', '6F2DXnRQ', NULL, NULL, NULL, NULL, '2024-04-24 17:00:00'),
(610, 'Joko', '8977164006', 'joko@gmail.com', 'VxdIGuTd', NULL, NULL, NULL, NULL, '2024-04-10 17:00:00'),
(611, 'Adi', '8142109982', 'adi@gmail.com', '71yGTerY', NULL, NULL, NULL, NULL, '2024-10-02 17:00:00'),
(612, 'Bayu', '8620227915', 'bayu@gmail.com', 'NYTlCosS', NULL, NULL, NULL, NULL, '2024-06-07 17:00:00'),
(613, 'Dewi', '8302863481', 'dewi@gmail.com', 'e4Gu8aBW', NULL, NULL, NULL, NULL, '2024-10-30 17:00:00'),
(614, 'Fajar', '8289034505', 'fajar@gmail.com', '6G3ZOnQn', NULL, NULL, NULL, NULL, '2024-01-02 17:00:00'),
(615, 'Fitri', '8749864102', 'fitri@gmail.com', 'oerl08QD', NULL, NULL, NULL, NULL, '2024-04-08 17:00:00'),
(616, 'Sari', '8721926863', 'sari@gmail.com', 'QJpsaLpp', NULL, NULL, NULL, NULL, '2024-02-17 17:00:00'),
(617, 'Joko', '8428269523', 'joko@gmail.com', 'Yab1OQwD', NULL, NULL, NULL, NULL, '2024-10-07 17:00:00'),
(618, 'Tono', '8482144810', 'tono@gmail.com', '08NozFic', NULL, NULL, NULL, NULL, '2024-09-25 17:00:00'),
(619, 'Siti', '8121251602', 'siti@gmail.com', 'cZDNOTrj', NULL, NULL, NULL, NULL, '2024-09-30 17:00:00'),
(620, 'Hendra', '8817706972', 'hendra@gmail.com', '4dz6uP8E', NULL, NULL, NULL, NULL, '2024-11-22 17:00:00'),
(621, 'Hendra', '8862006909', 'hendra@gmail.com', 'BLqUhswW', NULL, NULL, NULL, NULL, '2024-09-07 17:00:00'),
(622, 'Bayu', '8701471708', 'bayu@gmail.com', 'JLHwihLI', NULL, NULL, NULL, NULL, '2024-12-19 17:00:00'),
(623, 'Fajar', '8398367582', 'fajar@gmail.com', 'F4zE5ARb', NULL, NULL, NULL, NULL, '2024-04-08 17:00:00'),
(624, 'Putri', '8618555115', 'putri@gmail.com', 'iUuDTP8t', NULL, NULL, NULL, NULL, '2024-12-24 17:00:00'),
(625, 'Dewi', '8933489131', 'dewi@gmail.com', '1DV9THjB', NULL, NULL, NULL, NULL, '2024-08-14 17:00:00'),
(626, 'Joko', '8115625644', 'joko@gmail.com', 'eMBthXFK', NULL, NULL, NULL, NULL, '2024-01-07 17:00:00'),
(627, 'Eka', '8209069188', 'eka@gmail.com', 'HICk5EB7', NULL, NULL, NULL, NULL, '2024-05-21 17:00:00'),
(628, 'Tono', '8826535082', 'tono@gmail.com', '19SwVoCN', NULL, NULL, NULL, NULL, '2024-04-11 17:00:00'),
(629, 'Rini', '8228286354', 'rini@gmail.com', 'QIuQwwBu', NULL, NULL, NULL, NULL, '2024-12-02 17:00:00'),
(630, 'Putri', '8499632960', 'putri@gmail.com', '06G7ufPe', NULL, NULL, NULL, NULL, '2024-04-19 17:00:00'),
(631, 'Eka', '8762654407', 'eka@gmail.com', 'ft7yVxDR', NULL, NULL, NULL, NULL, '2024-10-20 17:00:00'),
(632, 'Yuni', '8535967047', 'yuni@gmail.com', 'IHj5XYK2', NULL, NULL, NULL, NULL, '2024-05-04 17:00:00'),
(633, 'Joko', '8386897760', 'joko@gmail.com', 'oaik9tyX', NULL, NULL, NULL, NULL, '2024-04-01 17:00:00'),
(634, 'Lina', '8345249929', 'lina@gmail.com', '1hxyl8cf', NULL, NULL, NULL, NULL, '2024-11-08 17:00:00'),
(635, 'Putri', '8801679697', 'putri@gmail.com', 'LMrhL0BK', NULL, NULL, NULL, NULL, '2024-11-28 17:00:00'),
(636, 'Andi', '8925189688', 'andi@gmail.com', 'hrPRBGrV', NULL, NULL, NULL, NULL, '2024-04-30 17:00:00'),
(637, 'Fajar', '8848792304', 'fajar@gmail.com', 'iAY7nKea', NULL, NULL, NULL, NULL, '2024-07-11 17:00:00'),
(638, 'Adi', '8225793407', 'adi@gmail.com', 'lf8hOhym', NULL, NULL, NULL, NULL, '2024-08-02 17:00:00'),
(639, 'Rini', '8157492678', 'rini@gmail.com', 'FME0eXFT', NULL, NULL, NULL, NULL, '2024-07-18 17:00:00'),
(640, 'Fitri', '8118983014', 'fitri@gmail.com', 'YDAUveao', NULL, NULL, NULL, NULL, '2024-12-17 17:00:00'),
(641, 'Dewi', '8326052226', 'dewi@gmail.com', '5ViDUBYs', NULL, NULL, NULL, NULL, '2024-12-11 17:00:00'),
(642, 'Tono', '8528952270', 'tono@gmail.com', 'WndfTJTq', NULL, NULL, NULL, NULL, '2024-10-09 17:00:00'),
(643, 'Budi', '8979881354', 'budi@gmail.com', 'vG7cnSow', NULL, NULL, NULL, NULL, '2024-03-30 17:00:00'),
(644, 'Bayu', '8394729585', 'bayu@gmail.com', 'eVgImUj3', NULL, NULL, NULL, NULL, '2024-09-26 17:00:00'),
(645, 'Dewi', '8838751206', 'dewi@gmail.com', 'VApFRIeU', NULL, NULL, NULL, NULL, '2024-05-13 17:00:00'),
(646, 'Hendra', '8855027458', 'hendra@gmail.com', 'wjhMWoEo', NULL, NULL, NULL, NULL, '2024-10-02 17:00:00'),
(647, 'Bayu', '8271846527', 'bayu@gmail.com', 'ndxbXEoC', NULL, NULL, NULL, NULL, '2024-08-08 17:00:00'),
(648, 'Tono', '8450440954', 'tono@gmail.com', '1mrVSVmQ', NULL, NULL, NULL, NULL, '2024-12-22 17:00:00'),
(649, 'Tono', '8323640912', 'tono@gmail.com', 'nN4i3doN', NULL, NULL, NULL, NULL, '2024-03-16 17:00:00'),
(650, 'Yuni', '8584562204', 'yuni@gmail.com', 'iHlZNAyL', NULL, NULL, NULL, NULL, '2024-08-12 17:00:00'),
(651, 'Bayu', '8845847830', 'bayu@gmail.com', 'AgGgxx8H', NULL, NULL, NULL, NULL, '2024-10-21 17:00:00'),
(652, 'Fitri', '8138385709', 'fitri@gmail.com', 'OdGUHQAg', NULL, NULL, NULL, NULL, '2024-10-19 17:00:00'),
(653, 'Dewi', '8665831894', 'dewi@gmail.com', 'AH6VXEsJ', NULL, NULL, NULL, NULL, '2024-02-13 17:00:00'),
(654, 'Andi', '8569803867', 'andi@gmail.com', 'FGUEhAKF', NULL, NULL, NULL, NULL, '2024-08-14 17:00:00'),
(655, 'Dian', '8771162206', 'dian@gmail.com', 'stRtiSfI', NULL, NULL, NULL, NULL, '2024-01-03 17:00:00'),
(656, 'Lina', '8892530622', 'lina@gmail.com', 'hmP1NHDe', NULL, NULL, NULL, NULL, '2024-12-08 17:00:00'),
(657, 'Indah', '8533196917', 'indah@gmail.com', 'yvdEi5m5', NULL, NULL, NULL, NULL, '2024-08-16 17:00:00'),
(658, 'Joko', '8829880492', 'joko@gmail.com', 'nI18VOft', NULL, NULL, NULL, NULL, '2024-08-23 17:00:00'),
(659, 'Eka', '8570269748', 'eka@gmail.com', 'fljd1Ohh', NULL, NULL, NULL, NULL, '2024-12-30 17:00:00'),
(660, 'Joko', '8591204743', 'joko@gmail.com', 'whQWEe3v', NULL, NULL, NULL, NULL, '2024-01-28 17:00:00'),
(661, 'Lina', '8978746749', 'lina@gmail.com', 'WZKZJJT2', NULL, NULL, NULL, NULL, '2024-05-19 17:00:00'),
(662, 'Budi', '8861049146', 'budi@gmail.com', '0EKfiytG', NULL, NULL, NULL, NULL, '2024-11-28 17:00:00'),
(663, 'Eka', '8925707357', 'eka@gmail.com', '3eqbET6u', NULL, NULL, NULL, NULL, '2024-06-27 17:00:00'),
(664, 'Siti', '8719621650', 'siti@gmail.com', 'eT9FfY0b', NULL, NULL, NULL, NULL, '2024-07-29 17:00:00'),
(665, 'Adi', '8224839801', 'adi@gmail.com', '986vldIq', NULL, NULL, NULL, NULL, '2024-10-04 17:00:00'),
(666, 'Tono', '8815939855', 'tono@gmail.com', 'S1zQAIAr', NULL, NULL, NULL, NULL, '2024-06-08 17:00:00'),
(667, 'Adi', '8778302978', 'adi@gmail.com', '4aY3shPP', NULL, NULL, NULL, NULL, '2024-01-06 17:00:00'),
(668, 'Lina', '8751413262', 'lina@gmail.com', 'bVZbRT3W', NULL, NULL, NULL, NULL, '2024-08-16 17:00:00'),
(669, 'Putri', '8193817637', 'putri@gmail.com', 'lRWDD0as', NULL, NULL, NULL, NULL, '2024-03-26 17:00:00'),
(670, 'Dewi', '8786930061', 'dewi@gmail.com', 'nUwoLz1p', NULL, NULL, NULL, NULL, '2024-05-13 17:00:00'),
(671, 'Fitri', '8931708210', 'fitri@gmail.com', 'dd2BXY1p', NULL, NULL, NULL, NULL, '2024-10-23 17:00:00'),
(672, 'Adi', '8231917177', 'adi@gmail.com', 'Qy9YiaYV', NULL, NULL, NULL, NULL, '2024-12-13 17:00:00'),
(673, 'Siti', '8596690066', 'siti@gmail.com', 'l5vXIAx4', NULL, NULL, NULL, NULL, '2024-11-29 17:00:00'),
(674, 'Bayu', '8492102943', 'bayu@gmail.com', 'cFYuW9dz', NULL, NULL, NULL, NULL, '2024-06-01 17:00:00'),
(675, 'Dewi', '8669835440', 'dewi@gmail.com', 'jf5oOHpy', NULL, NULL, NULL, NULL, '2024-06-29 17:00:00'),
(676, 'Hendra', '8473914544', 'hendra@gmail.com', 'fFq31zKM', NULL, NULL, NULL, NULL, '2024-10-03 17:00:00'),
(677, 'Siti', '8663025586', 'siti@gmail.com', 'AaA9sadA', NULL, NULL, NULL, NULL, '2024-06-30 17:00:00'),
(678, 'Sari', '8428492501', 'sari@gmail.com', 'msZRqPfG', NULL, NULL, NULL, NULL, '2024-01-03 17:00:00'),
(679, 'Joko', '8956874435', 'joko@gmail.com', 'YZLPANs5', NULL, NULL, NULL, NULL, '2024-10-19 17:00:00'),
(680, 'Dian', '8730266301', 'dian@gmail.com', 'gKkYzfmW', NULL, NULL, NULL, NULL, '2024-07-22 17:00:00'),
(681, 'Rini', '8985821644', 'rini@gmail.com', 'Eyl6CFnr', NULL, NULL, NULL, NULL, '2024-05-05 17:00:00'),
(682, 'Putri', '8488071251', 'putri@gmail.com', '4AJGCHdQ', NULL, NULL, NULL, NULL, '2024-04-19 17:00:00'),
(683, 'Eka', '8807676131', 'eka@gmail.com', 'uj0PfXRi', NULL, NULL, NULL, NULL, '2024-05-26 17:00:00'),
(684, 'Joko', '8329725909', 'joko@gmail.com', 'sNmCl2Zl', NULL, NULL, NULL, NULL, '2024-01-09 17:00:00'),
(685, 'Hendra', '8703518959', 'hendra@gmail.com', 'eZ66DIPF', NULL, NULL, NULL, NULL, '2024-11-12 17:00:00'),
(686, 'Putri', '8766709815', 'putri@gmail.com', 'Y8TRc47B', NULL, NULL, NULL, NULL, '2024-03-28 17:00:00'),
(687, 'Adi', '8770253553', 'adi@gmail.com', 'oVVzFyOp', NULL, NULL, NULL, NULL, '2024-10-20 17:00:00'),
(688, 'Tono', '8329396420', 'tono@gmail.com', 'BBN61VT5', NULL, NULL, NULL, NULL, '2024-09-11 17:00:00'),
(689, 'Bayu', '8637367915', 'bayu@gmail.com', 'zOUlEy7x', NULL, NULL, NULL, NULL, '2024-10-04 17:00:00'),
(690, 'Dewi', '8819361926', 'dewi@gmail.com', 'KzQepA20', NULL, NULL, NULL, NULL, '2024-02-20 17:00:00'),
(691, 'Indah', '8873825294', 'indah@gmail.com', 'yRfyaFVV', NULL, NULL, NULL, NULL, '2024-08-01 17:00:00'),
(692, 'Adi', '8332538583', 'adi@gmail.com', 'pWzPb8oN', NULL, NULL, NULL, NULL, '2024-12-03 17:00:00'),
(693, 'Agus', '8103681814', 'agus@gmail.com', 'r2io6v37', NULL, NULL, NULL, NULL, '2024-12-28 17:00:00'),
(694, 'Tono', '8917942408', 'tono@gmail.com', '0JFZmtFj', NULL, NULL, NULL, NULL, '2024-06-03 17:00:00'),
(695, 'Andi', '8904515555', 'andi@gmail.com', 'mrmLeI4q', NULL, NULL, NULL, NULL, '2024-12-23 17:00:00'),
(696, 'Putri', '8598609398', 'putri@gmail.com', 'rMvEwQD3', NULL, NULL, NULL, NULL, '2024-08-30 17:00:00'),
(697, 'Adi', '8614597403', 'adi@gmail.com', 'FUzwuRbT', NULL, NULL, NULL, NULL, '2024-04-17 17:00:00'),
(698, 'Fitri', '8750933134', 'fitri@gmail.com', 'HaM0HXbg', NULL, NULL, NULL, NULL, '2024-07-11 17:00:00'),
(699, 'Budi', '8830034101', 'budi@gmail.com', 'h4APAZlg', NULL, NULL, NULL, NULL, '2024-10-01 17:00:00'),
(700, 'Sari', '8498221039', 'sari@gmail.com', 'mgmh3RV2', NULL, NULL, NULL, NULL, '2024-08-06 17:00:00'),
(701, 'Budi', '8687900216', 'budi@gmail.com', 'mFyZ33hx', NULL, NULL, NULL, NULL, '2024-01-21 17:00:00'),
(702, 'Putri', '8166563713', 'putri@gmail.com', 'CqJHHaRS', NULL, NULL, NULL, NULL, '2024-04-19 17:00:00'),
(703, 'Fajar', '8924415893', 'fajar@gmail.com', '3eSwrcJP', NULL, NULL, NULL, NULL, '2024-09-15 17:00:00'),
(704, 'Adi', '8598050857', 'adi@gmail.com', 'q6rQ8UJ2', NULL, NULL, NULL, NULL, '2024-11-25 17:00:00'),
(705, 'Fajar', '8787469852', 'fajar@gmail.com', 'iXX1xTrI', NULL, NULL, NULL, NULL, '2024-09-17 17:00:00'),
(706, 'Hendra', '8799221487', 'hendra@gmail.com', 'bFIwO8sP', NULL, NULL, NULL, NULL, '2024-12-28 17:00:00'),
(707, 'Lina', '8193796261', 'lina@gmail.com', 'EjvjRRom', NULL, NULL, NULL, NULL, '2024-05-13 17:00:00'),
(708, 'Lina', '8294241815', 'lina@gmail.com', 'yhbIXAhQ', NULL, NULL, NULL, NULL, '2024-11-28 17:00:00'),
(709, 'Putri', '8740588538', 'putri@gmail.com', 'jmnOkf9l', NULL, NULL, NULL, NULL, '2024-09-11 17:00:00'),
(710, 'Agus', '8112438173', 'agus@gmail.com', 'ASwnxbJf', NULL, NULL, NULL, NULL, '2024-04-08 17:00:00'),
(711, 'Tono', '8921340530', 'tono@gmail.com', 'mWxm8f6u', NULL, NULL, NULL, NULL, '2024-01-03 17:00:00'),
(712, 'Andi', '8436378767', 'andi@gmail.com', 'Duz5PmSD', NULL, NULL, NULL, NULL, '2024-03-14 17:00:00'),
(713, 'Agus', '8326572211', 'agus@gmail.com', 'YUNBU7PK', NULL, NULL, NULL, NULL, '2024-11-11 17:00:00'),
(714, 'Fajar', '8973224096', 'fajar@gmail.com', 'RvGEc8Mi', NULL, NULL, NULL, NULL, '2024-04-26 17:00:00'),
(715, 'Dian', '8320782106', 'dian@gmail.com', 'DrtMoRwX', NULL, NULL, NULL, NULL, '2024-03-27 17:00:00'),
(716, 'Fitri', '8678398643', 'fitri@gmail.com', 'Izk8VvdX', NULL, NULL, NULL, NULL, '2024-11-08 17:00:00'),
(717, 'Andi', '8491448035', 'andi@gmail.com', 'RMPso4JK', NULL, NULL, NULL, NULL, '2024-10-30 17:00:00'),
(718, 'Eka', '8357638293', 'eka@gmail.com', 'NeEjkQcx', NULL, NULL, NULL, NULL, '2024-04-28 17:00:00'),
(719, 'Lina', '8406163333', 'lina@gmail.com', 'wSFbJ4wA', NULL, NULL, NULL, NULL, '2024-03-01 17:00:00'),
(720, 'Fitri', '8393634410', 'fitri@gmail.com', 'Hm72xi1U', NULL, NULL, NULL, NULL, '2024-02-13 17:00:00'),
(721, 'Joko', '8137312187', 'joko@gmail.com', 'LSVa76xP', NULL, NULL, NULL, NULL, '2024-08-11 17:00:00'),
(722, 'Fajar', '8921123852', 'fajar@gmail.com', 'KMfTBSRU', NULL, NULL, NULL, NULL, '2024-09-27 17:00:00'),
(723, 'Agus', '8216347976', 'agus@gmail.com', '6QxsuZS2', NULL, NULL, NULL, NULL, '2024-01-29 17:00:00'),
(724, 'Rini', '8924557071', 'rini@gmail.com', 'tdLPO6Q8', NULL, NULL, NULL, NULL, '2024-08-28 17:00:00'),
(725, 'Lina', '8375101721', 'lina@gmail.com', 'dI5eJEzW', NULL, NULL, NULL, NULL, '2024-11-01 17:00:00'),
(726, 'Fajar', '8726446950', 'fajar@gmail.com', '2ep1fRw3', NULL, NULL, NULL, NULL, '2024-12-04 17:00:00'),
(727, 'Rini', '8258420891', 'rini@gmail.com', 'tP8ocFkU', NULL, NULL, NULL, NULL, '2024-04-15 17:00:00'),
(728, 'Joko', '8108043213', 'joko@gmail.com', 'w6HTQJCd', NULL, NULL, NULL, NULL, '2024-11-23 17:00:00'),
(729, 'Rini', '8860779025', 'rini@gmail.com', 'oI1lI5SM', NULL, NULL, NULL, NULL, '2024-08-15 17:00:00'),
(730, 'Sari', '8798279327', 'sari@gmail.com', 'IuGPCuVP', NULL, NULL, NULL, NULL, '2024-01-27 17:00:00'),
(731, 'Tono', '8521963768', 'tono@gmail.com', 'PxLL3pK2', NULL, NULL, NULL, NULL, '2024-09-12 17:00:00'),
(732, 'Eka', '8192975136', 'eka@gmail.com', 'lNfhtfXa', NULL, NULL, NULL, NULL, '2024-08-05 17:00:00'),
(733, 'Yuni', '8178506265', 'yuni@gmail.com', '7dXpOm3n', NULL, NULL, NULL, NULL, '2024-08-24 17:00:00'),
(734, 'Dewi', '8932127626', 'dewi@gmail.com', 'DXXp9Usr', NULL, NULL, NULL, NULL, '2024-05-16 17:00:00'),
(735, 'Putri', '8722670108', 'putri@gmail.com', 'nXFFhqac', NULL, NULL, NULL, NULL, '2024-11-20 17:00:00'),
(736, 'Yuni', '8648099544', 'yuni@gmail.com', 'UEPYBnsh', NULL, NULL, NULL, NULL, '2024-11-19 17:00:00'),
(737, 'Yuni', '8498594170', 'yuni@gmail.com', 'OH46reXA', NULL, NULL, NULL, NULL, '2024-05-28 17:00:00'),
(738, 'Rini', '8701629840', 'rini@gmail.com', 'c9Gdq4oR', NULL, NULL, NULL, NULL, '2024-05-23 17:00:00'),
(739, 'Dewi', '8492346057', 'dewi@gmail.com', 'xTP4IRya', NULL, NULL, NULL, NULL, '2024-08-29 17:00:00'),
(740, 'Yuni', '8487303841', 'yuni@gmail.com', 'oKnNljlW', NULL, NULL, NULL, NULL, '2024-04-20 17:00:00'),
(741, 'Fajar', '8835821275', 'fajar@gmail.com', 'GqmqAOuo', NULL, NULL, NULL, NULL, '2024-03-10 17:00:00'),
(742, 'Rini', '8346017653', 'rini@gmail.com', 'pKdotwkQ', NULL, NULL, NULL, NULL, '2024-02-14 17:00:00'),
(743, 'Budi', '8546516731', 'budi@gmail.com', 'vsErhG6q', NULL, NULL, NULL, NULL, '2024-10-02 17:00:00'),
(744, 'Dian', '8685591145', 'dian@gmail.com', '7tfWM80j', NULL, NULL, NULL, NULL, '2024-12-09 17:00:00'),
(745, 'Eka', '8319936614', 'eka@gmail.com', 'fKOEn3wj', NULL, NULL, NULL, NULL, '2024-01-12 17:00:00'),
(746, 'Indah', '8964940520', 'indah@gmail.com', '0tiQFxrl', NULL, NULL, NULL, NULL, '2024-11-29 17:00:00'),
(747, 'Fitri', '8954533363', 'fitri@gmail.com', 'Z04Wg6c4', NULL, NULL, NULL, NULL, '2024-11-22 17:00:00'),
(748, 'Yuni', '8632246881', 'yuni@gmail.com', 'PngOXQ6J', NULL, NULL, NULL, NULL, '2024-02-16 17:00:00'),
(749, 'Yuni', '8578120784', 'yuni@gmail.com', 'WAQvaEzz', NULL, NULL, NULL, NULL, '2024-05-10 17:00:00'),
(750, 'Dewi', '8736789641', 'dewi@gmail.com', '04wii6Gl', NULL, NULL, NULL, NULL, '2024-03-17 17:00:00'),
(751, 'Andi', '8340418145', 'andi@gmail.com', 'uMM7hbA0', NULL, NULL, NULL, NULL, '2024-07-09 17:00:00'),
(752, 'Hendra', '8208097265', 'hendra@gmail.com', 'WvJHA8qq', NULL, NULL, NULL, NULL, '2024-06-02 17:00:00'),
(753, 'Eka', '8343331872', 'eka@gmail.com', 'DvHlFpcm', NULL, NULL, NULL, NULL, '2024-05-07 17:00:00'),
(754, 'Sari', '8997305889', 'sari@gmail.com', '9OyiXtFM', NULL, NULL, NULL, NULL, '2024-03-25 17:00:00'),
(755, 'Fajar', '8546479767', 'fajar@gmail.com', 'kDfR4huT', NULL, NULL, NULL, NULL, '2024-09-02 17:00:00'),
(756, 'Adi', '8602149793', 'adi@gmail.com', 'Xingd5HM', NULL, NULL, NULL, NULL, '2024-09-13 17:00:00'),
(757, 'Adi', '8746668778', 'adi@gmail.com', 'OcPiGBAx', NULL, NULL, NULL, NULL, '2024-10-05 17:00:00'),
(758, 'Fitri', '8704117232', 'fitri@gmail.com', 'zcGGLvFb', NULL, NULL, NULL, NULL, '2024-07-26 17:00:00'),
(759, 'Dian', '8832720580', 'dian@gmail.com', 'fWxk6nr0', NULL, NULL, NULL, NULL, '2024-01-26 17:00:00'),
(760, 'Rini', '8444075121', 'rini@gmail.com', 'H1J5gwzg', NULL, NULL, NULL, NULL, '2024-04-03 17:00:00'),
(761, 'Tono', '8809647386', 'tono@gmail.com', 'xsDQlQRg', NULL, NULL, NULL, NULL, '2024-10-01 17:00:00'),
(762, 'Joko', '8627682878', 'joko@gmail.com', 'ysHuuZZd', NULL, NULL, NULL, NULL, '2024-09-26 17:00:00'),
(763, 'Hendra', '8707897739', 'hendra@gmail.com', 'BCGZMKVJ', NULL, NULL, NULL, NULL, '2024-01-13 17:00:00'),
(764, 'Budi', '8963942160', 'budi@gmail.com', '3dzec3WP', NULL, NULL, NULL, NULL, '2024-04-24 17:00:00'),
(765, 'Sari', '8939250701', 'sari@gmail.com', 'MjvP7XLH', NULL, NULL, NULL, NULL, '2024-07-14 17:00:00'),
(766, 'Dian', '8976615454', 'dian@gmail.com', 'E150ZZ0y', NULL, NULL, NULL, NULL, '2024-01-26 17:00:00'),
(767, 'Fajar', '8150987161', 'fajar@gmail.com', 'r0YPvbku', NULL, NULL, NULL, NULL, '2024-02-17 17:00:00'),
(768, 'Dian', '8474088704', 'dian@gmail.com', '467Nhzc3', NULL, NULL, NULL, NULL, '2024-07-02 17:00:00'),
(769, 'Bayu', '8187004932', 'bayu@gmail.com', 'xvw60gmT', NULL, NULL, NULL, NULL, '2024-03-04 17:00:00'),
(770, 'Fajar', '8472078590', 'fajar@gmail.com', 'YxoCnasz', NULL, NULL, NULL, NULL, '2024-05-24 17:00:00'),
(771, 'Agus', '8295596556', 'agus@gmail.com', 'JrwviawL', NULL, NULL, NULL, NULL, '2024-09-02 17:00:00'),
(772, 'Siti', '8880739560', 'siti@gmail.com', 'Iuu5XaeD', NULL, NULL, NULL, NULL, '2024-09-29 17:00:00'),
(773, 'Fajar', '8601885274', 'fajar@gmail.com', 'I7ADEgqj', NULL, NULL, NULL, NULL, '2024-06-01 17:00:00'),
(774, 'Rini', '8736123590', 'rini@gmail.com', '6C6HT05P', NULL, NULL, NULL, NULL, '2024-01-03 17:00:00'),
(775, 'Joko', '8212109910', 'joko@gmail.com', 'AkGid7a1', NULL, NULL, NULL, NULL, '2024-07-13 17:00:00'),
(776, 'Yuni', '8206622775', 'yuni@gmail.com', '4Nc0tHbG', NULL, NULL, NULL, NULL, '2024-11-04 17:00:00'),
(777, 'Andi', '8450214489', 'andi@gmail.com', '6Ulwgx4q', NULL, NULL, NULL, NULL, '2024-02-22 17:00:00'),
(778, 'Adi', '8304767888', 'adi@gmail.com', '7JtPQisV', NULL, NULL, NULL, NULL, '2024-08-27 17:00:00'),
(779, 'Fajar', '8277602029', 'fajar@gmail.com', 's3M0WzCJ', NULL, NULL, NULL, NULL, '2024-07-20 17:00:00'),
(780, 'Yuni', '8372787825', 'yuni@gmail.com', 'RzKChHhb', NULL, NULL, NULL, NULL, '2024-01-30 17:00:00'),
(781, 'Adi', '8215989398', 'adi@gmail.com', '5fh4KJwN', NULL, NULL, NULL, NULL, '2024-01-09 17:00:00'),
(782, 'Sari', '8240740425', 'sari@gmail.com', 'ghJDlv6S', NULL, NULL, NULL, NULL, '2024-11-27 17:00:00'),
(783, 'Adi', '8560524566', 'adi@gmail.com', 'o2iIQVL6', NULL, NULL, NULL, NULL, '2024-06-30 17:00:00'),
(784, 'Bayu', '8321596828', 'bayu@gmail.com', 'zxi2Gl1E', NULL, NULL, NULL, NULL, '2024-12-14 17:00:00'),
(785, 'Joko', '8658110948', 'joko@gmail.com', 'XSmRma5V', NULL, NULL, NULL, NULL, '2024-10-16 17:00:00'),
(786, 'Agus', '8264184855', 'agus@gmail.com', 'UUQWwJyn', NULL, NULL, NULL, NULL, '2024-08-21 17:00:00'),
(787, 'Sari', '8239779012', 'sari@gmail.com', 'Y98IzSaL', NULL, NULL, NULL, NULL, '2024-09-30 17:00:00'),
(788, 'Dian', '8161919562', 'dian@gmail.com', 'bOCD8klV', NULL, NULL, NULL, NULL, '2024-08-17 17:00:00'),
(789, 'Yuni', '8193655629', 'yuni@gmail.com', 'WybSnCUN', NULL, NULL, NULL, NULL, '2024-04-02 17:00:00'),
(790, 'Fajar', '8801976184', 'fajar@gmail.com', 'K9bMQnPH', NULL, NULL, NULL, NULL, '2024-07-03 17:00:00'),
(791, 'Siti', '8359251007', 'siti@gmail.com', 'wQeyW9s0', NULL, NULL, NULL, NULL, '2024-01-25 17:00:00'),
(792, 'Hendra', '8758959150', 'hendra@gmail.com', 'U3ztlHjG', NULL, NULL, NULL, NULL, '2024-07-23 17:00:00'),
(793, 'Andi', '8466152232', 'andi@gmail.com', 'RdXaEFnV', NULL, NULL, NULL, NULL, '2024-12-11 17:00:00'),
(794, 'Yuni', '8151391987', 'yuni@gmail.com', 'V4PmyqDR', NULL, NULL, NULL, NULL, '2024-12-30 17:00:00'),
(795, 'Putri', '8801518554', 'putri@gmail.com', 'sQiRnYFZ', NULL, NULL, NULL, NULL, '2024-08-23 17:00:00'),
(796, 'Siti', '8494938916', 'siti@gmail.com', 'I0jFVV8h', NULL, NULL, NULL, NULL, '2024-03-22 17:00:00'),
(797, 'Fitri', '8939492555', 'fitri@gmail.com', 'hgyXIeII', NULL, NULL, NULL, NULL, '2024-08-08 17:00:00'),
(798, 'Tono', '8633607176', 'tono@gmail.com', '6040pwGF', NULL, NULL, NULL, NULL, '2024-07-05 17:00:00'),
(799, 'Dian', '8910393238', 'dian@gmail.com', 'qHlj59Xu', NULL, NULL, NULL, NULL, '2024-04-14 17:00:00'),
(800, 'Dewi', '8705239894', 'dewi@gmail.com', 'mfYB1Nuc', NULL, NULL, NULL, NULL, '2024-12-27 17:00:00'),
(801, 'Sari', '8322032228', 'sari@gmail.com', '5z47rDI9', NULL, NULL, NULL, NULL, '2024-10-20 17:00:00'),
(802, 'Yuni', '8987034013', 'yuni@gmail.com', 'pYvfykGc', NULL, NULL, NULL, NULL, '2024-03-28 17:00:00'),
(803, 'Rini', '8940714682', 'rini@gmail.com', 'wkmLBpPr', NULL, NULL, NULL, NULL, '2024-01-15 17:00:00'),
(804, 'Fitri', '8838605035', 'fitri@gmail.com', 'Whh2iiBd', NULL, NULL, NULL, NULL, '2024-09-27 17:00:00'),
(805, 'Dian', '8379477399', 'dian@gmail.com', 'MlhoAxIl', NULL, NULL, NULL, NULL, '2024-06-10 17:00:00'),
(806, 'Joko', '8694095274', 'joko@gmail.com', 'TdpEwR4F', NULL, NULL, NULL, NULL, '2024-10-11 17:00:00'),
(807, 'Tono', '8229925797', 'tono@gmail.com', 'PoPVneIb', NULL, NULL, NULL, NULL, '2024-03-21 17:00:00'),
(808, 'Adi', '8978104655', 'adi@gmail.com', 'mtwOf3Gi', NULL, NULL, NULL, NULL, '2024-09-25 17:00:00'),
(809, 'Rini', '8694229360', 'rini@gmail.com', 'aFBqo8nU', NULL, NULL, NULL, NULL, '2024-11-06 17:00:00'),
(810, 'Lina', '8590505603', 'lina@gmail.com', '2flVJF08', NULL, NULL, NULL, NULL, '2024-06-25 17:00:00'),
(811, 'Lina', '8373195502', 'lina@gmail.com', 'FhEYYkit', NULL, NULL, NULL, NULL, '2024-10-10 17:00:00'),
(812, 'Bayu', '8759278643', 'bayu@gmail.com', 'yWUahTVk', NULL, NULL, NULL, NULL, '2024-10-06 17:00:00'),
(813, 'Siti', '8180738452', 'siti@gmail.com', '8mQhcvaH', NULL, NULL, NULL, NULL, '2024-07-07 17:00:00'),
(814, 'Lina', '8576112280', 'lina@gmail.com', 'ADDfggsl', NULL, NULL, NULL, NULL, '2024-04-06 17:00:00'),
(815, 'Dian', '8578249008', 'dian@gmail.com', 'E9b4vCWp', NULL, NULL, NULL, NULL, '2024-08-17 17:00:00'),
(816, 'Dian', '8403280440', 'dian@gmail.com', 'rQquy1vR', NULL, NULL, NULL, NULL, '2024-08-09 17:00:00'),
(817, 'Putri', '8560449007', 'putri@gmail.com', 'eKHrL0Q0', NULL, NULL, NULL, NULL, '2024-06-12 17:00:00'),
(818, 'Joko', '8987116888', 'joko@gmail.com', 'uvTNQO4m', NULL, NULL, NULL, NULL, '2024-03-16 17:00:00'),
(819, 'Eka', '8173511420', 'eka@gmail.com', 'nQ4t1VNp', NULL, NULL, NULL, NULL, '2024-05-08 17:00:00'),
(820, 'Yuni', '8215331999', 'yuni@gmail.com', 'VYLU5SKU', NULL, NULL, NULL, NULL, '2024-11-25 17:00:00'),
(821, 'Indah', '8750242365', 'indah@gmail.com', 'ghdf85vY', NULL, NULL, NULL, NULL, '2024-01-21 17:00:00'),
(822, 'Joko', '8869905584', 'joko@gmail.com', 'ChwAgBIi', NULL, NULL, NULL, NULL, '2024-07-14 17:00:00'),
(823, 'Budi', '8102621435', 'budi@gmail.com', '1NeCeTim', NULL, NULL, NULL, NULL, '2024-08-18 17:00:00'),
(824, 'Agus', '8945432673', 'agus@gmail.com', 'hpYEaYFO', NULL, NULL, NULL, NULL, '2024-04-21 17:00:00'),
(825, 'Fajar', '8901191555', 'fajar@gmail.com', 'yn2RgG4k', NULL, NULL, NULL, NULL, '2024-04-01 17:00:00'),
(826, 'Hendra', '8580951747', 'hendra@gmail.com', 'a1m0TXxA', NULL, NULL, NULL, NULL, '2024-03-30 17:00:00'),
(827, 'Agus', '8440940213', 'agus@gmail.com', 'Scc9bKH6', NULL, NULL, NULL, NULL, '2024-02-26 17:00:00'),
(828, 'Tono', '8527462167', 'tono@gmail.com', 'vQ4Snqn4', NULL, NULL, NULL, NULL, '2024-10-08 17:00:00'),
(829, 'Andi', '8513263031', 'andi@gmail.com', 'xzmx4v1y', NULL, NULL, NULL, NULL, '2024-01-12 17:00:00'),
(830, 'Fitri', '8202240271', 'fitri@gmail.com', 'o3EGKaFJ', NULL, NULL, NULL, NULL, '2024-06-23 17:00:00'),
(831, 'Dian', '8339451878', 'dian@gmail.com', 'r6xVlmAs', NULL, NULL, NULL, NULL, '2024-08-07 17:00:00'),
(832, 'Andi', '8123457083', 'andi@gmail.com', 'qSNcp0eB', NULL, NULL, NULL, NULL, '2024-10-20 17:00:00'),
(833, 'Siti', '8892166755', 'siti@gmail.com', 'M3LyKxeK', NULL, NULL, NULL, NULL, '2024-11-24 17:00:00'),
(834, 'Budi', '8804048456', 'budi@gmail.com', 'Q4AJ2Cfa', NULL, NULL, NULL, NULL, '2024-05-24 17:00:00'),
(835, 'Dian', '8582500921', 'dian@gmail.com', '6d41CTjy', NULL, NULL, NULL, NULL, '2024-04-15 17:00:00'),
(836, 'Fajar', '8799071286', 'fajar@gmail.com', 'Jx0F9tSG', NULL, NULL, NULL, NULL, '2024-11-14 17:00:00'),
(837, 'Eka', '8317382700', 'eka@gmail.com', 'n6g3vrDL', NULL, NULL, NULL, NULL, '2024-10-15 17:00:00'),
(838, 'Adi', '8108225572', 'adi@gmail.com', 'vBEcU3WS', NULL, NULL, NULL, NULL, '2024-06-20 17:00:00'),
(839, 'Andi', '8493283407', 'andi@gmail.com', 'RBJk1cT8', NULL, NULL, NULL, NULL, '2024-02-13 17:00:00'),
(840, 'Yuni', '8864315875', 'yuni@gmail.com', 'BqHGINlr', NULL, NULL, NULL, NULL, '2024-03-14 17:00:00'),
(841, 'Fitri', '8434282372', 'fitri@gmail.com', 'U7DuYbH7', NULL, NULL, NULL, NULL, '2024-01-25 17:00:00'),
(842, 'Tono', '8284520215', 'tono@gmail.com', 'ld1Qi1yB', NULL, NULL, NULL, NULL, '2024-09-02 17:00:00'),
(843, 'Adi', '8917555932', 'adi@gmail.com', 'ZkxRZwuy', NULL, NULL, NULL, NULL, '2024-08-31 17:00:00'),
(844, 'Fitri', '8264401084', 'fitri@gmail.com', 'Ihjckltz', NULL, NULL, NULL, NULL, '2024-05-03 17:00:00'),
(845, 'Rini', '8184631797', 'rini@gmail.com', 'V2NMIIYw', NULL, NULL, NULL, NULL, '2024-07-17 17:00:00'),
(846, 'Agus', '8211223716', 'agus@gmail.com', 'LPK5LMqm', NULL, NULL, NULL, NULL, '2024-10-02 17:00:00'),
(847, 'Eka', '8745015683', 'eka@gmail.com', 'cdRu7bJ9', NULL, NULL, NULL, NULL, '2024-10-29 17:00:00'),
(848, 'Hendra', '8731740384', 'hendra@gmail.com', 'qQbcCmC5', NULL, NULL, NULL, NULL, '2024-10-28 17:00:00'),
(849, 'Tono', '8436055175', 'tono@gmail.com', 'lk6V9ZBT', NULL, NULL, NULL, NULL, '2024-01-19 17:00:00'),
(850, 'Lina', '8392382860', 'lina@gmail.com', 'SS65edwr', NULL, NULL, NULL, NULL, '2024-01-23 17:00:00'),
(851, 'Sari', '8415152880', 'sari@gmail.com', 'z01NH2ry', NULL, NULL, NULL, NULL, '2024-07-20 17:00:00'),
(852, 'Siti', '8794635169', 'siti@gmail.com', 'G8FhzpKD', NULL, NULL, NULL, NULL, '2024-03-22 17:00:00'),
(853, 'Bayu', '8675387202', 'bayu@gmail.com', 'fQIMFI7N', NULL, NULL, NULL, NULL, '2024-07-29 17:00:00'),
(854, 'Fajar', '8896778333', 'fajar@gmail.com', 'VSux8QXe', NULL, NULL, NULL, NULL, '2024-04-08 17:00:00'),
(855, 'Putri', '8168603766', 'putri@gmail.com', 'xQEEOtpa', NULL, NULL, NULL, NULL, '2024-02-28 17:00:00'),
(856, 'Tono', '8280697538', 'tono@gmail.com', 'Dz5tRqWy', NULL, NULL, NULL, NULL, '2024-06-02 17:00:00'),
(857, 'Adi', '8874779363', 'adi@gmail.com', '5H3r1REJ', NULL, NULL, NULL, NULL, '2024-04-05 17:00:00'),
(858, 'Agus', '8964439175', 'agus@gmail.com', 'Xe0xuRkk', NULL, NULL, NULL, NULL, '2024-09-29 17:00:00'),
(859, 'Rini', '8601841582', 'rini@gmail.com', 'miuVF2NB', NULL, NULL, NULL, NULL, '2024-12-03 17:00:00'),
(860, 'Budi', '8675223196', 'budi@gmail.com', 'i3kBcAwT', NULL, NULL, NULL, NULL, '2024-12-21 17:00:00'),
(861, 'Hendra', '8936262230', 'hendra@gmail.com', 'zLaHF6Tg', NULL, NULL, NULL, NULL, '2024-09-19 17:00:00'),
(862, 'Indah', '8377310341', 'indah@gmail.com', 'rY8nJmXE', NULL, NULL, NULL, NULL, '2024-11-11 17:00:00'),
(863, 'Lina', '8103738145', 'lina@gmail.com', 'tuIwz1Xu', NULL, NULL, NULL, NULL, '2024-12-05 17:00:00'),
(864, 'Dewi', '8758312711', 'dewi@gmail.com', 'bVe0znTR', NULL, NULL, NULL, NULL, '2024-12-09 17:00:00'),
(865, 'Joko', '8845701946', 'joko@gmail.com', 'I85aIAo6', NULL, NULL, NULL, NULL, '2024-05-19 17:00:00'),
(866, 'Agus', '8496204267', 'agus@gmail.com', 'AhgumJBP', NULL, NULL, NULL, NULL, '2024-10-18 17:00:00'),
(867, 'Putri', '8671164945', 'putri@gmail.com', 'x3W2Ccn6', NULL, NULL, NULL, NULL, '2024-03-16 17:00:00'),
(868, 'Dian', '8687821804', 'dian@gmail.com', 'HlB7ID92', NULL, NULL, NULL, NULL, '2024-07-24 17:00:00'),
(869, 'Dian', '8601568512', 'dian@gmail.com', 'oPU8VdGV', NULL, NULL, NULL, NULL, '2024-11-10 17:00:00'),
(870, 'Andi', '8255177719', 'andi@gmail.com', 'Uhsp9UqU', NULL, NULL, NULL, NULL, '2024-06-19 17:00:00'),
(871, 'Budi', '8464286560', 'budi@gmail.com', 'BmQFNyDs', NULL, NULL, NULL, NULL, '2024-08-16 17:00:00'),
(872, 'Tono', '8923873836', 'tono@gmail.com', 'gHDiHJ09', NULL, NULL, NULL, NULL, '2024-06-29 17:00:00'),
(873, 'Joko', '8464586312', 'joko@gmail.com', 'BniF3gEf', NULL, NULL, NULL, NULL, '2024-04-24 17:00:00'),
(874, 'Dewi', '8342243762', 'dewi@gmail.com', 'NtnwpOWd', NULL, NULL, NULL, NULL, '2024-01-03 17:00:00'),
(875, 'Dewi', '8198685371', 'dewi@gmail.com', 'pJYgwqCK', NULL, NULL, NULL, NULL, '2024-12-26 17:00:00'),
(876, 'Sari', '8145824645', 'sari@gmail.com', 'hRswpZeW', NULL, NULL, NULL, NULL, '2024-09-07 17:00:00'),
(877, 'Fajar', '8847265233', 'fajar@gmail.com', '1H2S0wV6', NULL, NULL, NULL, NULL, '2024-02-26 17:00:00'),
(878, 'Sari', '8277367027', 'sari@gmail.com', 'KkB1WSMu', NULL, NULL, NULL, NULL, '2024-09-01 17:00:00'),
(879, 'Eka', '8494408219', 'eka@gmail.com', 'UkQxgDm5', NULL, NULL, NULL, NULL, '2024-10-13 17:00:00'),
(880, 'Bayu', '8135365119', 'bayu@gmail.com', 'ERFu6S5T', NULL, NULL, NULL, NULL, '2024-11-01 17:00:00'),
(881, 'Budi', '8213642856', 'budi@gmail.com', 'JUCtcTgl', NULL, NULL, NULL, NULL, '2024-11-25 17:00:00'),
(882, 'Rini', '8505765833', 'rini@gmail.com', '5awgdDNs', NULL, NULL, NULL, NULL, '2024-02-22 17:00:00'),
(883, 'Putri', '8823306373', 'putri@gmail.com', 'TT93BqK6', NULL, NULL, NULL, NULL, '2024-02-23 17:00:00'),
(884, 'Eka', '8676496220', 'eka@gmail.com', 'kV9OhkKB', NULL, NULL, NULL, NULL, '2024-03-27 17:00:00'),
(885, 'Fajar', '8194031372', 'fajar@gmail.com', 'Hhqkvbxs', NULL, NULL, NULL, NULL, '2024-03-22 17:00:00'),
(886, 'Lina', '8387300104', 'lina@gmail.com', 'ynTxZw9W', NULL, NULL, NULL, NULL, '2024-11-20 17:00:00'),
(887, 'Rini', '8676261288', 'rini@gmail.com', 'Kid0Ixkx', NULL, NULL, NULL, NULL, '2024-06-03 17:00:00'),
(888, 'Andi', '8453058157', 'andi@gmail.com', 'LSLYpOsE', NULL, NULL, NULL, NULL, '2024-06-05 17:00:00'),
(889, 'Joko', '8685566139', 'joko@gmail.com', '2lJlBWny', NULL, NULL, NULL, NULL, '2024-10-25 17:00:00'),
(890, 'Fitri', '8721473626', 'fitri@gmail.com', 'X59O4VTM', NULL, NULL, NULL, NULL, '2024-04-01 17:00:00'),
(891, 'Lina', '8687504620', 'lina@gmail.com', '858ArXDa', NULL, NULL, NULL, NULL, '2024-12-12 17:00:00'),
(892, 'Sari', '8448001861', 'sari@gmail.com', 'ZU7WMjab', NULL, NULL, NULL, NULL, '2024-04-02 17:00:00'),
(893, 'Hendra', '8642805215', 'hendra@gmail.com', 'PzlQXZBw', NULL, NULL, NULL, NULL, '2024-01-30 17:00:00'),
(894, 'Yuni', '8152698353', 'yuni@gmail.com', 'n4d67T77', NULL, NULL, NULL, NULL, '2024-12-16 17:00:00'),
(895, 'Fitri', '8535642324', 'fitri@gmail.com', 'xgcFIrvX', NULL, NULL, NULL, NULL, '2024-12-16 17:00:00'),
(896, 'Dewi', '8466823088', 'dewi@gmail.com', '0ZWGTeTI', NULL, NULL, NULL, NULL, '2024-03-29 17:00:00'),
(897, 'Dian', '8780258314', 'dian@gmail.com', 'k7RjHUVv', NULL, NULL, NULL, NULL, '2024-08-10 17:00:00'),
(898, 'Dian', '8410831659', 'dian@gmail.com', 'WqYewdfT', NULL, NULL, NULL, NULL, '2024-08-11 17:00:00'),
(899, 'Hendra', '8840887117', 'hendra@gmail.com', 'WHoSokyL', NULL, NULL, NULL, NULL, '2024-05-29 17:00:00'),
(900, 'Hendra', '8418678134', 'hendra@gmail.com', 'WrQyYLQX', NULL, NULL, NULL, NULL, '2024-04-09 17:00:00'),
(901, 'Indah', '8988594495', 'indah@gmail.com', 'ULFEbXeD', NULL, NULL, NULL, NULL, '2024-09-27 17:00:00'),
(902, 'Siti', '8295640837', 'siti@gmail.com', 'jJBiKPgV', NULL, NULL, NULL, NULL, '2024-02-12 17:00:00'),
(903, 'Indah', '8602170107', 'indah@gmail.com', 'pQuA90Zg', NULL, NULL, NULL, NULL, '2024-06-14 17:00:00'),
(904, 'Sari', '8805702712', 'sari@gmail.com', 'AYDTb6gr', NULL, NULL, NULL, NULL, '2024-05-29 17:00:00'),
(905, 'Eka', '8600668884', 'eka@gmail.com', 'vnVrGvus', NULL, NULL, NULL, NULL, '2024-03-11 17:00:00'),
(906, 'Adi', '8438758197', 'adi@gmail.com', 'Mpd8Puqn', NULL, NULL, NULL, NULL, '2024-12-29 17:00:00'),
(907, 'Sari', '8753010020', 'sari@gmail.com', '9wSgcNPA', NULL, NULL, NULL, NULL, '2024-09-19 17:00:00'),
(908, 'Fitri', '8878463379', 'fitri@gmail.com', 'BHN5nJ34', NULL, NULL, NULL, NULL, '2024-08-19 17:00:00'),
(909, 'Tono', '8901272267', 'tono@gmail.com', 'eMgdrtZX', NULL, NULL, NULL, NULL, '2024-07-02 17:00:00'),
(910, 'Joko', '8299719600', 'joko@gmail.com', 'qCZnXUSK', NULL, NULL, NULL, NULL, '2024-05-14 17:00:00'),
(911, 'Siti', '8647793215', 'siti@gmail.com', 'Vk0m1MXW', NULL, NULL, NULL, NULL, '2024-01-19 17:00:00'),
(912, 'Dian', '8699339536', 'dian@gmail.com', 'ZyFh1wmV', NULL, NULL, NULL, NULL, '2024-09-09 17:00:00'),
(913, 'Joko', '8358283246', 'joko@gmail.com', '3AseEUgf', NULL, NULL, NULL, NULL, '2024-03-08 17:00:00'),
(914, 'Agus', '8392334471', 'agus@gmail.com', 'ZpHHx3FU', NULL, NULL, NULL, NULL, '2024-02-28 17:00:00'),
(915, 'Siti', '8611332724', 'siti@gmail.com', 'ntVwPKtM', NULL, NULL, NULL, NULL, '2024-04-15 17:00:00'),
(916, 'Yuni', '8710743329', 'yuni@gmail.com', '4f5yJUie', NULL, NULL, NULL, NULL, '2024-03-30 17:00:00'),
(917, 'Indah', '8237612864', 'indah@gmail.com', 'ygNAdlxE', NULL, NULL, NULL, NULL, '2024-12-15 17:00:00'),
(918, 'Indah', '8808861527', 'indah@gmail.com', 'VTzpHdUK', NULL, NULL, NULL, NULL, '2024-10-12 17:00:00'),
(919, 'Joko', '8598942128', 'joko@gmail.com', 'fj1WPMC5', NULL, NULL, NULL, NULL, '2024-07-27 17:00:00'),
(920, 'Dian', '8735493935', 'dian@gmail.com', 'NtKUfKEr', NULL, NULL, NULL, NULL, '2024-11-29 17:00:00'),
(921, 'Budi', '8234324317', 'budi@gmail.com', 'ju0fCip0', NULL, NULL, NULL, NULL, '2024-10-08 17:00:00'),
(922, 'Rini', '8943570428', 'rini@gmail.com', '4YUV7X5k', NULL, NULL, NULL, NULL, '2024-08-24 17:00:00'),
(923, 'Sari', '8355839295', 'sari@gmail.com', 'w7KRp04t', NULL, NULL, NULL, NULL, '2024-01-01 17:00:00'),
(924, 'Sari', '8964139301', 'sari@gmail.com', '3bSvwKk9', NULL, NULL, NULL, NULL, '2024-12-06 17:00:00'),
(925, 'Bayu', '8142127089', 'bayu@gmail.com', 'pCpAbpuh', NULL, NULL, NULL, NULL, '2024-10-17 17:00:00'),
(926, 'Tono', '8435141009', 'tono@gmail.com', 'jMdL3tp3', NULL, NULL, NULL, NULL, '2024-04-17 17:00:00'),
(927, 'Tono', '8389731895', 'tono@gmail.com', 'b5YwWSyQ', NULL, NULL, NULL, NULL, '2024-11-06 17:00:00'),
(928, 'Budi', '8853936762', 'budi@gmail.com', 'leYk7Cwl', NULL, NULL, NULL, NULL, '2024-08-27 17:00:00'),
(929, 'Siti', '8183797753', 'siti@gmail.com', 'xubTOBZL', NULL, NULL, NULL, NULL, '2024-08-03 17:00:00'),
(930, 'Hendra', '8781228505', 'hendra@gmail.com', '28xSzz3j', NULL, NULL, NULL, NULL, '2024-12-24 17:00:00'),
(931, 'Fitri', '8553027537', 'fitri@gmail.com', 'MIBCcRXk', NULL, NULL, NULL, NULL, '2024-10-09 17:00:00'),
(932, 'Fajar', '8728704691', 'fajar@gmail.com', '7HnJ88QK', NULL, NULL, NULL, NULL, '2024-01-25 17:00:00'),
(933, 'Budi', '8815954032', 'budi@gmail.com', 'onwycgl3', NULL, NULL, NULL, NULL, '2024-04-19 17:00:00'),
(934, 'Tono', '8647801027', 'tono@gmail.com', 'iKiew39G', NULL, NULL, NULL, NULL, '2024-02-28 17:00:00'),
(935, 'Tono', '8151902658', 'tono@gmail.com', 'TJIxll61', NULL, NULL, NULL, NULL, '2024-06-06 17:00:00'),
(936, 'Fajar', '8500466884', 'fajar@gmail.com', 'GsyEvQ2S', NULL, NULL, NULL, NULL, '2024-07-25 17:00:00'),
(937, 'Fitri', '8941621957', 'fitri@gmail.com', 'Wn5vVVCe', NULL, NULL, NULL, NULL, '2024-10-23 17:00:00'),
(938, 'Sari', '8745192803', 'sari@gmail.com', 'ajMUrG1S', NULL, NULL, NULL, NULL, '2024-08-13 17:00:00'),
(939, 'Fitri', '8174565042', 'fitri@gmail.com', 'mrnWtJyX', NULL, NULL, NULL, NULL, '2024-11-14 17:00:00'),
(940, 'Adi', '8684993339', 'adi@gmail.com', 'Kp43DMFN', NULL, NULL, NULL, NULL, '2024-07-21 17:00:00'),
(941, 'Adi', '8529694504', 'adi@gmail.com', 'ybr1iiYo', NULL, NULL, NULL, NULL, '2024-01-30 17:00:00'),
(942, 'Eka', '8234852380', 'eka@gmail.com', 'S7la2lQ2', NULL, NULL, NULL, NULL, '2024-04-15 17:00:00'),
(943, 'Sari', '8224705535', 'sari@gmail.com', 'zTPDjYuC', NULL, NULL, NULL, NULL, '2024-09-26 17:00:00'),
(944, 'Tono', '8174732060', 'tono@gmail.com', 'put1UO7p', NULL, NULL, NULL, NULL, '2024-11-29 17:00:00'),
(945, 'Joko', '8858167826', 'joko@gmail.com', 'btXCZp6M', NULL, NULL, NULL, NULL, '2024-02-02 17:00:00'),
(946, 'Dian', '8798090095', 'dian@gmail.com', 'bzxqDpxR', NULL, NULL, NULL, NULL, '2024-12-15 17:00:00'),
(947, 'Tono', '8826628609', 'tono@gmail.com', 'TDlf4o9M', NULL, NULL, NULL, NULL, '2024-10-27 17:00:00'),
(948, 'Dian', '8741629922', 'dian@gmail.com', 'c55U0FtK', NULL, NULL, NULL, NULL, '2024-12-26 17:00:00'),
(949, 'Lina', '8995196496', 'lina@gmail.com', 'mTL2E3vo', NULL, NULL, NULL, NULL, '2024-11-07 17:00:00'),
(950, 'Siti', '8772542847', 'siti@gmail.com', '63wQVNKU', NULL, NULL, NULL, NULL, '2024-01-26 17:00:00'),
(951, 'Putri', '8661428855', 'putri@gmail.com', 'cayJYTrg', NULL, NULL, NULL, NULL, '2024-04-03 17:00:00'),
(952, 'Eka', '8360115287', 'eka@gmail.com', 'VfYyegNN', NULL, NULL, NULL, NULL, '2024-11-22 17:00:00');
INSERT INTO `penyewa` (`idPenyewa`, `namaPenyewa`, `noTelepon`, `email`, `password`, `fotoJaminan`, `idKamar`, `reset_token`, `token_expiry`, `created_at`) VALUES
(953, 'Tono', '8607930846', 'tono@gmail.com', 'tTAIfjfv', NULL, NULL, NULL, NULL, '2024-09-26 17:00:00'),
(954, 'Adi', '8662437390', 'adi@gmail.com', 'LU2qOKWm', NULL, NULL, NULL, NULL, '2024-08-15 17:00:00'),
(955, 'Yuni', '8733064540', 'yuni@gmail.com', 'bu4qqQXI', NULL, NULL, NULL, NULL, '2024-07-01 17:00:00'),
(956, 'Lina', '8820544200', 'lina@gmail.com', 'wprsIGoA', NULL, NULL, NULL, NULL, '2024-05-26 17:00:00'),
(957, 'Putri', '8806217982', 'putri@gmail.com', '2a0nry0V', NULL, NULL, NULL, NULL, '2024-07-04 17:00:00'),
(958, 'Bayu', '8208468778', 'bayu@gmail.com', 'nhrdPKlE', NULL, NULL, NULL, NULL, '2024-03-03 17:00:00'),
(959, 'Siti', '8150621945', 'siti@gmail.com', 'ElN91qvy', NULL, NULL, NULL, NULL, '2024-01-05 17:00:00'),
(960, 'Fajar', '8523433302', 'fajar@gmail.com', 'aObggckU', NULL, NULL, NULL, NULL, '2024-11-02 17:00:00'),
(961, 'Budi', '8574388113', 'budi@gmail.com', '6iznz2GM', NULL, NULL, NULL, NULL, '2024-08-20 17:00:00'),
(962, 'Siti', '8172347136', 'siti@gmail.com', 'bWIEppbW', NULL, NULL, NULL, NULL, '2024-05-11 17:00:00'),
(963, 'Sari', '8988547585', 'sari@gmail.com', 'm5N6hSpg', NULL, NULL, NULL, NULL, '2024-11-05 17:00:00'),
(964, 'Hendra', '8763245770', 'hendra@gmail.com', '85hvP7Ot', NULL, NULL, NULL, NULL, '2024-12-13 17:00:00'),
(965, 'Joko', '8386911504', 'joko@gmail.com', 'MZ3BjNRf', NULL, NULL, NULL, NULL, '2024-07-14 17:00:00'),
(966, 'Putri', '8761555217', 'putri@gmail.com', 'vxy8O3nG', NULL, NULL, NULL, NULL, '2024-11-29 17:00:00'),
(967, 'Hendra', '8942873369', 'hendra@gmail.com', 'MEczmrr0', NULL, NULL, NULL, NULL, '2024-09-04 17:00:00'),
(968, 'Fitri', '8318976346', 'fitri@gmail.com', 'SqEEV18S', NULL, NULL, NULL, NULL, '2024-03-30 17:00:00'),
(969, 'Rini', '8568475942', 'rini@gmail.com', '3zTMCYe4', NULL, NULL, NULL, NULL, '2024-01-28 17:00:00'),
(970, 'Dewi', '8825854909', 'dewi@gmail.com', 'FhdxVb5X', NULL, NULL, NULL, NULL, '2024-02-01 17:00:00'),
(971, 'Lina', '8852856972', 'lina@gmail.com', 'IWFsI6O8', NULL, NULL, NULL, NULL, '2024-12-23 17:00:00'),
(972, 'Eka', '8911173312', 'eka@gmail.com', 'yQj9LIGE', NULL, NULL, NULL, NULL, '2024-10-22 17:00:00'),
(973, 'Lina', '8863155366', 'lina@gmail.com', 'shA1C76c', NULL, NULL, NULL, NULL, '2024-03-07 17:00:00'),
(974, 'Dewi', '8217984026', 'dewi@gmail.com', 'E0h8zymC', NULL, NULL, NULL, NULL, '2024-06-06 17:00:00'),
(975, 'Eka', '8622240976', 'eka@gmail.com', 'bdw95QrO', NULL, NULL, NULL, NULL, '2024-01-13 17:00:00'),
(976, 'Adi', '8669235304', 'adi@gmail.com', 'zgmPvTG4', NULL, NULL, NULL, NULL, '2024-10-12 17:00:00'),
(977, 'Hendra', '8746048428', 'hendra@gmail.com', '12C1EPsw', NULL, NULL, NULL, NULL, '2023-12-31 17:00:00'),
(978, 'Hendra', '8736008228', 'hendra@gmail.com', 'OAsxTAkA', NULL, NULL, NULL, NULL, '2024-06-02 17:00:00'),
(979, 'Sari', '8198569834', 'sari@gmail.com', 'jaUw5wfK', NULL, NULL, NULL, NULL, '2024-07-23 17:00:00'),
(980, 'Indah', '8580119093', 'indah@gmail.com', 'Znt477Vi', NULL, NULL, NULL, NULL, '2024-06-30 17:00:00'),
(981, 'Hendra', '8409714990', 'hendra@gmail.com', 'NzHmw75l', NULL, NULL, NULL, NULL, '2024-04-17 17:00:00'),
(982, 'Joko', '8788047345', 'joko@gmail.com', 'mno1zYvX', NULL, NULL, NULL, NULL, '2024-04-17 17:00:00'),
(983, 'Hendra', '8693684433', 'hendra@gmail.com', 'K07uuM7r', NULL, NULL, NULL, NULL, '2024-05-12 17:00:00'),
(984, 'Rini', '8246616692', 'rini@gmail.com', 'd84ei5By', NULL, NULL, NULL, NULL, '2024-02-17 17:00:00'),
(985, 'Eka', '8178164419', 'eka@gmail.com', 'wnxBZmdy', NULL, NULL, NULL, NULL, '2024-06-24 17:00:00'),
(986, 'Adi', '8427043418', 'adi@gmail.com', 'S8GsV7yY', NULL, NULL, NULL, NULL, '2024-04-04 17:00:00'),
(987, 'Rini', '8864219559', 'rini@gmail.com', 'G1xMMHxj', NULL, NULL, NULL, NULL, '2024-02-09 17:00:00'),
(988, 'Tono', '8223902212', 'tono@gmail.com', 'kcBU2wOm', NULL, NULL, NULL, NULL, '2024-05-21 17:00:00'),
(989, 'Siti', '8895953258', 'siti@gmail.com', 'LzV9fVfS', NULL, NULL, NULL, NULL, '2024-03-14 17:00:00'),
(990, 'Siti', '8716797140', 'siti@gmail.com', '3ZP8kibQ', NULL, NULL, NULL, NULL, '2024-02-14 17:00:00'),
(991, 'Dian', '8197416267', 'dian@gmail.com', 'RNgM9Mcs', NULL, NULL, NULL, NULL, '2024-09-28 17:00:00'),
(992, 'Sari', '8195337776', 'sari@gmail.com', 'ZJ6YLGIo', NULL, NULL, NULL, NULL, '2024-06-19 17:00:00'),
(993, 'Fitri', '8488706618', 'fitri@gmail.com', 'UjM2H9rB', NULL, NULL, NULL, NULL, '2024-06-07 17:00:00'),
(994, 'Yuni', '8198534736', 'yuni@gmail.com', 'FPf8BWAE', NULL, NULL, NULL, NULL, '2024-03-01 17:00:00'),
(995, 'Hendra', '8875741666', 'hendra@gmail.com', 'CGEYZE3t', NULL, NULL, NULL, NULL, '2024-09-09 17:00:00'),
(996, 'Rini', '8255670027', 'rini@gmail.com', 'gIgLJ2PR', NULL, NULL, NULL, NULL, '2024-04-14 17:00:00'),
(997, 'Lina', '8652616119', 'lina@gmail.com', 'zyS5UlRv', NULL, NULL, NULL, NULL, '2024-05-31 17:00:00'),
(998, 'Joko', '8281134556', 'joko@gmail.com', 'vKITyrBS', NULL, NULL, NULL, NULL, '2024-03-19 17:00:00'),
(999, 'Bayu', '8409900136', 'bayu@gmail.com', 'BZhcHcL8', NULL, NULL, NULL, NULL, '2024-03-16 17:00:00'),
(1000, 'Budi', '8391958304', 'budi@gmail.com', 'evjivPoM', NULL, NULL, NULL, NULL, '2024-09-01 17:00:00'),
(1001, 'Yuni', '8241767327', 'yuni@gmail.com', 'J0QGEWLc', NULL, NULL, NULL, NULL, '2024-10-13 17:00:00'),
(1002, 'Dian', '8959720560', 'dian@gmail.com', 'ZjwexQpI', NULL, NULL, NULL, NULL, '2024-10-26 17:00:00'),
(1003, 'Yuni', '8904606608', 'yuni@gmail.com', '0VIKlpDP', NULL, NULL, NULL, NULL, '2024-02-20 17:00:00'),
(1004, 'Hendra', '8997402379', 'hendra@gmail.com', 'r1DWuaRb', NULL, NULL, NULL, NULL, '2024-08-23 17:00:00'),
(1005, 'Indah', '8859579852', 'indah@gmail.com', 'p4Glg3vD', NULL, NULL, NULL, NULL, '2024-03-01 17:00:00'),
(1006, 'Ainur Rohmat', '083645334275', 'ainur@gmail.com', '$2y$10$ey2n2pQSPSIqvENirTQVouIoVllbMxyidiS6OGSS0FSioQMK4qwAa', NULL, NULL, NULL, NULL, '2024-12-09 15:07:41');

-- --------------------------------------------------------

--
-- Struktur dari tabel `pesan`
--

CREATE TABLE `pesan` (
  `idPesan` int NOT NULL,
  `idPenyewa` int DEFAULT NULL,
  `subject` varchar(255) DEFAULT NULL,
  `message` text,
  `created_at` timestamp NULL DEFAULT CURRENT_TIMESTAMP,
  `read` enum('Belum Dibaca','Sudah Dibaca') NOT NULL DEFAULT 'Belum Dibaca'
) ENGINE=InnoDB DEFAULT CHARSET=utf8mb4 COLLATE=utf8mb4_0900_ai_ci;

--
-- Dumping data untuk tabel `pesan`
--

INSERT INTO `pesan` (`idPesan`, `idPenyewa`, `subject`, `message`, `created_at`, `read`) VALUES
(2, 1, 'Keluar Kost', 'ingin pindah kost', '2024-12-10 11:58:01', 'Sudah Dibaca');

--
-- Indexes for dumped tables
--

--
-- Indeks untuk tabel `admin`
--
ALTER TABLE `admin`
  ADD PRIMARY KEY (`idAdmin`);

--
-- Indeks untuk tabel `blok`
--
ALTER TABLE `blok`
  ADD PRIMARY KEY (`idBlok`);

--
-- Indeks untuk tabel `fasilitas`
--
ALTER TABLE `fasilitas`
  ADD PRIMARY KEY (`idFasilitas`);

--
-- Indeks untuk tabel `kamar`
--
ALTER TABLE `kamar`
  ADD PRIMARY KEY (`idKamar`),
  ADD KEY `fk_kamar_blok` (`idBlok`);

--
-- Indeks untuk tabel `kamar_fasilitas`
--
ALTER TABLE `kamar_fasilitas`
  ADD PRIMARY KEY (`id`),
  ADD KEY `idKamar` (`idKamar`),
  ADD KEY `idFasilitas` (`idFasilitas`);

--
-- Indeks untuk tabel `pembayaran`
--
ALTER TABLE `pembayaran`
  ADD PRIMARY KEY (`idPembayaran`),
  ADD KEY `fk_idPenyewa` (`idPenyewa`),
  ADD KEY `fk_pembayaran_pemesanan` (`id_pemesanan`);

--
-- Indeks untuk tabel `pemesanan`
--
ALTER TABLE `pemesanan`
  ADD PRIMARY KEY (`id_pemesanan`),
  ADD KEY `fk_id_penyewa` (`id_penyewa`),
  ADD KEY `fk_pemesanan_kamar` (`idKamar`);

--
-- Indeks untuk tabel `penyewa`
--
ALTER TABLE `penyewa`
  ADD PRIMARY KEY (`idPenyewa`),
  ADD KEY `fk_idKamar` (`idKamar`);

--
-- Indeks untuk tabel `pesan`
--
ALTER TABLE `pesan`
  ADD PRIMARY KEY (`idPesan`),
  ADD KEY `idPenyewa` (`idPenyewa`);

--
-- AUTO_INCREMENT untuk tabel yang dibuang
--

--
-- AUTO_INCREMENT untuk tabel `admin`
--
ALTER TABLE `admin`
  MODIFY `idAdmin` int NOT NULL AUTO_INCREMENT, AUTO_INCREMENT=5;

--
-- AUTO_INCREMENT untuk tabel `blok`
--
ALTER TABLE `blok`
  MODIFY `idBlok` int NOT NULL AUTO_INCREMENT, AUTO_INCREMENT=10;

--
-- AUTO_INCREMENT untuk tabel `fasilitas`
--
ALTER TABLE `fasilitas`
  MODIFY `idFasilitas` int NOT NULL AUTO_INCREMENT, AUTO_INCREMENT=4;

--
-- AUTO_INCREMENT untuk tabel `kamar`
--
ALTER TABLE `kamar`
  MODIFY `idKamar` int NOT NULL AUTO_INCREMENT, AUTO_INCREMENT=107;

--
-- AUTO_INCREMENT untuk tabel `kamar_fasilitas`
--
ALTER TABLE `kamar_fasilitas`
  MODIFY `id` int NOT NULL AUTO_INCREMENT, AUTO_INCREMENT=255;

--
-- AUTO_INCREMENT untuk tabel `pembayaran`
--
ALTER TABLE `pembayaran`
  MODIFY `idPembayaran` int NOT NULL AUTO_INCREMENT, AUTO_INCREMENT=19;

--
-- AUTO_INCREMENT untuk tabel `pemesanan`
--
ALTER TABLE `pemesanan`
  MODIFY `id_pemesanan` int NOT NULL AUTO_INCREMENT, AUTO_INCREMENT=1028;

--
-- AUTO_INCREMENT untuk tabel `penyewa`
--
ALTER TABLE `penyewa`
  MODIFY `idPenyewa` int NOT NULL AUTO_INCREMENT, AUTO_INCREMENT=1007;

--
-- AUTO_INCREMENT untuk tabel `pesan`
--
ALTER TABLE `pesan`
  MODIFY `idPesan` int NOT NULL AUTO_INCREMENT, AUTO_INCREMENT=3;

--
-- Ketidakleluasaan untuk tabel pelimpahan (Dumped Tables)
--

--
-- Ketidakleluasaan untuk tabel `kamar`
--
ALTER TABLE `kamar`
  ADD CONSTRAINT `fk_kamar_blok` FOREIGN KEY (`idBlok`) REFERENCES `blok` (`idBlok`) ON DELETE CASCADE ON UPDATE CASCADE;

--
-- Ketidakleluasaan untuk tabel `kamar_fasilitas`
--
ALTER TABLE `kamar_fasilitas`
  ADD CONSTRAINT `kamar_fasilitas_ibfk_1` FOREIGN KEY (`idKamar`) REFERENCES `kamar` (`idKamar`),
  ADD CONSTRAINT `kamar_fasilitas_ibfk_2` FOREIGN KEY (`idFasilitas`) REFERENCES `fasilitas` (`idFasilitas`);

--
-- Ketidakleluasaan untuk tabel `pembayaran`
--
ALTER TABLE `pembayaran`
  ADD CONSTRAINT `fk_idPenyewa` FOREIGN KEY (`idPenyewa`) REFERENCES `penyewa` (`idPenyewa`) ON DELETE CASCADE ON UPDATE CASCADE,
  ADD CONSTRAINT `fk_pembayaran_pemesanan` FOREIGN KEY (`id_pemesanan`) REFERENCES `pemesanan` (`id_pemesanan`);

--
-- Ketidakleluasaan untuk tabel `pemesanan`
--
ALTER TABLE `pemesanan`
  ADD CONSTRAINT `fk_id_penyewa` FOREIGN KEY (`id_penyewa`) REFERENCES `penyewa` (`idPenyewa`) ON DELETE CASCADE ON UPDATE CASCADE,
  ADD CONSTRAINT `fk_pemesanan_kamar` FOREIGN KEY (`idKamar`) REFERENCES `kamar` (`idKamar`);

--
-- Ketidakleluasaan untuk tabel `penyewa`
--
ALTER TABLE `penyewa`
  ADD CONSTRAINT `fk_idKamar` FOREIGN KEY (`idKamar`) REFERENCES `kamar` (`idKamar`) ON DELETE CASCADE ON UPDATE CASCADE;

--
-- Ketidakleluasaan untuk tabel `pesan`
--
ALTER TABLE `pesan`
  ADD CONSTRAINT `pesan_ibfk_1` FOREIGN KEY (`idPenyewa`) REFERENCES `penyewa` (`idPenyewa`) ON DELETE CASCADE ON UPDATE CASCADE;

DELIMITER $$
--
-- Event
--
CREATE DEFINER=`root`@`localhost` EVENT `update_status_pemesanan` ON SCHEDULE EVERY 1 HOUR STARTS '2024-12-11 09:05:04' ON COMPLETION NOT PRESERVE ENABLE DO BEGIN
    -- Kondisi 1: Perpanjangan waktu pembayaran
    UPDATE pembayaran
    INNER JOIN pemesanan ON pembayaran.id_pemesanan = pemesanan.id_pemesanan
    SET pembayaran.StatusPembayaran = 'Belum Lunas',
        pemesanan.status = 'Menunggu Pembayaran',
        pemesanan.tenggat_uang_muka = DATE_ADD(NOW(), INTERVAL 3 DAY),
        pembayaran.jatuh_tempo = DATEDIFF(NOW(), pemesanan.batas_menempati_kos)
    WHERE pemesanan.batas_menempati_kos < NOW()
    AND pemesanan.status NOT IN ('Dibatalkan', 'Keluar');
    -- Kondisi 2: Pembatalan pemesanan
    UPDATE pemesanan
    INNER JOIN kamar ON pemesanan.idKamar = kamar.idKamar
    SET pemesanan.status = 'Dibatalkan',
        kamar.status = 'Tersedia'
    WHERE pemesanan.tenggat_uang_muka < NOW()
    AND pemesanan.status = 'Menunggu Pembayaran'; 
END$$

DELIMITER ;
COMMIT;

/*!40101 SET CHARACTER_SET_CLIENT=@OLD_CHARACTER_SET_CLIENT */;
/*!40101 SET CHARACTER_SET_RESULTS=@OLD_CHARACTER_SET_RESULTS */;
/*!40101 SET COLLATION_CONNECTION=@OLD_COLLATION_CONNECTION */;
